solid ASCII
  facet normal 1.575523e-03 1.575523e-03 9.999975e-01
    outer loop
      vertex   -4.119790e+01 3.678369e+01 2.057500e+02
      vertex   -4.119181e+01 3.678390e+01 2.057500e+02
      vertex   -4.841421e+01 4.400000e+01 2.057500e+02
    endloop
  endfacet
  facet normal 6.930830e-02 6.936746e-02 9.951806e-01
    outer loop
      vertex   -4.841421e+01 4.400000e+01 2.057500e+02
      vertex   -4.119181e+01 3.678390e+01 2.057500e+02
      vertex   -4.813831e+01 4.400000e+01 2.057308e+02
    endloop
  endfacet
  facet normal 1.067190e-01 1.053632e-01 9.886909e-01
    outer loop
      vertex   -4.813831e+01 4.400000e+01 2.057308e+02
      vertex   -4.119181e+01 3.678390e+01 2.057500e+02
      vertex   -4.430629e+01 4.025811e+01 2.057159e+02
    endloop
  endfacet
  facet normal 2.052140e-01 2.063575e-01 9.567151e-01
    outer loop
      vertex   -4.813831e+01 4.400000e+01 2.057308e+02
      vertex   -4.430629e+01 4.025811e+01 2.057159e+02
      vertex   -4.787302e+01 4.400000e+01 2.056739e+02
    endloop
  endfacet
  facet normal 2.717682e-01 2.694271e-01 9.238783e-01
    outer loop
      vertex   -4.787302e+01 4.400000e+01 2.056739e+02
      vertex   -4.430629e+01 4.025811e+01 2.057159e+02
      vertex   -4.413575e+01 4.042865e+01 2.056160e+02
    endloop
  endfacet
  facet normal 3.331945e-01 3.343924e-01 8.815686e-01
    outer loop
      vertex   -4.787302e+01 4.400000e+01 2.056739e+02
      vertex   -4.413575e+01 4.042865e+01 2.056160e+02
      vertex   -4.762852e+01 4.400000e+01 2.055815e+02
    endloop
  endfacet
  facet normal 4.313670e-01 4.295510e-01 7.933527e-01
    outer loop
      vertex   -4.762852e+01 4.400000e+01 2.055815e+02
      vertex   -4.413575e+01 4.042865e+01 2.056160e+02
      vertex   -4.398931e+01 4.057509e+01 2.054571e+02
    endloop
  endfacet
  facet normal 4.485838e-01 4.485838e-01 7.730105e-01
    outer loop
      vertex   -4.762852e+01 4.400000e+01 2.055815e+02
      vertex   -4.398931e+01 4.057509e+01 2.054571e+02
      vertex   -4.741421e+01 4.400000e+01 2.054571e+02
    endloop
  endfacet
  facet normal 5.466009e-01 5.466009e-01 6.343933e-01
    outer loop
      vertex   -4.741421e+01 4.400000e+01 2.054571e+02
      vertex   -4.398931e+01 4.057509e+01 2.054571e+02
      vertex   -4.723834e+01 4.400000e+01 2.053056e+02
    endloop
  endfacet
  facet normal 5.619461e-01 5.600239e-01 6.087609e-01
    outer loop
      vertex   -4.723834e+01 4.400000e+01 2.053056e+02
      vertex   -4.398931e+01 4.057509e+01 2.054571e+02
      vertex   -4.387694e+01 4.068747e+01 2.052500e+02
    endloop
  endfacet
  facet normal 6.231101e-01 6.244011e-01 4.710170e-01
    outer loop
      vertex   -4.723834e+01 4.400000e+01 2.053056e+02
      vertex   -4.387694e+01 4.068747e+01 2.052500e+02
      vertex   -4.710765e+01 4.400000e+01 2.051327e+02
    endloop
  endfacet
  facet normal 6.545878e-01 6.519729e-01 3.826828e-01
    outer loop
      vertex   -4.710765e+01 4.400000e+01 2.051327e+02
      vertex   -4.387694e+01 4.068747e+01 2.052500e+02
      vertex   -4.380629e+01 4.075811e+01 2.050088e+02
    endloop
  endfacet
  facet normal 6.760548e-01 6.773738e-01 2.900255e-01
    outer loop
      vertex   -4.710765e+01 4.400000e+01 2.051327e+02
      vertex   -4.380629e+01 4.075811e+01 2.050088e+02
      vertex   -4.702717e+01 4.400000e+01 2.049451e+02
    endloop
  endfacet
  facet normal 7.002609e-01 6.986094e-01 1.468999e-01
    outer loop
      vertex   -4.702717e+01 4.400000e+01 2.049451e+02
      vertex   -4.380629e+01 4.075811e+01 2.050088e+02
      vertex   -4.700681e+01 4.400000e+01 2.048480e+02
    endloop
  endfacet
  facet normal 7.095450e-01 7.029337e-01 4.929624e-02
    outer loop
      vertex   -4.700681e+01 4.400000e+01 2.048480e+02
      vertex   -4.380629e+01 4.075811e+01 2.050088e+02
      vertex   -4.700000e+01 4.400000e+01 2.047500e+02
    endloop
  endfacet
  facet normal 6.985406e-01 7.000072e-01 1.484284e-01
    outer loop
      vertex   -4.700000e+01 4.400000e+01 2.047500e+02
      vertex   -4.380629e+01 4.075811e+01 2.050088e+02
      vertex   -3.986586e+01 3.685666e+01 2.048639e+02
    endloop
  endfacet
  facet normal 7.059556e-01 7.059556e-01 5.703752e-02
    outer loop
      vertex   -4.700000e+01 4.400000e+01 2.047500e+02
      vertex   -3.986586e+01 3.685666e+01 2.048639e+02
      vertex   -3.985729e+01 3.685729e+01 2.047500e+02
    endloop
  endfacet
  facet normal 6.332085e-02 6.652800e-02 9.957733e-01
    outer loop
      vertex   -4.119181e+01 3.678390e+01 2.057500e+02
      vertex   -4.096046e+01 3.679286e+01 2.057347e+02
      vertex   -4.430629e+01 4.025811e+01 2.057159e+02
    endloop
  endfacet
  facet normal 1.834655e-01 1.823710e-01 9.659613e-01
    outer loop
      vertex   -4.430629e+01 4.025811e+01 2.057159e+02
      vertex   -4.096046e+01 3.679286e+01 2.057347e+02
      vertex   -4.073331e+01 3.680322e+01 2.056896e+02
    endloop
  endfacet
  facet normal 2.695137e-01 2.716817e-01 9.238784e-01
    outer loop
      vertex   -4.430629e+01 4.025811e+01 2.057159e+02
      vertex   -4.073331e+01 3.680322e+01 2.056896e+02
      vertex   -4.413575e+01 4.042865e+01 2.056160e+02
    endloop
  endfacet
  facet normal 3.007637e-01 3.006282e-01 9.050767e-01
    outer loop
      vertex   -4.413575e+01 4.042865e+01 2.056160e+02
      vertex   -4.073331e+01 3.680322e+01 2.056896e+02
      vertex   -4.051483e+01 3.681465e+01 2.056132e+02
    endloop
  endfacet
  facet normal 4.125928e-01 4.127446e-01 8.120401e-01
    outer loop
      vertex   -4.413575e+01 4.042865e+01 2.056160e+02
      vertex   -4.051483e+01 3.681465e+01 2.056132e+02
      vertex   -4.031148e+01 3.682653e+01 2.055038e+02
    endloop
  endfacet
  facet normal 4.295686e-01 4.313494e-01 7.933527e-01
    outer loop
      vertex   -4.413575e+01 4.042865e+01 2.056160e+02
      vertex   -4.031148e+01 3.682653e+01 2.055038e+02
      vertex   -4.398931e+01 4.057509e+01 2.054571e+02
    endloop
  endfacet
  facet normal 5.153123e-01 5.141329e-01 6.856534e-01
    outer loop
      vertex   -4.398931e+01 4.057509e+01 2.054571e+02
      vertex   -4.031148e+01 3.682653e+01 2.055038e+02
      vertex   -4.013169e+01 3.683801e+01 2.053601e+02
    endloop
  endfacet
  facet normal 5.598580e-01 5.621116e-01 6.087607e-01
    outer loop
      vertex   -4.398931e+01 4.057509e+01 2.054571e+02
      vertex   -4.013169e+01 3.683801e+01 2.053601e+02
      vertex   -4.387694e+01 4.068747e+01 2.052500e+02
    endloop
  endfacet
  facet normal 6.027189e-01 6.014010e-01 5.244490e-01
    outer loop
      vertex   -4.387694e+01 4.068747e+01 2.052500e+02
      vertex   -4.013169e+01 3.683801e+01 2.053601e+02
      vertex   -3.998694e+01 3.684792e+01 2.051824e+02
    endloop
  endfacet
  facet normal 6.524705e-01 6.543103e-01 3.823091e-01
    outer loop
      vertex   -4.387694e+01 4.068747e+01 2.052500e+02
      vertex   -3.998694e+01 3.684792e+01 2.051824e+02
      vertex   -3.993203e+01 3.685184e+01 2.050820e+02
    endloop
  endfacet
  facet normal 6.523707e-01 6.541912e-01 3.826831e-01
    outer loop
      vertex   -4.387694e+01 4.068747e+01 2.052500e+02
      vertex   -3.993203e+01 3.685184e+01 2.050820e+02
      vertex   -4.380629e+01 4.075811e+01 2.050088e+02
    endloop
  endfacet
  facet normal 6.792142e-01 6.788719e-01 2.789282e-01
    outer loop
      vertex   -4.380629e+01 4.075811e+01 2.050088e+02
      vertex   -3.993203e+01 3.685184e+01 2.050820e+02
      vertex   -3.989105e+01 3.685481e+01 2.049749e+02
    endloop
  endfacet
  facet normal 6.965302e-01 6.971893e-01 1.696256e-01
    outer loop
      vertex   -4.380629e+01 4.075811e+01 2.050088e+02
      vertex   -3.989105e+01 3.685481e+01 2.049749e+02
      vertex   -3.986586e+01 3.685666e+01 2.048639e+02
    endloop
  endfacet
  facet normal 1.684483e-03 -1.534471e-03 9.999974e-01
    outer loop
      vertex   -4.119790e+01 3.678369e+01 2.057500e+02
      vertex   -4.154284e+01 3.640503e+01 2.057500e+02
      vertex   -4.119181e+01 3.678390e+01 2.057500e+02
    endloop
  endfacet
  facet normal 6.833780e-02 -6.328903e-02 9.956528e-01
    outer loop
      vertex   -4.119181e+01 3.678390e+01 2.057500e+02
      vertex   -4.154284e+01 3.640503e+01 2.057500e+02
      vertex   -4.096046e+01 3.679286e+01 2.057347e+02
    endloop
  endfacet
  facet normal 9.706297e-02 -1.066654e-01 9.895460e-01
    outer loop
      vertex   -4.096046e+01 3.679286e+01 2.057347e+02
      vertex   -4.154284e+01 3.640503e+01 2.057500e+02
      vertex   -4.115628e+01 3.644068e+01 2.057159e+02
    endloop
  endfacet
  facet normal 1.992863e-01 -1.622725e-01 9.664122e-01
    outer loop
      vertex   -4.096046e+01 3.679286e+01 2.057347e+02
      vertex   -4.115628e+01 3.644068e+01 2.057159e+02
      vertex   -4.073331e+01 3.680322e+01 2.056896e+02
    endloop
  endfacet
  facet normal 2.806064e-01 -2.602376e-01 9.238704e-01
    outer loop
      vertex   -4.073331e+01 3.680322e+01 2.056896e+02
      vertex   -4.115628e+01 3.644068e+01 2.057159e+02
      vertex   -4.097754e+01 3.627875e+01 2.056160e+02
    endloop
  endfacet
  facet normal 3.298806e-01 -2.800497e-01 9.015270e-01
    outer loop
      vertex   -4.073331e+01 3.680322e+01 2.056896e+02
      vertex   -4.097754e+01 3.627875e+01 2.056160e+02
      vertex   -4.051483e+01 3.681465e+01 2.056132e+02
    endloop
  endfacet
  facet normal 4.629685e-01 -3.955354e-01 7.932288e-01
    outer loop
      vertex   -4.051483e+01 3.681465e+01 2.056132e+02
      vertex   -4.097754e+01 3.627875e+01 2.056160e+02
      vertex   -4.082406e+01 3.613969e+01 2.054571e+02
    endloop
  endfacet
  facet normal 4.532864e-01 -3.927102e-01 8.001938e-01
    outer loop
      vertex   -4.051483e+01 3.681465e+01 2.056132e+02
      vertex   -4.082406e+01 3.613969e+01 2.054571e+02
      vertex   -4.031148e+01 3.682653e+01 2.055038e+02
    endloop
  endfacet
  facet normal 5.691218e-01 -4.705926e-01 6.742722e-01
    outer loop
      vertex   -4.031148e+01 3.682653e+01 2.055038e+02
      vertex   -4.082406e+01 3.613969e+01 2.054571e+02
      vertex   -4.013169e+01 3.683801e+01 2.053601e+02
    endloop
  endfacet
  facet normal 6.041389e-01 -5.144377e-01 6.085804e-01
    outer loop
      vertex   -4.013169e+01 3.683801e+01 2.053601e+02
      vertex   -4.082406e+01 3.613969e+01 2.054571e+02
      vertex   -4.070629e+01 3.603299e+01 2.052500e+02
    endloop
  endfacet
  facet normal 6.649371e-01 -5.445205e-01 5.112299e-01
    outer loop
      vertex   -4.013169e+01 3.683801e+01 2.053601e+02
      vertex   -4.070629e+01 3.603299e+01 2.052500e+02
      vertex   -3.998694e+01 3.684792e+01 2.051824e+02
    endloop
  endfacet
  facet normal 7.082292e-01 -5.934238e-01 3.824390e-01
    outer loop
      vertex   -3.998694e+01 3.684792e+01 2.051824e+02
      vertex   -4.070629e+01 3.603299e+01 2.052500e+02
      vertex   -4.063225e+01 3.596592e+01 2.050088e+02
    endloop
  endfacet
  facet normal 7.145981e-01 -5.951637e-01 3.675999e-01
    outer loop
      vertex   -3.998694e+01 3.684792e+01 2.051824e+02
      vertex   -4.063225e+01 3.596592e+01 2.050088e+02
      vertex   -3.993203e+01 3.685184e+01 2.050820e+02
    endloop
  endfacet
  facet normal 7.448818e-01 -6.108965e-01 2.682472e-01
    outer loop
      vertex   -3.993203e+01 3.685184e+01 2.050820e+02
      vertex   -4.063225e+01 3.596592e+01 2.050088e+02
      vertex   -3.989105e+01 3.685481e+01 2.049749e+02
    endloop
  endfacet
  facet normal 7.602914e-01 -6.275797e-01 1.676328e-01
    outer loop
      vertex   -3.989105e+01 3.685481e+01 2.049749e+02
      vertex   -4.063225e+01 3.596592e+01 2.050088e+02
      vertex   -4.041118e+01 3.616461e+01 2.047500e+02
    endloop
  endfacet
  facet normal 7.618630e-01 -6.270535e-01 1.623844e-01
    outer loop
      vertex   -3.989105e+01 3.685481e+01 2.049749e+02
      vertex   -4.041118e+01 3.616461e+01 2.047500e+02
      vertex   -3.986586e+01 3.685666e+01 2.048639e+02
    endloop
  endfacet
  facet normal 7.798239e-01 -6.235628e-01 5.517324e-02
    outer loop
      vertex   -3.986586e+01 3.685666e+01 2.048639e+02
      vertex   -4.041118e+01 3.616461e+01 2.047500e+02
      vertex   -3.985729e+01 3.685729e+01 2.047500e+02
    endloop
  endfacet
  facet normal 9.619971e-02 -9.619971e-02 9.907024e-01
    outer loop
      vertex   -4.115628e+01 3.644068e+01 2.057159e+02
      vertex   -4.154284e+01 3.640503e+01 2.057500e+02
      vertex   -4.194068e+01 3.565628e+01 2.057159e+02
    endloop
  endfacet
  facet normal 9.619971e-02 -9.619971e-02 9.907024e-01
    outer loop
      vertex   -4.194068e+01 3.565628e+01 2.057159e+02
      vertex   -4.154284e+01 3.640503e+01 2.057500e+02
      vertex   -4.190503e+01 3.604284e+01 2.057500e+02
    endloop
  endfacet
  facet normal 1.066654e-01 -9.706297e-02 9.895460e-01
    outer loop
      vertex   -4.194068e+01 3.565628e+01 2.057159e+02
      vertex   -4.190503e+01 3.604284e+01 2.057500e+02
      vertex   -4.229286e+01 3.546046e+01 2.057347e+02
    endloop
  endfacet
  facet normal 6.328903e-02 -6.833780e-02 9.956528e-01
    outer loop
      vertex   -4.229286e+01 3.546046e+01 2.057347e+02
      vertex   -4.190503e+01 3.604284e+01 2.057500e+02
      vertex   -4.228390e+01 3.569181e+01 2.057500e+02
    endloop
  endfacet
  facet normal 1.534471e-03 -1.684483e-03 9.999974e-01
    outer loop
      vertex   -4.228390e+01 3.569181e+01 2.057500e+02
      vertex   -4.190503e+01 3.604284e+01 2.057500e+02
      vertex   -4.228369e+01 3.569790e+01 2.057500e+02
    endloop
  endfacet
  facet normal 1.622725e-01 -1.992863e-01 9.664122e-01
    outer loop
      vertex   -4.229286e+01 3.546046e+01 2.057347e+02
      vertex   -4.230322e+01 3.523331e+01 2.056896e+02
      vertex   -4.194068e+01 3.565628e+01 2.057159e+02
    endloop
  endfacet
  facet normal 2.602376e-01 -2.806064e-01 9.238704e-01
    outer loop
      vertex   -4.194068e+01 3.565628e+01 2.057159e+02
      vertex   -4.230322e+01 3.523331e+01 2.056896e+02
      vertex   -4.177875e+01 3.547754e+01 2.056160e+02
    endloop
  endfacet
  facet normal 2.708788e-01 -2.708788e-01 9.237150e-01
    outer loop
      vertex   -4.194068e+01 3.565628e+01 2.057159e+02
      vertex   -4.177875e+01 3.547754e+01 2.056160e+02
      vertex   -4.115628e+01 3.644068e+01 2.057159e+02
    endloop
  endfacet
  facet normal 2.708788e-01 -2.708788e-01 9.237150e-01
    outer loop
      vertex   -4.115628e+01 3.644068e+01 2.057159e+02
      vertex   -4.177875e+01 3.547754e+01 2.056160e+02
      vertex   -4.097754e+01 3.627875e+01 2.056160e+02
    endloop
  endfacet
  facet normal 2.800497e-01 -3.298806e-01 9.015270e-01
    outer loop
      vertex   -4.230322e+01 3.523331e+01 2.056896e+02
      vertex   -4.231465e+01 3.501483e+01 2.056132e+02
      vertex   -4.177875e+01 3.547754e+01 2.056160e+02
    endloop
  endfacet
  facet normal 3.877910e-01 -4.540538e-01 8.021554e-01
    outer loop
      vertex   -4.177875e+01 3.547754e+01 2.056160e+02
      vertex   -4.231465e+01 3.501483e+01 2.056132e+02
      vertex   -4.232653e+01 3.481148e+01 2.055038e+02
    endloop
  endfacet
  facet normal 3.978985e-01 -4.608695e-01 7.932693e-01
    outer loop
      vertex   -4.177875e+01 3.547754e+01 2.056160e+02
      vertex   -4.232653e+01 3.481148e+01 2.055038e+02
      vertex   -4.163969e+01 3.532406e+01 2.054571e+02
    endloop
  endfacet
  facet normal 4.705926e-01 -5.691218e-01 6.742722e-01
    outer loop
      vertex   -4.163969e+01 3.532406e+01 2.054571e+02
      vertex   -4.232653e+01 3.481148e+01 2.055038e+02
      vertex   -4.233801e+01 3.463169e+01 2.053601e+02
    endloop
  endfacet
  facet normal 5.144377e-01 -6.041389e-01 6.085804e-01
    outer loop
      vertex   -4.163969e+01 3.532406e+01 2.054571e+02
      vertex   -4.233801e+01 3.463169e+01 2.053601e+02
      vertex   -4.153299e+01 3.520629e+01 2.052500e+02
    endloop
  endfacet
  facet normal 5.445205e-01 -6.649371e-01 5.112299e-01
    outer loop
      vertex   -4.153299e+01 3.520629e+01 2.052500e+02
      vertex   -4.233801e+01 3.463169e+01 2.053601e+02
      vertex   -4.234792e+01 3.448694e+01 2.051824e+02
    endloop
  endfacet
  facet normal 5.934238e-01 -7.082292e-01 3.824390e-01
    outer loop
      vertex   -4.153299e+01 3.520629e+01 2.052500e+02
      vertex   -4.234792e+01 3.448694e+01 2.051824e+02
      vertex   -4.146592e+01 3.513225e+01 2.050088e+02
    endloop
  endfacet
  facet normal 5.996889e-01 -7.337738e-01 3.192949e-01
    outer loop
      vertex   -4.146592e+01 3.513225e+01 2.050088e+02
      vertex   -4.234792e+01 3.448694e+01 2.051824e+02
      vertex   -4.235481e+01 3.439105e+01 2.049749e+02
    endloop
  endfacet
  facet normal 6.275797e-01 -7.602914e-01 1.676328e-01
    outer loop
      vertex   -4.146592e+01 3.513225e+01 2.050088e+02
      vertex   -4.235481e+01 3.439105e+01 2.049749e+02
      vertex   -4.166461e+01 3.491118e+01 2.047500e+02
    endloop
  endfacet
  facet normal 6.207486e-01 -7.763045e-01 1.096470e-01
    outer loop
      vertex   -4.166461e+01 3.491118e+01 2.047500e+02
      vertex   -4.235481e+01 3.439105e+01 2.049749e+02
      vertex   -4.235729e+01 3.435729e+01 2.047500e+02
    endloop
  endfacet
  facet normal 9.973416e-01 -7.286779e-02 -8.562382e-05
    outer loop
      vertex   -4.235729e+01 3.435729e+01 2.047500e+02
      vertex   -4.235481e+01 3.439105e+01 2.049749e+02
      vertex   -4.235666e+01 3.436586e+01 2.048639e+02
    endloop
  endfacet
  facet normal 9.976790e-01 -6.807334e-02 -1.646659e-03
    outer loop
      vertex   -4.234792e+01 3.448694e+01 2.051824e+02
      vertex   -4.235184e+01 3.443203e+01 2.050820e+02
      vertex   -4.235481e+01 3.439105e+01 2.049749e+02
    endloop
  endfacet
  facet normal 6.768777e-01 -7.288617e-01 1.029424e-01
    outer loop
      vertex   -4.166461e+01 3.491118e+01 2.047500e+02
      vertex   -4.101472e+01 3.551472e+01 2.047500e+02
      vertex   -4.146592e+01 3.513225e+01 2.050088e+02
    endloop
  endfacet
  facet normal 6.949592e-01 -6.949592e-01 1.845628e-01
    outer loop
      vertex   -4.146592e+01 3.513225e+01 2.050088e+02
      vertex   -4.101472e+01 3.551472e+01 2.047500e+02
      vertex   -4.063225e+01 3.596592e+01 2.050088e+02
    endloop
  endfacet
  facet normal 6.533976e-01 -6.533976e-01 3.822867e-01
    outer loop
      vertex   -4.146592e+01 3.513225e+01 2.050088e+02
      vertex   -4.063225e+01 3.596592e+01 2.050088e+02
      vertex   -4.070629e+01 3.603299e+01 2.052500e+02
    endloop
  endfacet
  facet normal 7.288617e-01 -6.768777e-01 1.029424e-01
    outer loop
      vertex   -4.101472e+01 3.551472e+01 2.047500e+02
      vertex   -4.041118e+01 3.616461e+01 2.047500e+02
      vertex   -4.063225e+01 3.596592e+01 2.050088e+02
    endloop
  endfacet
  facet normal 4.307885e-01 -4.307885e-01 7.929959e-01
    outer loop
      vertex   -4.177875e+01 3.547754e+01 2.056160e+02
      vertex   -4.163969e+01 3.532406e+01 2.054571e+02
      vertex   -4.097754e+01 3.627875e+01 2.056160e+02
    endloop
  endfacet
  facet normal 4.307885e-01 -4.307885e-01 7.929959e-01
    outer loop
      vertex   -4.097754e+01 3.627875e+01 2.056160e+02
      vertex   -4.163969e+01 3.532406e+01 2.054571e+02
      vertex   -4.082406e+01 3.613969e+01 2.054571e+02
    endloop
  endfacet
  facet normal 5.612380e-01 -5.612380e-01 6.082959e-01
    outer loop
      vertex   -4.163969e+01 3.532406e+01 2.054571e+02
      vertex   -4.153299e+01 3.520629e+01 2.052500e+02
      vertex   -4.082406e+01 3.613969e+01 2.054571e+02
    endloop
  endfacet
  facet normal 5.612380e-01 -5.612380e-01 6.082959e-01
    outer loop
      vertex   -4.082406e+01 3.613969e+01 2.054571e+02
      vertex   -4.153299e+01 3.520629e+01 2.052500e+02
      vertex   -4.070629e+01 3.603299e+01 2.052500e+02
    endloop
  endfacet
  facet normal 6.533976e-01 -6.533976e-01 3.822867e-01
    outer loop
      vertex   -4.153299e+01 3.520629e+01 2.052500e+02
      vertex   -4.146592e+01 3.513225e+01 2.050088e+02
      vertex   -4.070629e+01 3.603299e+01 2.052500e+02
    endloop
  endfacet
  facet normal -1.575523e-03 -1.575523e-03 9.999975e-01
    outer loop
      vertex   -4.228369e+01 3.569790e+01 2.057500e+02
      vertex   -4.950000e+01 4.291421e+01 2.057500e+02
      vertex   -4.228390e+01 3.569181e+01 2.057500e+02
    endloop
  endfacet
  facet normal -6.350445e-02 -6.345040e-02 9.959625e-01
    outer loop
      vertex   -4.228390e+01 3.569181e+01 2.057500e+02
      vertex   -4.950000e+01 4.291421e+01 2.057500e+02
      vertex   -4.229286e+01 3.546046e+01 2.057347e+02
    endloop
  endfacet
  facet normal -1.100473e-01 -1.084370e-01 9.879934e-01
    outer loop
      vertex   -4.229286e+01 3.546046e+01 2.057347e+02
      vertex   -4.950000e+01 4.291421e+01 2.057500e+02
      vertex   -4.575811e+01 3.880629e+01 2.057159e+02
    endloop
  endfacet
  facet normal -1.823710e-01 -1.834655e-01 9.659613e-01
    outer loop
      vertex   -4.229286e+01 3.546046e+01 2.057347e+02
      vertex   -4.575811e+01 3.880629e+01 2.057159e+02
      vertex   -4.230322e+01 3.523331e+01 2.056896e+02
    endloop
  endfacet
  facet normal -2.716817e-01 -2.695137e-01 9.238784e-01
    outer loop
      vertex   -4.230322e+01 3.523331e+01 2.056896e+02
      vertex   -4.575811e+01 3.880629e+01 2.057159e+02
      vertex   -4.592865e+01 3.863575e+01 2.056160e+02
    endloop
  endfacet
  facet normal -3.006282e-01 -3.007637e-01 9.050767e-01
    outer loop
      vertex   -4.230322e+01 3.523331e+01 2.056896e+02
      vertex   -4.592865e+01 3.863575e+01 2.056160e+02
      vertex   -4.231465e+01 3.501483e+01 2.056132e+02
    endloop
  endfacet
  facet normal -4.127446e-01 -4.125928e-01 8.120401e-01
    outer loop
      vertex   -4.231465e+01 3.501483e+01 2.056132e+02
      vertex   -4.592865e+01 3.863575e+01 2.056160e+02
      vertex   -4.232653e+01 3.481148e+01 2.055038e+02
    endloop
  endfacet
  facet normal -4.313494e-01 -4.295686e-01 7.933527e-01
    outer loop
      vertex   -4.232653e+01 3.481148e+01 2.055038e+02
      vertex   -4.592865e+01 3.863575e+01 2.056160e+02
      vertex   -4.607509e+01 3.848931e+01 2.054571e+02
    endloop
  endfacet
  facet normal -5.141329e-01 -5.153123e-01 6.856534e-01
    outer loop
      vertex   -4.232653e+01 3.481148e+01 2.055038e+02
      vertex   -4.607509e+01 3.848931e+01 2.054571e+02
      vertex   -4.233801e+01 3.463169e+01 2.053601e+02
    endloop
  endfacet
  facet normal -5.621116e-01 -5.598580e-01 6.087607e-01
    outer loop
      vertex   -4.233801e+01 3.463169e+01 2.053601e+02
      vertex   -4.607509e+01 3.848931e+01 2.054571e+02
      vertex   -4.618747e+01 3.837694e+01 2.052500e+02
    endloop
  endfacet
  facet normal -6.014010e-01 -6.027189e-01 5.244490e-01
    outer loop
      vertex   -4.233801e+01 3.463169e+01 2.053601e+02
      vertex   -4.618747e+01 3.837694e+01 2.052500e+02
      vertex   -4.234792e+01 3.448694e+01 2.051824e+02
    endloop
  endfacet
  facet normal -6.543103e-01 -6.524705e-01 3.823091e-01
    outer loop
      vertex   -4.234792e+01 3.448694e+01 2.051824e+02
      vertex   -4.618747e+01 3.837694e+01 2.052500e+02
      vertex   -4.235184e+01 3.443203e+01 2.050820e+02
    endloop
  endfacet
  facet normal -6.541912e-01 -6.523707e-01 3.826831e-01
    outer loop
      vertex   -4.235184e+01 3.443203e+01 2.050820e+02
      vertex   -4.618747e+01 3.837694e+01 2.052500e+02
      vertex   -4.625811e+01 3.830629e+01 2.050088e+02
    endloop
  endfacet
  facet normal -6.788719e-01 -6.792142e-01 2.789282e-01
    outer loop
      vertex   -4.235184e+01 3.443203e+01 2.050820e+02
      vertex   -4.625811e+01 3.830629e+01 2.050088e+02
      vertex   -4.235481e+01 3.439105e+01 2.049749e+02
    endloop
  endfacet
  facet normal -6.971893e-01 -6.965302e-01 1.696256e-01
    outer loop
      vertex   -4.235481e+01 3.439105e+01 2.049749e+02
      vertex   -4.625811e+01 3.830629e+01 2.050088e+02
      vertex   -4.235666e+01 3.436586e+01 2.048639e+02
    endloop
  endfacet
  facet normal -7.084170e-01 -7.034995e-01 5.686653e-02
    outer loop
      vertex   -4.235666e+01 3.436586e+01 2.048639e+02
      vertex   -4.625811e+01 3.830629e+01 2.050088e+02
      vertex   -4.235729e+01 3.435729e+01 2.047500e+02
    endloop
  endfacet
  facet normal -6.982322e-01 -6.996449e-01 1.515549e-01
    outer loop
      vertex   -4.235729e+01 3.435729e+01 2.047500e+02
      vertex   -4.625811e+01 3.830629e+01 2.050088e+02
      vertex   -4.950000e+01 4.150681e+01 2.048480e+02
    endloop
  endfacet
  facet normal -7.062550e-01 -7.062550e-01 4.906767e-02
    outer loop
      vertex   -4.235729e+01 3.435729e+01 2.047500e+02
      vertex   -4.950000e+01 4.150681e+01 2.048480e+02
      vertex   -4.950000e+01 4.150000e+01 2.047500e+02
    endloop
  endfacet
  facet normal -6.703638e-02 -6.931937e-02 9.953396e-01
    outer loop
      vertex   -4.950000e+01 4.291421e+01 2.057500e+02
      vertex   -4.950000e+01 4.263831e+01 2.057308e+02
      vertex   -4.575811e+01 3.880629e+01 2.057159e+02
    endloop
  endfacet
  facet normal -2.063575e-01 -2.052140e-01 9.567151e-01
    outer loop
      vertex   -4.575811e+01 3.880629e+01 2.057159e+02
      vertex   -4.950000e+01 4.263831e+01 2.057308e+02
      vertex   -4.950000e+01 4.237302e+01 2.056739e+02
    endloop
  endfacet
  facet normal -2.694271e-01 -2.717682e-01 9.238783e-01
    outer loop
      vertex   -4.575811e+01 3.880629e+01 2.057159e+02
      vertex   -4.950000e+01 4.237302e+01 2.056739e+02
      vertex   -4.592865e+01 3.863575e+01 2.056160e+02
    endloop
  endfacet
  facet normal -3.343924e-01 -3.331945e-01 8.815686e-01
    outer loop
      vertex   -4.592865e+01 3.863575e+01 2.056160e+02
      vertex   -4.950000e+01 4.237302e+01 2.056739e+02
      vertex   -4.950000e+01 4.212852e+01 2.055815e+02
    endloop
  endfacet
  facet normal -4.295510e-01 -4.313670e-01 7.933527e-01
    outer loop
      vertex   -4.592865e+01 3.863575e+01 2.056160e+02
      vertex   -4.950000e+01 4.212852e+01 2.055815e+02
      vertex   -4.607509e+01 3.848931e+01 2.054571e+02
    endloop
  endfacet
  facet normal -4.485838e-01 -4.485838e-01 7.730105e-01
    outer loop
      vertex   -4.607509e+01 3.848931e+01 2.054571e+02
      vertex   -4.950000e+01 4.212852e+01 2.055815e+02
      vertex   -4.950000e+01 4.191421e+01 2.054571e+02
    endloop
  endfacet
  facet normal -5.466009e-01 -5.466009e-01 6.343933e-01
    outer loop
      vertex   -4.607509e+01 3.848931e+01 2.054571e+02
      vertex   -4.950000e+01 4.191421e+01 2.054571e+02
      vertex   -4.950000e+01 4.173834e+01 2.053056e+02
    endloop
  endfacet
  facet normal -5.600239e-01 -5.619461e-01 6.087609e-01
    outer loop
      vertex   -4.607509e+01 3.848931e+01 2.054571e+02
      vertex   -4.950000e+01 4.173834e+01 2.053056e+02
      vertex   -4.618747e+01 3.837694e+01 2.052500e+02
    endloop
  endfacet
  facet normal -6.244011e-01 -6.231101e-01 4.710170e-01
    outer loop
      vertex   -4.618747e+01 3.837694e+01 2.052500e+02
      vertex   -4.950000e+01 4.173834e+01 2.053056e+02
      vertex   -4.950000e+01 4.160765e+01 2.051327e+02
    endloop
  endfacet
  facet normal -6.519729e-01 -6.545878e-01 3.826828e-01
    outer loop
      vertex   -4.618747e+01 3.837694e+01 2.052500e+02
      vertex   -4.950000e+01 4.160765e+01 2.051327e+02
      vertex   -4.625811e+01 3.830629e+01 2.050088e+02
    endloop
  endfacet
  facet normal -6.773738e-01 -6.760548e-01 2.900255e-01
    outer loop
      vertex   -4.625811e+01 3.830629e+01 2.050088e+02
      vertex   -4.950000e+01 4.160765e+01 2.051327e+02
      vertex   -4.950000e+01 4.152717e+01 2.049451e+02
    endloop
  endfacet
  facet normal -6.986094e-01 -7.002609e-01 1.468999e-01
    outer loop
      vertex   -4.625811e+01 3.830629e+01 2.050088e+02
      vertex   -4.950000e+01 4.152717e+01 2.049451e+02
      vertex   -4.950000e+01 4.150681e+01 2.048480e+02
    endloop
  endfacet
  facet normal 1.575523e-03 -1.575523e-03 9.999975e-01
    outer loop
      vertex   -5.671631e+01 3.569790e+01 2.057500e+02
      vertex   -5.671610e+01 3.569181e+01 2.057500e+02
      vertex   -4.950000e+01 4.291421e+01 2.057500e+02
    endloop
  endfacet
  facet normal 6.936746e-02 -6.930830e-02 9.951806e-01
    outer loop
      vertex   -4.950000e+01 4.291421e+01 2.057500e+02
      vertex   -5.671610e+01 3.569181e+01 2.057500e+02
      vertex   -4.950000e+01 4.263831e+01 2.057308e+02
    endloop
  endfacet
  facet normal 1.053632e-01 -1.067190e-01 9.886909e-01
    outer loop
      vertex   -4.950000e+01 4.263831e+01 2.057308e+02
      vertex   -5.671610e+01 3.569181e+01 2.057500e+02
      vertex   -5.324189e+01 3.880629e+01 2.057159e+02
    endloop
  endfacet
  facet normal 2.063575e-01 -2.052140e-01 9.567151e-01
    outer loop
      vertex   -4.950000e+01 4.263831e+01 2.057308e+02
      vertex   -5.324189e+01 3.880629e+01 2.057159e+02
      vertex   -4.950000e+01 4.237302e+01 2.056739e+02
    endloop
  endfacet
  facet normal 2.694271e-01 -2.717682e-01 9.238783e-01
    outer loop
      vertex   -4.950000e+01 4.237302e+01 2.056739e+02
      vertex   -5.324189e+01 3.880629e+01 2.057159e+02
      vertex   -5.307135e+01 3.863575e+01 2.056160e+02
    endloop
  endfacet
  facet normal 3.343924e-01 -3.331945e-01 8.815686e-01
    outer loop
      vertex   -4.950000e+01 4.237302e+01 2.056739e+02
      vertex   -5.307135e+01 3.863575e+01 2.056160e+02
      vertex   -4.950000e+01 4.212852e+01 2.055815e+02
    endloop
  endfacet
  facet normal 4.295510e-01 -4.313670e-01 7.933527e-01
    outer loop
      vertex   -4.950000e+01 4.212852e+01 2.055815e+02
      vertex   -5.307135e+01 3.863575e+01 2.056160e+02
      vertex   -5.292491e+01 3.848931e+01 2.054571e+02
    endloop
  endfacet
  facet normal 4.485838e-01 -4.485838e-01 7.730105e-01
    outer loop
      vertex   -4.950000e+01 4.212852e+01 2.055815e+02
      vertex   -5.292491e+01 3.848931e+01 2.054571e+02
      vertex   -4.950000e+01 4.191421e+01 2.054571e+02
    endloop
  endfacet
  facet normal 5.466009e-01 -5.466009e-01 6.343933e-01
    outer loop
      vertex   -4.950000e+01 4.191421e+01 2.054571e+02
      vertex   -5.292491e+01 3.848931e+01 2.054571e+02
      vertex   -4.950000e+01 4.173834e+01 2.053056e+02
    endloop
  endfacet
  facet normal 5.600239e-01 -5.619461e-01 6.087609e-01
    outer loop
      vertex   -4.950000e+01 4.173834e+01 2.053056e+02
      vertex   -5.292491e+01 3.848931e+01 2.054571e+02
      vertex   -5.281253e+01 3.837694e+01 2.052500e+02
    endloop
  endfacet
  facet normal 6.244011e-01 -6.231101e-01 4.710170e-01
    outer loop
      vertex   -4.950000e+01 4.173834e+01 2.053056e+02
      vertex   -5.281253e+01 3.837694e+01 2.052500e+02
      vertex   -4.950000e+01 4.160765e+01 2.051327e+02
    endloop
  endfacet
  facet normal 6.519729e-01 -6.545878e-01 3.826828e-01
    outer loop
      vertex   -4.950000e+01 4.160765e+01 2.051327e+02
      vertex   -5.281253e+01 3.837694e+01 2.052500e+02
      vertex   -5.274189e+01 3.830629e+01 2.050088e+02
    endloop
  endfacet
  facet normal 6.773738e-01 -6.760548e-01 2.900255e-01
    outer loop
      vertex   -4.950000e+01 4.160765e+01 2.051327e+02
      vertex   -5.274189e+01 3.830629e+01 2.050088e+02
      vertex   -4.950000e+01 4.152717e+01 2.049451e+02
    endloop
  endfacet
  facet normal 6.986094e-01 -7.002609e-01 1.468999e-01
    outer loop
      vertex   -4.950000e+01 4.152717e+01 2.049451e+02
      vertex   -5.274189e+01 3.830629e+01 2.050088e+02
      vertex   -4.950000e+01 4.150681e+01 2.048480e+02
    endloop
  endfacet
  facet normal 7.029337e-01 -7.095450e-01 4.929624e-02
    outer loop
      vertex   -4.950000e+01 4.150681e+01 2.048480e+02
      vertex   -5.274189e+01 3.830629e+01 2.050088e+02
      vertex   -4.950000e+01 4.150000e+01 2.047500e+02
    endloop
  endfacet
  facet normal 7.000072e-01 -6.985406e-01 1.484284e-01
    outer loop
      vertex   -4.950000e+01 4.150000e+01 2.047500e+02
      vertex   -5.274189e+01 3.830629e+01 2.050088e+02
      vertex   -5.664334e+01 3.436586e+01 2.048639e+02
    endloop
  endfacet
  facet normal 7.059556e-01 -7.059556e-01 5.703752e-02
    outer loop
      vertex   -4.950000e+01 4.150000e+01 2.047500e+02
      vertex   -5.664334e+01 3.436586e+01 2.048639e+02
      vertex   -5.664271e+01 3.435729e+01 2.047500e+02
    endloop
  endfacet
  facet normal 6.652800e-02 -6.332085e-02 9.957733e-01
    outer loop
      vertex   -5.671610e+01 3.569181e+01 2.057500e+02
      vertex   -5.670714e+01 3.546046e+01 2.057347e+02
      vertex   -5.324189e+01 3.880629e+01 2.057159e+02
    endloop
  endfacet
  facet normal 1.823710e-01 -1.834655e-01 9.659613e-01
    outer loop
      vertex   -5.324189e+01 3.880629e+01 2.057159e+02
      vertex   -5.670714e+01 3.546046e+01 2.057347e+02
      vertex   -5.669678e+01 3.523331e+01 2.056896e+02
    endloop
  endfacet
  facet normal 2.716817e-01 -2.695137e-01 9.238784e-01
    outer loop
      vertex   -5.324189e+01 3.880629e+01 2.057159e+02
      vertex   -5.669678e+01 3.523331e+01 2.056896e+02
      vertex   -5.307135e+01 3.863575e+01 2.056160e+02
    endloop
  endfacet
  facet normal 3.006282e-01 -3.007637e-01 9.050767e-01
    outer loop
      vertex   -5.307135e+01 3.863575e+01 2.056160e+02
      vertex   -5.669678e+01 3.523331e+01 2.056896e+02
      vertex   -5.668535e+01 3.501483e+01 2.056132e+02
    endloop
  endfacet
  facet normal 4.127446e-01 -4.125928e-01 8.120401e-01
    outer loop
      vertex   -5.307135e+01 3.863575e+01 2.056160e+02
      vertex   -5.668535e+01 3.501483e+01 2.056132e+02
      vertex   -5.667347e+01 3.481148e+01 2.055038e+02
    endloop
  endfacet
  facet normal 4.313494e-01 -4.295686e-01 7.933527e-01
    outer loop
      vertex   -5.307135e+01 3.863575e+01 2.056160e+02
      vertex   -5.667347e+01 3.481148e+01 2.055038e+02
      vertex   -5.292491e+01 3.848931e+01 2.054571e+02
    endloop
  endfacet
  facet normal 5.141329e-01 -5.153123e-01 6.856534e-01
    outer loop
      vertex   -5.292491e+01 3.848931e+01 2.054571e+02
      vertex   -5.667347e+01 3.481148e+01 2.055038e+02
      vertex   -5.666199e+01 3.463169e+01 2.053601e+02
    endloop
  endfacet
  facet normal 5.621116e-01 -5.598580e-01 6.087607e-01
    outer loop
      vertex   -5.292491e+01 3.848931e+01 2.054571e+02
      vertex   -5.666199e+01 3.463169e+01 2.053601e+02
      vertex   -5.281253e+01 3.837694e+01 2.052500e+02
    endloop
  endfacet
  facet normal 6.014010e-01 -6.027189e-01 5.244490e-01
    outer loop
      vertex   -5.281253e+01 3.837694e+01 2.052500e+02
      vertex   -5.666199e+01 3.463169e+01 2.053601e+02
      vertex   -5.665208e+01 3.448694e+01 2.051824e+02
    endloop
  endfacet
  facet normal 6.543103e-01 -6.524705e-01 3.823091e-01
    outer loop
      vertex   -5.281253e+01 3.837694e+01 2.052500e+02
      vertex   -5.665208e+01 3.448694e+01 2.051824e+02
      vertex   -5.664816e+01 3.443203e+01 2.050820e+02
    endloop
  endfacet
  facet normal 6.541912e-01 -6.523707e-01 3.826831e-01
    outer loop
      vertex   -5.281253e+01 3.837694e+01 2.052500e+02
      vertex   -5.664816e+01 3.443203e+01 2.050820e+02
      vertex   -5.274189e+01 3.830629e+01 2.050088e+02
    endloop
  endfacet
  facet normal 6.788719e-01 -6.792142e-01 2.789282e-01
    outer loop
      vertex   -5.274189e+01 3.830629e+01 2.050088e+02
      vertex   -5.664816e+01 3.443203e+01 2.050820e+02
      vertex   -5.664519e+01 3.439105e+01 2.049749e+02
    endloop
  endfacet
  facet normal 6.971893e-01 -6.965302e-01 1.696256e-01
    outer loop
      vertex   -5.274189e+01 3.830629e+01 2.050088e+02
      vertex   -5.664519e+01 3.439105e+01 2.049749e+02
      vertex   -5.664334e+01 3.436586e+01 2.048639e+02
    endloop
  endfacet
  facet normal -1.534471e-03 -1.684483e-03 9.999974e-01
    outer loop
      vertex   -5.671631e+01 3.569790e+01 2.057500e+02
      vertex   -5.709497e+01 3.604284e+01 2.057500e+02
      vertex   -5.671610e+01 3.569181e+01 2.057500e+02
    endloop
  endfacet
  facet normal -6.328903e-02 -6.833780e-02 9.956528e-01
    outer loop
      vertex   -5.671610e+01 3.569181e+01 2.057500e+02
      vertex   -5.709497e+01 3.604284e+01 2.057500e+02
      vertex   -5.670714e+01 3.546046e+01 2.057347e+02
    endloop
  endfacet
  facet normal -1.066654e-01 -9.706297e-02 9.895460e-01
    outer loop
      vertex   -5.670714e+01 3.546046e+01 2.057347e+02
      vertex   -5.709497e+01 3.604284e+01 2.057500e+02
      vertex   -5.705932e+01 3.565628e+01 2.057159e+02
    endloop
  endfacet
  facet normal -1.622725e-01 -1.992863e-01 9.664122e-01
    outer loop
      vertex   -5.670714e+01 3.546046e+01 2.057347e+02
      vertex   -5.705932e+01 3.565628e+01 2.057159e+02
      vertex   -5.669678e+01 3.523331e+01 2.056896e+02
    endloop
  endfacet
  facet normal -2.602376e-01 -2.806064e-01 9.238704e-01
    outer loop
      vertex   -5.669678e+01 3.523331e+01 2.056896e+02
      vertex   -5.705932e+01 3.565628e+01 2.057159e+02
      vertex   -5.722125e+01 3.547754e+01 2.056160e+02
    endloop
  endfacet
  facet normal -2.800497e-01 -3.298806e-01 9.015270e-01
    outer loop
      vertex   -5.669678e+01 3.523331e+01 2.056896e+02
      vertex   -5.722125e+01 3.547754e+01 2.056160e+02
      vertex   -5.668535e+01 3.501483e+01 2.056132e+02
    endloop
  endfacet
  facet normal -3.955354e-01 -4.629685e-01 7.932288e-01
    outer loop
      vertex   -5.668535e+01 3.501483e+01 2.056132e+02
      vertex   -5.722125e+01 3.547754e+01 2.056160e+02
      vertex   -5.736031e+01 3.532406e+01 2.054571e+02
    endloop
  endfacet
  facet normal -3.927102e-01 -4.532864e-01 8.001938e-01
    outer loop
      vertex   -5.668535e+01 3.501483e+01 2.056132e+02
      vertex   -5.736031e+01 3.532406e+01 2.054571e+02
      vertex   -5.667347e+01 3.481148e+01 2.055038e+02
    endloop
  endfacet
  facet normal -4.705926e-01 -5.691218e-01 6.742722e-01
    outer loop
      vertex   -5.667347e+01 3.481148e+01 2.055038e+02
      vertex   -5.736031e+01 3.532406e+01 2.054571e+02
      vertex   -5.666199e+01 3.463169e+01 2.053601e+02
    endloop
  endfacet
  facet normal -5.144377e-01 -6.041389e-01 6.085804e-01
    outer loop
      vertex   -5.666199e+01 3.463169e+01 2.053601e+02
      vertex   -5.736031e+01 3.532406e+01 2.054571e+02
      vertex   -5.746701e+01 3.520629e+01 2.052500e+02
    endloop
  endfacet
  facet normal -5.445205e-01 -6.649371e-01 5.112299e-01
    outer loop
      vertex   -5.666199e+01 3.463169e+01 2.053601e+02
      vertex   -5.746701e+01 3.520629e+01 2.052500e+02
      vertex   -5.665208e+01 3.448694e+01 2.051824e+02
    endloop
  endfacet
  facet normal -5.934238e-01 -7.082292e-01 3.824390e-01
    outer loop
      vertex   -5.665208e+01 3.448694e+01 2.051824e+02
      vertex   -5.746701e+01 3.520629e+01 2.052500e+02
      vertex   -5.753408e+01 3.513225e+01 2.050088e+02
    endloop
  endfacet
  facet normal -5.951637e-01 -7.145981e-01 3.675999e-01
    outer loop
      vertex   -5.665208e+01 3.448694e+01 2.051824e+02
      vertex   -5.753408e+01 3.513225e+01 2.050088e+02
      vertex   -5.664816e+01 3.443203e+01 2.050820e+02
    endloop
  endfacet
  facet normal -6.108965e-01 -7.448818e-01 2.682472e-01
    outer loop
      vertex   -5.664816e+01 3.443203e+01 2.050820e+02
      vertex   -5.753408e+01 3.513225e+01 2.050088e+02
      vertex   -5.664519e+01 3.439105e+01 2.049749e+02
    endloop
  endfacet
  facet normal -6.275797e-01 -7.602914e-01 1.676328e-01
    outer loop
      vertex   -5.664519e+01 3.439105e+01 2.049749e+02
      vertex   -5.753408e+01 3.513225e+01 2.050088e+02
      vertex   -5.733539e+01 3.491118e+01 2.047500e+02
    endloop
  endfacet
  facet normal -6.270535e-01 -7.618630e-01 1.623844e-01
    outer loop
      vertex   -5.664519e+01 3.439105e+01 2.049749e+02
      vertex   -5.733539e+01 3.491118e+01 2.047500e+02
      vertex   -5.664334e+01 3.436586e+01 2.048639e+02
    endloop
  endfacet
  facet normal -6.235628e-01 -7.798239e-01 5.517324e-02
    outer loop
      vertex   -5.664334e+01 3.436586e+01 2.048639e+02
      vertex   -5.733539e+01 3.491118e+01 2.047500e+02
      vertex   -5.664271e+01 3.435729e+01 2.047500e+02
    endloop
  endfacet
  facet normal -9.619971e-02 -9.619971e-02 9.907024e-01
    outer loop
      vertex   -5.705932e+01 3.565628e+01 2.057159e+02
      vertex   -5.709497e+01 3.604284e+01 2.057500e+02
      vertex   -5.784372e+01 3.644068e+01 2.057159e+02
    endloop
  endfacet
  facet normal -9.619971e-02 -9.619971e-02 9.907024e-01
    outer loop
      vertex   -5.784372e+01 3.644068e+01 2.057159e+02
      vertex   -5.709497e+01 3.604284e+01 2.057500e+02
      vertex   -5.745716e+01 3.640503e+01 2.057500e+02
    endloop
  endfacet
  facet normal -9.706297e-02 -1.066654e-01 9.895460e-01
    outer loop
      vertex   -5.784372e+01 3.644068e+01 2.057159e+02
      vertex   -5.745716e+01 3.640503e+01 2.057500e+02
      vertex   -5.803954e+01 3.679286e+01 2.057347e+02
    endloop
  endfacet
  facet normal -6.833780e-02 -6.328903e-02 9.956528e-01
    outer loop
      vertex   -5.803954e+01 3.679286e+01 2.057347e+02
      vertex   -5.745716e+01 3.640503e+01 2.057500e+02
      vertex   -5.780819e+01 3.678390e+01 2.057500e+02
    endloop
  endfacet
  facet normal -1.684483e-03 -1.534471e-03 9.999974e-01
    outer loop
      vertex   -5.780819e+01 3.678390e+01 2.057500e+02
      vertex   -5.745716e+01 3.640503e+01 2.057500e+02
      vertex   -5.780210e+01 3.678369e+01 2.057500e+02
    endloop
  endfacet
  facet normal -1.992863e-01 -1.622725e-01 9.664122e-01
    outer loop
      vertex   -5.803954e+01 3.679286e+01 2.057347e+02
      vertex   -5.826669e+01 3.680322e+01 2.056896e+02
      vertex   -5.784372e+01 3.644068e+01 2.057159e+02
    endloop
  endfacet
  facet normal -2.806064e-01 -2.602376e-01 9.238704e-01
    outer loop
      vertex   -5.784372e+01 3.644068e+01 2.057159e+02
      vertex   -5.826669e+01 3.680322e+01 2.056896e+02
      vertex   -5.802246e+01 3.627875e+01 2.056160e+02
    endloop
  endfacet
  facet normal -2.708788e-01 -2.708788e-01 9.237150e-01
    outer loop
      vertex   -5.784372e+01 3.644068e+01 2.057159e+02
      vertex   -5.802246e+01 3.627875e+01 2.056160e+02
      vertex   -5.705932e+01 3.565628e+01 2.057159e+02
    endloop
  endfacet
  facet normal -2.708788e-01 -2.708788e-01 9.237150e-01
    outer loop
      vertex   -5.705932e+01 3.565628e+01 2.057159e+02
      vertex   -5.802246e+01 3.627875e+01 2.056160e+02
      vertex   -5.722125e+01 3.547754e+01 2.056160e+02
    endloop
  endfacet
  facet normal -3.298806e-01 -2.800497e-01 9.015270e-01
    outer loop
      vertex   -5.826669e+01 3.680322e+01 2.056896e+02
      vertex   -5.848517e+01 3.681465e+01 2.056132e+02
      vertex   -5.802246e+01 3.627875e+01 2.056160e+02
    endloop
  endfacet
  facet normal -4.540538e-01 -3.877910e-01 8.021554e-01
    outer loop
      vertex   -5.802246e+01 3.627875e+01 2.056160e+02
      vertex   -5.848517e+01 3.681465e+01 2.056132e+02
      vertex   -5.868852e+01 3.682653e+01 2.055038e+02
    endloop
  endfacet
  facet normal -4.608695e-01 -3.978985e-01 7.932693e-01
    outer loop
      vertex   -5.802246e+01 3.627875e+01 2.056160e+02
      vertex   -5.868852e+01 3.682653e+01 2.055038e+02
      vertex   -5.817594e+01 3.613969e+01 2.054571e+02
    endloop
  endfacet
  facet normal -5.691218e-01 -4.705926e-01 6.742722e-01
    outer loop
      vertex   -5.817594e+01 3.613969e+01 2.054571e+02
      vertex   -5.868852e+01 3.682653e+01 2.055038e+02
      vertex   -5.886831e+01 3.683801e+01 2.053601e+02
    endloop
  endfacet
  facet normal -6.041389e-01 -5.144377e-01 6.085804e-01
    outer loop
      vertex   -5.817594e+01 3.613969e+01 2.054571e+02
      vertex   -5.886831e+01 3.683801e+01 2.053601e+02
      vertex   -5.829371e+01 3.603299e+01 2.052500e+02
    endloop
  endfacet
  facet normal -6.649371e-01 -5.445205e-01 5.112299e-01
    outer loop
      vertex   -5.829371e+01 3.603299e+01 2.052500e+02
      vertex   -5.886831e+01 3.683801e+01 2.053601e+02
      vertex   -5.901306e+01 3.684792e+01 2.051824e+02
    endloop
  endfacet
  facet normal -7.082292e-01 -5.934238e-01 3.824390e-01
    outer loop
      vertex   -5.829371e+01 3.603299e+01 2.052500e+02
      vertex   -5.901306e+01 3.684792e+01 2.051824e+02
      vertex   -5.836775e+01 3.596592e+01 2.050088e+02
    endloop
  endfacet
  facet normal -7.337738e-01 -5.996889e-01 3.192949e-01
    outer loop
      vertex   -5.836775e+01 3.596592e+01 2.050088e+02
      vertex   -5.901306e+01 3.684792e+01 2.051824e+02
      vertex   -5.910895e+01 3.685481e+01 2.049749e+02
    endloop
  endfacet
  facet normal -7.602914e-01 -6.275797e-01 1.676328e-01
    outer loop
      vertex   -5.836775e+01 3.596592e+01 2.050088e+02
      vertex   -5.910895e+01 3.685481e+01 2.049749e+02
      vertex   -5.858882e+01 3.616461e+01 2.047500e+02
    endloop
  endfacet
  facet normal -7.763045e-01 -6.207486e-01 1.096470e-01
    outer loop
      vertex   -5.858882e+01 3.616461e+01 2.047500e+02
      vertex   -5.910895e+01 3.685481e+01 2.049749e+02
      vertex   -5.914271e+01 3.685729e+01 2.047500e+02
    endloop
  endfacet
  facet normal -7.286779e-02 -9.973416e-01 -8.562382e-05
    outer loop
      vertex   -5.914271e+01 3.685729e+01 2.047500e+02
      vertex   -5.910895e+01 3.685481e+01 2.049749e+02
      vertex   -5.913414e+01 3.685666e+01 2.048639e+02
    endloop
  endfacet
  facet normal -6.807334e-02 -9.976790e-01 -1.646659e-03
    outer loop
      vertex   -5.901306e+01 3.684792e+01 2.051824e+02
      vertex   -5.906797e+01 3.685184e+01 2.050820e+02
      vertex   -5.910895e+01 3.685481e+01 2.049749e+02
    endloop
  endfacet
  facet normal -7.288617e-01 -6.768777e-01 1.029424e-01
    outer loop
      vertex   -5.858882e+01 3.616461e+01 2.047500e+02
      vertex   -5.798528e+01 3.551472e+01 2.047500e+02
      vertex   -5.836775e+01 3.596592e+01 2.050088e+02
    endloop
  endfacet
  facet normal -6.949592e-01 -6.949592e-01 1.845628e-01
    outer loop
      vertex   -5.836775e+01 3.596592e+01 2.050088e+02
      vertex   -5.798528e+01 3.551472e+01 2.047500e+02
      vertex   -5.753408e+01 3.513225e+01 2.050088e+02
    endloop
  endfacet
  facet normal -6.533976e-01 -6.533976e-01 3.822867e-01
    outer loop
      vertex   -5.836775e+01 3.596592e+01 2.050088e+02
      vertex   -5.753408e+01 3.513225e+01 2.050088e+02
      vertex   -5.746701e+01 3.520629e+01 2.052500e+02
    endloop
  endfacet
  facet normal -6.768777e-01 -7.288617e-01 1.029424e-01
    outer loop
      vertex   -5.798528e+01 3.551472e+01 2.047500e+02
      vertex   -5.733539e+01 3.491118e+01 2.047500e+02
      vertex   -5.753408e+01 3.513225e+01 2.050088e+02
    endloop
  endfacet
  facet normal -4.307885e-01 -4.307885e-01 7.929959e-01
    outer loop
      vertex   -5.802246e+01 3.627875e+01 2.056160e+02
      vertex   -5.817594e+01 3.613969e+01 2.054571e+02
      vertex   -5.722125e+01 3.547754e+01 2.056160e+02
    endloop
  endfacet
  facet normal -4.307885e-01 -4.307885e-01 7.929959e-01
    outer loop
      vertex   -5.722125e+01 3.547754e+01 2.056160e+02
      vertex   -5.817594e+01 3.613969e+01 2.054571e+02
      vertex   -5.736031e+01 3.532406e+01 2.054571e+02
    endloop
  endfacet
  facet normal -5.612380e-01 -5.612380e-01 6.082959e-01
    outer loop
      vertex   -5.817594e+01 3.613969e+01 2.054571e+02
      vertex   -5.829371e+01 3.603299e+01 2.052500e+02
      vertex   -5.736031e+01 3.532406e+01 2.054571e+02
    endloop
  endfacet
  facet normal -5.612380e-01 -5.612380e-01 6.082959e-01
    outer loop
      vertex   -5.736031e+01 3.532406e+01 2.054571e+02
      vertex   -5.829371e+01 3.603299e+01 2.052500e+02
      vertex   -5.746701e+01 3.520629e+01 2.052500e+02
    endloop
  endfacet
  facet normal -6.533976e-01 -6.533976e-01 3.822867e-01
    outer loop
      vertex   -5.829371e+01 3.603299e+01 2.052500e+02
      vertex   -5.836775e+01 3.596592e+01 2.050088e+02
      vertex   -5.746701e+01 3.520629e+01 2.052500e+02
    endloop
  endfacet
  facet normal -1.575523e-03 1.575523e-03 9.999975e-01
    outer loop
      vertex   -5.780210e+01 3.678369e+01 2.057500e+02
      vertex   -5.058579e+01 4.400000e+01 2.057500e+02
      vertex   -5.780819e+01 3.678390e+01 2.057500e+02
    endloop
  endfacet
  facet normal -6.345040e-02 6.350445e-02 9.959625e-01
    outer loop
      vertex   -5.780819e+01 3.678390e+01 2.057500e+02
      vertex   -5.058579e+01 4.400000e+01 2.057500e+02
      vertex   -5.803954e+01 3.679286e+01 2.057347e+02
    endloop
  endfacet
  facet normal -1.084370e-01 1.100473e-01 9.879934e-01
    outer loop
      vertex   -5.803954e+01 3.679286e+01 2.057347e+02
      vertex   -5.058579e+01 4.400000e+01 2.057500e+02
      vertex   -5.469371e+01 4.025811e+01 2.057159e+02
    endloop
  endfacet
  facet normal -1.834655e-01 1.823710e-01 9.659613e-01
    outer loop
      vertex   -5.803954e+01 3.679286e+01 2.057347e+02
      vertex   -5.469371e+01 4.025811e+01 2.057159e+02
      vertex   -5.826669e+01 3.680322e+01 2.056896e+02
    endloop
  endfacet
  facet normal -2.695137e-01 2.716817e-01 9.238784e-01
    outer loop
      vertex   -5.826669e+01 3.680322e+01 2.056896e+02
      vertex   -5.469371e+01 4.025811e+01 2.057159e+02
      vertex   -5.486425e+01 4.042865e+01 2.056160e+02
    endloop
  endfacet
  facet normal -3.007637e-01 3.006282e-01 9.050767e-01
    outer loop
      vertex   -5.826669e+01 3.680322e+01 2.056896e+02
      vertex   -5.486425e+01 4.042865e+01 2.056160e+02
      vertex   -5.848517e+01 3.681465e+01 2.056132e+02
    endloop
  endfacet
  facet normal -4.125928e-01 4.127446e-01 8.120401e-01
    outer loop
      vertex   -5.848517e+01 3.681465e+01 2.056132e+02
      vertex   -5.486425e+01 4.042865e+01 2.056160e+02
      vertex   -5.868852e+01 3.682653e+01 2.055038e+02
    endloop
  endfacet
  facet normal -4.295686e-01 4.313494e-01 7.933527e-01
    outer loop
      vertex   -5.868852e+01 3.682653e+01 2.055038e+02
      vertex   -5.486425e+01 4.042865e+01 2.056160e+02
      vertex   -5.501069e+01 4.057509e+01 2.054571e+02
    endloop
  endfacet
  facet normal -5.153123e-01 5.141329e-01 6.856534e-01
    outer loop
      vertex   -5.868852e+01 3.682653e+01 2.055038e+02
      vertex   -5.501069e+01 4.057509e+01 2.054571e+02
      vertex   -5.886831e+01 3.683801e+01 2.053601e+02
    endloop
  endfacet
  facet normal -5.598580e-01 5.621116e-01 6.087607e-01
    outer loop
      vertex   -5.886831e+01 3.683801e+01 2.053601e+02
      vertex   -5.501069e+01 4.057509e+01 2.054571e+02
      vertex   -5.512306e+01 4.068747e+01 2.052500e+02
    endloop
  endfacet
  facet normal -6.027189e-01 6.014010e-01 5.244490e-01
    outer loop
      vertex   -5.886831e+01 3.683801e+01 2.053601e+02
      vertex   -5.512306e+01 4.068747e+01 2.052500e+02
      vertex   -5.901306e+01 3.684792e+01 2.051824e+02
    endloop
  endfacet
  facet normal -6.524705e-01 6.543103e-01 3.823091e-01
    outer loop
      vertex   -5.901306e+01 3.684792e+01 2.051824e+02
      vertex   -5.512306e+01 4.068747e+01 2.052500e+02
      vertex   -5.906797e+01 3.685184e+01 2.050820e+02
    endloop
  endfacet
  facet normal -6.523707e-01 6.541912e-01 3.826831e-01
    outer loop
      vertex   -5.906797e+01 3.685184e+01 2.050820e+02
      vertex   -5.512306e+01 4.068747e+01 2.052500e+02
      vertex   -5.519371e+01 4.075811e+01 2.050088e+02
    endloop
  endfacet
  facet normal -6.792142e-01 6.788719e-01 2.789282e-01
    outer loop
      vertex   -5.906797e+01 3.685184e+01 2.050820e+02
      vertex   -5.519371e+01 4.075811e+01 2.050088e+02
      vertex   -5.910895e+01 3.685481e+01 2.049749e+02
    endloop
  endfacet
  facet normal -6.965302e-01 6.971893e-01 1.696256e-01
    outer loop
      vertex   -5.910895e+01 3.685481e+01 2.049749e+02
      vertex   -5.519371e+01 4.075811e+01 2.050088e+02
      vertex   -5.913414e+01 3.685666e+01 2.048639e+02
    endloop
  endfacet
  facet normal -7.034995e-01 7.084170e-01 5.686653e-02
    outer loop
      vertex   -5.913414e+01 3.685666e+01 2.048639e+02
      vertex   -5.519371e+01 4.075811e+01 2.050088e+02
      vertex   -5.914271e+01 3.685729e+01 2.047500e+02
    endloop
  endfacet
  facet normal -6.996449e-01 6.982322e-01 1.515549e-01
    outer loop
      vertex   -5.914271e+01 3.685729e+01 2.047500e+02
      vertex   -5.519371e+01 4.075811e+01 2.050088e+02
      vertex   -5.199319e+01 4.400000e+01 2.048480e+02
    endloop
  endfacet
  facet normal -7.062550e-01 7.062550e-01 4.906767e-02
    outer loop
      vertex   -5.914271e+01 3.685729e+01 2.047500e+02
      vertex   -5.199319e+01 4.400000e+01 2.048480e+02
      vertex   -5.200000e+01 4.400000e+01 2.047500e+02
    endloop
  endfacet
  facet normal -6.931937e-02 6.703638e-02 9.953396e-01
    outer loop
      vertex   -5.058579e+01 4.400000e+01 2.057500e+02
      vertex   -5.086169e+01 4.400000e+01 2.057308e+02
      vertex   -5.469371e+01 4.025811e+01 2.057159e+02
    endloop
  endfacet
  facet normal -2.052140e-01 2.063575e-01 9.567151e-01
    outer loop
      vertex   -5.469371e+01 4.025811e+01 2.057159e+02
      vertex   -5.086169e+01 4.400000e+01 2.057308e+02
      vertex   -5.112698e+01 4.400000e+01 2.056739e+02
    endloop
  endfacet
  facet normal -2.717682e-01 2.694271e-01 9.238783e-01
    outer loop
      vertex   -5.469371e+01 4.025811e+01 2.057159e+02
      vertex   -5.112698e+01 4.400000e+01 2.056739e+02
      vertex   -5.486425e+01 4.042865e+01 2.056160e+02
    endloop
  endfacet
  facet normal -3.331945e-01 3.343924e-01 8.815686e-01
    outer loop
      vertex   -5.486425e+01 4.042865e+01 2.056160e+02
      vertex   -5.112698e+01 4.400000e+01 2.056739e+02
      vertex   -5.137148e+01 4.400000e+01 2.055815e+02
    endloop
  endfacet
  facet normal -4.313670e-01 4.295510e-01 7.933527e-01
    outer loop
      vertex   -5.486425e+01 4.042865e+01 2.056160e+02
      vertex   -5.137148e+01 4.400000e+01 2.055815e+02
      vertex   -5.501069e+01 4.057509e+01 2.054571e+02
    endloop
  endfacet
  facet normal -4.485838e-01 4.485838e-01 7.730105e-01
    outer loop
      vertex   -5.501069e+01 4.057509e+01 2.054571e+02
      vertex   -5.137148e+01 4.400000e+01 2.055815e+02
      vertex   -5.158579e+01 4.400000e+01 2.054571e+02
    endloop
  endfacet
  facet normal -5.466009e-01 5.466009e-01 6.343933e-01
    outer loop
      vertex   -5.501069e+01 4.057509e+01 2.054571e+02
      vertex   -5.158579e+01 4.400000e+01 2.054571e+02
      vertex   -5.176166e+01 4.400000e+01 2.053056e+02
    endloop
  endfacet
  facet normal -5.619461e-01 5.600239e-01 6.087609e-01
    outer loop
      vertex   -5.501069e+01 4.057509e+01 2.054571e+02
      vertex   -5.176166e+01 4.400000e+01 2.053056e+02
      vertex   -5.512306e+01 4.068747e+01 2.052500e+02
    endloop
  endfacet
  facet normal -6.231101e-01 6.244011e-01 4.710170e-01
    outer loop
      vertex   -5.512306e+01 4.068747e+01 2.052500e+02
      vertex   -5.176166e+01 4.400000e+01 2.053056e+02
      vertex   -5.189235e+01 4.400000e+01 2.051327e+02
    endloop
  endfacet
  facet normal -6.545878e-01 6.519729e-01 3.826828e-01
    outer loop
      vertex   -5.512306e+01 4.068747e+01 2.052500e+02
      vertex   -5.189235e+01 4.400000e+01 2.051327e+02
      vertex   -5.519371e+01 4.075811e+01 2.050088e+02
    endloop
  endfacet
  facet normal -6.760548e-01 6.773738e-01 2.900255e-01
    outer loop
      vertex   -5.519371e+01 4.075811e+01 2.050088e+02
      vertex   -5.189235e+01 4.400000e+01 2.051327e+02
      vertex   -5.197283e+01 4.400000e+01 2.049451e+02
    endloop
  endfacet
  facet normal -7.002609e-01 6.986094e-01 1.468999e-01
    outer loop
      vertex   -5.519371e+01 4.075811e+01 2.050088e+02
      vertex   -5.197283e+01 4.400000e+01 2.049451e+02
      vertex   -5.199319e+01 4.400000e+01 2.048480e+02
    endloop
  endfacet
  facet normal -1.575523e-03 -1.575523e-03 9.999975e-01
    outer loop
      vertex   -5.780210e+01 5.121631e+01 2.057500e+02
      vertex   -5.780819e+01 5.121610e+01 2.057500e+02
      vertex   -5.058579e+01 4.400000e+01 2.057500e+02
    endloop
  endfacet
  facet normal -6.930830e-02 -6.936746e-02 9.951806e-01
    outer loop
      vertex   -5.058579e+01 4.400000e+01 2.057500e+02
      vertex   -5.780819e+01 5.121610e+01 2.057500e+02
      vertex   -5.086169e+01 4.400000e+01 2.057308e+02
    endloop
  endfacet
  facet normal -1.067190e-01 -1.053632e-01 9.886909e-01
    outer loop
      vertex   -5.086169e+01 4.400000e+01 2.057308e+02
      vertex   -5.780819e+01 5.121610e+01 2.057500e+02
      vertex   -5.469371e+01 4.774189e+01 2.057159e+02
    endloop
  endfacet
  facet normal -2.052140e-01 -2.063575e-01 9.567151e-01
    outer loop
      vertex   -5.086169e+01 4.400000e+01 2.057308e+02
      vertex   -5.469371e+01 4.774189e+01 2.057159e+02
      vertex   -5.112698e+01 4.400000e+01 2.056739e+02
    endloop
  endfacet
  facet normal -2.717682e-01 -2.694271e-01 9.238783e-01
    outer loop
      vertex   -5.112698e+01 4.400000e+01 2.056739e+02
      vertex   -5.469371e+01 4.774189e+01 2.057159e+02
      vertex   -5.486425e+01 4.757135e+01 2.056160e+02
    endloop
  endfacet
  facet normal -3.331945e-01 -3.343924e-01 8.815686e-01
    outer loop
      vertex   -5.112698e+01 4.400000e+01 2.056739e+02
      vertex   -5.486425e+01 4.757135e+01 2.056160e+02
      vertex   -5.137148e+01 4.400000e+01 2.055815e+02
    endloop
  endfacet
  facet normal -4.313670e-01 -4.295510e-01 7.933527e-01
    outer loop
      vertex   -5.137148e+01 4.400000e+01 2.055815e+02
      vertex   -5.486425e+01 4.757135e+01 2.056160e+02
      vertex   -5.501069e+01 4.742491e+01 2.054571e+02
    endloop
  endfacet
  facet normal -4.485838e-01 -4.485838e-01 7.730105e-01
    outer loop
      vertex   -5.137148e+01 4.400000e+01 2.055815e+02
      vertex   -5.501069e+01 4.742491e+01 2.054571e+02
      vertex   -5.158579e+01 4.400000e+01 2.054571e+02
    endloop
  endfacet
  facet normal -5.466009e-01 -5.466009e-01 6.343933e-01
    outer loop
      vertex   -5.158579e+01 4.400000e+01 2.054571e+02
      vertex   -5.501069e+01 4.742491e+01 2.054571e+02
      vertex   -5.176166e+01 4.400000e+01 2.053056e+02
    endloop
  endfacet
  facet normal -5.619461e-01 -5.600239e-01 6.087609e-01
    outer loop
      vertex   -5.176166e+01 4.400000e+01 2.053056e+02
      vertex   -5.501069e+01 4.742491e+01 2.054571e+02
      vertex   -5.512306e+01 4.731253e+01 2.052500e+02
    endloop
  endfacet
  facet normal -6.231101e-01 -6.244011e-01 4.710170e-01
    outer loop
      vertex   -5.176166e+01 4.400000e+01 2.053056e+02
      vertex   -5.512306e+01 4.731253e+01 2.052500e+02
      vertex   -5.189235e+01 4.400000e+01 2.051327e+02
    endloop
  endfacet
  facet normal -6.545878e-01 -6.519729e-01 3.826828e-01
    outer loop
      vertex   -5.189235e+01 4.400000e+01 2.051327e+02
      vertex   -5.512306e+01 4.731253e+01 2.052500e+02
      vertex   -5.519371e+01 4.724189e+01 2.050088e+02
    endloop
  endfacet
  facet normal -6.760548e-01 -6.773738e-01 2.900255e-01
    outer loop
      vertex   -5.189235e+01 4.400000e+01 2.051327e+02
      vertex   -5.519371e+01 4.724189e+01 2.050088e+02
      vertex   -5.197283e+01 4.400000e+01 2.049451e+02
    endloop
  endfacet
  facet normal -7.002609e-01 -6.986094e-01 1.468999e-01
    outer loop
      vertex   -5.197283e+01 4.400000e+01 2.049451e+02
      vertex   -5.519371e+01 4.724189e+01 2.050088e+02
      vertex   -5.199319e+01 4.400000e+01 2.048480e+02
    endloop
  endfacet
  facet normal -7.095450e-01 -7.029337e-01 4.929624e-02
    outer loop
      vertex   -5.199319e+01 4.400000e+01 2.048480e+02
      vertex   -5.519371e+01 4.724189e+01 2.050088e+02
      vertex   -5.200000e+01 4.400000e+01 2.047500e+02
    endloop
  endfacet
  facet normal -6.985406e-01 -7.000072e-01 1.484284e-01
    outer loop
      vertex   -5.200000e+01 4.400000e+01 2.047500e+02
      vertex   -5.519371e+01 4.724189e+01 2.050088e+02
      vertex   -5.913414e+01 5.114334e+01 2.048639e+02
    endloop
  endfacet
  facet normal -7.059556e-01 -7.059556e-01 5.703752e-02
    outer loop
      vertex   -5.200000e+01 4.400000e+01 2.047500e+02
      vertex   -5.913414e+01 5.114334e+01 2.048639e+02
      vertex   -5.914271e+01 5.114271e+01 2.047500e+02
    endloop
  endfacet
  facet normal -6.332085e-02 -6.652800e-02 9.957733e-01
    outer loop
      vertex   -5.780819e+01 5.121610e+01 2.057500e+02
      vertex   -5.803954e+01 5.120714e+01 2.057347e+02
      vertex   -5.469371e+01 4.774189e+01 2.057159e+02
    endloop
  endfacet
  facet normal -1.834655e-01 -1.823710e-01 9.659613e-01
    outer loop
      vertex   -5.469371e+01 4.774189e+01 2.057159e+02
      vertex   -5.803954e+01 5.120714e+01 2.057347e+02
      vertex   -5.826669e+01 5.119678e+01 2.056896e+02
    endloop
  endfacet
  facet normal -2.695137e-01 -2.716817e-01 9.238784e-01
    outer loop
      vertex   -5.469371e+01 4.774189e+01 2.057159e+02
      vertex   -5.826669e+01 5.119678e+01 2.056896e+02
      vertex   -5.486425e+01 4.757135e+01 2.056160e+02
    endloop
  endfacet
  facet normal -3.007637e-01 -3.006282e-01 9.050767e-01
    outer loop
      vertex   -5.486425e+01 4.757135e+01 2.056160e+02
      vertex   -5.826669e+01 5.119678e+01 2.056896e+02
      vertex   -5.848517e+01 5.118535e+01 2.056132e+02
    endloop
  endfacet
  facet normal -4.125928e-01 -4.127446e-01 8.120401e-01
    outer loop
      vertex   -5.486425e+01 4.757135e+01 2.056160e+02
      vertex   -5.848517e+01 5.118535e+01 2.056132e+02
      vertex   -5.868852e+01 5.117347e+01 2.055038e+02
    endloop
  endfacet
  facet normal -4.295686e-01 -4.313494e-01 7.933527e-01
    outer loop
      vertex   -5.486425e+01 4.757135e+01 2.056160e+02
      vertex   -5.868852e+01 5.117347e+01 2.055038e+02
      vertex   -5.501069e+01 4.742491e+01 2.054571e+02
    endloop
  endfacet
  facet normal -5.153123e-01 -5.141329e-01 6.856534e-01
    outer loop
      vertex   -5.501069e+01 4.742491e+01 2.054571e+02
      vertex   -5.868852e+01 5.117347e+01 2.055038e+02
      vertex   -5.886831e+01 5.116199e+01 2.053601e+02
    endloop
  endfacet
  facet normal -5.598580e-01 -5.621116e-01 6.087607e-01
    outer loop
      vertex   -5.501069e+01 4.742491e+01 2.054571e+02
      vertex   -5.886831e+01 5.116199e+01 2.053601e+02
      vertex   -5.512306e+01 4.731253e+01 2.052500e+02
    endloop
  endfacet
  facet normal -6.027189e-01 -6.014010e-01 5.244490e-01
    outer loop
      vertex   -5.512306e+01 4.731253e+01 2.052500e+02
      vertex   -5.886831e+01 5.116199e+01 2.053601e+02
      vertex   -5.901306e+01 5.115208e+01 2.051824e+02
    endloop
  endfacet
  facet normal -6.524705e-01 -6.543103e-01 3.823091e-01
    outer loop
      vertex   -5.512306e+01 4.731253e+01 2.052500e+02
      vertex   -5.901306e+01 5.115208e+01 2.051824e+02
      vertex   -5.906797e+01 5.114816e+01 2.050820e+02
    endloop
  endfacet
  facet normal -6.523707e-01 -6.541912e-01 3.826831e-01
    outer loop
      vertex   -5.512306e+01 4.731253e+01 2.052500e+02
      vertex   -5.906797e+01 5.114816e+01 2.050820e+02
      vertex   -5.519371e+01 4.724189e+01 2.050088e+02
    endloop
  endfacet
  facet normal -6.792142e-01 -6.788719e-01 2.789282e-01
    outer loop
      vertex   -5.519371e+01 4.724189e+01 2.050088e+02
      vertex   -5.906797e+01 5.114816e+01 2.050820e+02
      vertex   -5.910895e+01 5.114519e+01 2.049749e+02
    endloop
  endfacet
  facet normal -6.965302e-01 -6.971893e-01 1.696256e-01
    outer loop
      vertex   -5.519371e+01 4.724189e+01 2.050088e+02
      vertex   -5.910895e+01 5.114519e+01 2.049749e+02
      vertex   -5.913414e+01 5.114334e+01 2.048639e+02
    endloop
  endfacet
  facet normal -9.973416e-01 7.286779e-02 -8.562382e-05
    outer loop
      vertex   -5.664334e+01 5.363414e+01 2.048639e+02
      vertex   -5.664271e+01 5.364271e+01 2.047500e+02
      vertex   -5.664519e+01 5.360895e+01 2.049749e+02
    endloop
  endfacet
  facet normal -6.207486e-01 7.763045e-01 1.096470e-01
    outer loop
      vertex   -5.664519e+01 5.360895e+01 2.049749e+02
      vertex   -5.664271e+01 5.364271e+01 2.047500e+02
      vertex   -5.733539e+01 5.308882e+01 2.047500e+02
    endloop
  endfacet
  facet normal -6.275797e-01 7.602914e-01 1.676328e-01
    outer loop
      vertex   -5.664519e+01 5.360895e+01 2.049749e+02
      vertex   -5.733539e+01 5.308882e+01 2.047500e+02
      vertex   -5.753408e+01 5.286775e+01 2.050088e+02
    endloop
  endfacet
  facet normal -6.768777e-01 7.288617e-01 1.029424e-01
    outer loop
      vertex   -5.753408e+01 5.286775e+01 2.050088e+02
      vertex   -5.733539e+01 5.308882e+01 2.047500e+02
      vertex   -5.798528e+01 5.248528e+01 2.047500e+02
    endloop
  endfacet
  facet normal -6.949592e-01 6.949592e-01 1.845628e-01
    outer loop
      vertex   -5.753408e+01 5.286775e+01 2.050088e+02
      vertex   -5.798528e+01 5.248528e+01 2.047500e+02
      vertex   -5.836775e+01 5.203408e+01 2.050088e+02
    endloop
  endfacet
  facet normal -7.288617e-01 6.768777e-01 1.029424e-01
    outer loop
      vertex   -5.836775e+01 5.203408e+01 2.050088e+02
      vertex   -5.798528e+01 5.248528e+01 2.047500e+02
      vertex   -5.858882e+01 5.183539e+01 2.047500e+02
    endloop
  endfacet
  facet normal -7.602914e-01 6.275797e-01 1.676328e-01
    outer loop
      vertex   -5.836775e+01 5.203408e+01 2.050088e+02
      vertex   -5.858882e+01 5.183539e+01 2.047500e+02
      vertex   -5.910895e+01 5.114519e+01 2.049749e+02
    endloop
  endfacet
  facet normal -7.618630e-01 6.270535e-01 1.623844e-01
    outer loop
      vertex   -5.910895e+01 5.114519e+01 2.049749e+02
      vertex   -5.858882e+01 5.183539e+01 2.047500e+02
      vertex   -5.913414e+01 5.114334e+01 2.048639e+02
    endloop
  endfacet
  facet normal -7.798239e-01 6.235628e-01 5.517324e-02
    outer loop
      vertex   -5.913414e+01 5.114334e+01 2.048639e+02
      vertex   -5.858882e+01 5.183539e+01 2.047500e+02
      vertex   -5.914271e+01 5.114271e+01 2.047500e+02
    endloop
  endfacet
  facet normal -7.448818e-01 6.108965e-01 2.682472e-01
    outer loop
      vertex   -5.910895e+01 5.114519e+01 2.049749e+02
      vertex   -5.906797e+01 5.114816e+01 2.050820e+02
      vertex   -5.836775e+01 5.203408e+01 2.050088e+02
    endloop
  endfacet
  facet normal -7.145981e-01 5.951637e-01 3.675999e-01
    outer loop
      vertex   -5.836775e+01 5.203408e+01 2.050088e+02
      vertex   -5.906797e+01 5.114816e+01 2.050820e+02
      vertex   -5.901306e+01 5.115208e+01 2.051824e+02
    endloop
  endfacet
  facet normal -7.082292e-01 5.934238e-01 3.824390e-01
    outer loop
      vertex   -5.836775e+01 5.203408e+01 2.050088e+02
      vertex   -5.901306e+01 5.115208e+01 2.051824e+02
      vertex   -5.829371e+01 5.196701e+01 2.052500e+02
    endloop
  endfacet
  facet normal -6.649371e-01 5.445205e-01 5.112299e-01
    outer loop
      vertex   -5.829371e+01 5.196701e+01 2.052500e+02
      vertex   -5.901306e+01 5.115208e+01 2.051824e+02
      vertex   -5.886831e+01 5.116199e+01 2.053601e+02
    endloop
  endfacet
  facet normal -6.041389e-01 5.144377e-01 6.085804e-01
    outer loop
      vertex   -5.829371e+01 5.196701e+01 2.052500e+02
      vertex   -5.886831e+01 5.116199e+01 2.053601e+02
      vertex   -5.817594e+01 5.186031e+01 2.054571e+02
    endloop
  endfacet
  facet normal -5.691218e-01 4.705926e-01 6.742722e-01
    outer loop
      vertex   -5.817594e+01 5.186031e+01 2.054571e+02
      vertex   -5.886831e+01 5.116199e+01 2.053601e+02
      vertex   -5.868852e+01 5.117347e+01 2.055038e+02
    endloop
  endfacet
  facet normal -4.532864e-01 3.927102e-01 8.001938e-01
    outer loop
      vertex   -5.817594e+01 5.186031e+01 2.054571e+02
      vertex   -5.868852e+01 5.117347e+01 2.055038e+02
      vertex   -5.848517e+01 5.118535e+01 2.056132e+02
    endloop
  endfacet
  facet normal -4.629685e-01 3.955354e-01 7.932288e-01
    outer loop
      vertex   -5.817594e+01 5.186031e+01 2.054571e+02
      vertex   -5.848517e+01 5.118535e+01 2.056132e+02
      vertex   -5.802246e+01 5.172125e+01 2.056160e+02
    endloop
  endfacet
  facet normal -3.298806e-01 2.800497e-01 9.015270e-01
    outer loop
      vertex   -5.802246e+01 5.172125e+01 2.056160e+02
      vertex   -5.848517e+01 5.118535e+01 2.056132e+02
      vertex   -5.826669e+01 5.119678e+01 2.056896e+02
    endloop
  endfacet
  facet normal -2.806064e-01 2.602376e-01 9.238704e-01
    outer loop
      vertex   -5.802246e+01 5.172125e+01 2.056160e+02
      vertex   -5.826669e+01 5.119678e+01 2.056896e+02
      vertex   -5.784372e+01 5.155932e+01 2.057159e+02
    endloop
  endfacet
  facet normal -1.992863e-01 1.622725e-01 9.664122e-01
    outer loop
      vertex   -5.784372e+01 5.155932e+01 2.057159e+02
      vertex   -5.826669e+01 5.119678e+01 2.056896e+02
      vertex   -5.803954e+01 5.120714e+01 2.057347e+02
    endloop
  endfacet
  facet normal -9.706297e-02 1.066654e-01 9.895460e-01
    outer loop
      vertex   -5.784372e+01 5.155932e+01 2.057159e+02
      vertex   -5.803954e+01 5.120714e+01 2.057347e+02
      vertex   -5.745716e+01 5.159497e+01 2.057500e+02
    endloop
  endfacet
  facet normal -6.833780e-02 6.328903e-02 9.956528e-01
    outer loop
      vertex   -5.745716e+01 5.159497e+01 2.057500e+02
      vertex   -5.803954e+01 5.120714e+01 2.057347e+02
      vertex   -5.780819e+01 5.121610e+01 2.057500e+02
    endloop
  endfacet
  facet normal -1.684483e-03 1.534471e-03 9.999974e-01
    outer loop
      vertex   -5.745716e+01 5.159497e+01 2.057500e+02
      vertex   -5.780819e+01 5.121610e+01 2.057500e+02
      vertex   -5.780210e+01 5.121631e+01 2.057500e+02
    endloop
  endfacet
  facet normal -9.619971e-02 9.619971e-02 9.907024e-01
    outer loop
      vertex   -5.784372e+01 5.155932e+01 2.057159e+02
      vertex   -5.745716e+01 5.159497e+01 2.057500e+02
      vertex   -5.705932e+01 5.234372e+01 2.057159e+02
    endloop
  endfacet
  facet normal -9.619971e-02 9.619971e-02 9.907024e-01
    outer loop
      vertex   -5.705932e+01 5.234372e+01 2.057159e+02
      vertex   -5.745716e+01 5.159497e+01 2.057500e+02
      vertex   -5.709497e+01 5.195716e+01 2.057500e+02
    endloop
  endfacet
  facet normal -1.066654e-01 9.706297e-02 9.895460e-01
    outer loop
      vertex   -5.705932e+01 5.234372e+01 2.057159e+02
      vertex   -5.709497e+01 5.195716e+01 2.057500e+02
      vertex   -5.670714e+01 5.253954e+01 2.057347e+02
    endloop
  endfacet
  facet normal -6.328903e-02 6.833780e-02 9.956528e-01
    outer loop
      vertex   -5.670714e+01 5.253954e+01 2.057347e+02
      vertex   -5.709497e+01 5.195716e+01 2.057500e+02
      vertex   -5.671610e+01 5.230819e+01 2.057500e+02
    endloop
  endfacet
  facet normal -1.534471e-03 1.684483e-03 9.999974e-01
    outer loop
      vertex   -5.671610e+01 5.230819e+01 2.057500e+02
      vertex   -5.709497e+01 5.195716e+01 2.057500e+02
      vertex   -5.671631e+01 5.230210e+01 2.057500e+02
    endloop
  endfacet
  facet normal -1.622725e-01 1.992863e-01 9.664122e-01
    outer loop
      vertex   -5.670714e+01 5.253954e+01 2.057347e+02
      vertex   -5.669678e+01 5.276669e+01 2.056896e+02
      vertex   -5.705932e+01 5.234372e+01 2.057159e+02
    endloop
  endfacet
  facet normal -2.602376e-01 2.806064e-01 9.238704e-01
    outer loop
      vertex   -5.705932e+01 5.234372e+01 2.057159e+02
      vertex   -5.669678e+01 5.276669e+01 2.056896e+02
      vertex   -5.722125e+01 5.252246e+01 2.056160e+02
    endloop
  endfacet
  facet normal -2.708788e-01 2.708788e-01 9.237150e-01
    outer loop
      vertex   -5.705932e+01 5.234372e+01 2.057159e+02
      vertex   -5.722125e+01 5.252246e+01 2.056160e+02
      vertex   -5.784372e+01 5.155932e+01 2.057159e+02
    endloop
  endfacet
  facet normal -2.708788e-01 2.708788e-01 9.237150e-01
    outer loop
      vertex   -5.784372e+01 5.155932e+01 2.057159e+02
      vertex   -5.722125e+01 5.252246e+01 2.056160e+02
      vertex   -5.802246e+01 5.172125e+01 2.056160e+02
    endloop
  endfacet
  facet normal -2.800497e-01 3.298806e-01 9.015270e-01
    outer loop
      vertex   -5.669678e+01 5.276669e+01 2.056896e+02
      vertex   -5.668535e+01 5.298517e+01 2.056132e+02
      vertex   -5.722125e+01 5.252246e+01 2.056160e+02
    endloop
  endfacet
  facet normal -3.877910e-01 4.540538e-01 8.021554e-01
    outer loop
      vertex   -5.722125e+01 5.252246e+01 2.056160e+02
      vertex   -5.668535e+01 5.298517e+01 2.056132e+02
      vertex   -5.667347e+01 5.318852e+01 2.055038e+02
    endloop
  endfacet
  facet normal -3.978985e-01 4.608695e-01 7.932693e-01
    outer loop
      vertex   -5.722125e+01 5.252246e+01 2.056160e+02
      vertex   -5.667347e+01 5.318852e+01 2.055038e+02
      vertex   -5.736031e+01 5.267594e+01 2.054571e+02
    endloop
  endfacet
  facet normal -4.705926e-01 5.691218e-01 6.742722e-01
    outer loop
      vertex   -5.736031e+01 5.267594e+01 2.054571e+02
      vertex   -5.667347e+01 5.318852e+01 2.055038e+02
      vertex   -5.666199e+01 5.336831e+01 2.053601e+02
    endloop
  endfacet
  facet normal -5.144377e-01 6.041389e-01 6.085804e-01
    outer loop
      vertex   -5.736031e+01 5.267594e+01 2.054571e+02
      vertex   -5.666199e+01 5.336831e+01 2.053601e+02
      vertex   -5.746701e+01 5.279371e+01 2.052500e+02
    endloop
  endfacet
  facet normal -5.445205e-01 6.649371e-01 5.112299e-01
    outer loop
      vertex   -5.746701e+01 5.279371e+01 2.052500e+02
      vertex   -5.666199e+01 5.336831e+01 2.053601e+02
      vertex   -5.665208e+01 5.351306e+01 2.051824e+02
    endloop
  endfacet
  facet normal -5.934238e-01 7.082292e-01 3.824390e-01
    outer loop
      vertex   -5.746701e+01 5.279371e+01 2.052500e+02
      vertex   -5.665208e+01 5.351306e+01 2.051824e+02
      vertex   -5.753408e+01 5.286775e+01 2.050088e+02
    endloop
  endfacet
  facet normal -5.996889e-01 7.337738e-01 3.192949e-01
    outer loop
      vertex   -5.753408e+01 5.286775e+01 2.050088e+02
      vertex   -5.665208e+01 5.351306e+01 2.051824e+02
      vertex   -5.664519e+01 5.360895e+01 2.049749e+02
    endloop
  endfacet
  facet normal -9.976790e-01 6.807334e-02 -1.646659e-03
    outer loop
      vertex   -5.665208e+01 5.351306e+01 2.051824e+02
      vertex   -5.664816e+01 5.356797e+01 2.050820e+02
      vertex   -5.664519e+01 5.360895e+01 2.049749e+02
    endloop
  endfacet
  facet normal -6.533976e-01 6.533976e-01 3.822867e-01
    outer loop
      vertex   -5.836775e+01 5.203408e+01 2.050088e+02
      vertex   -5.829371e+01 5.196701e+01 2.052500e+02
      vertex   -5.753408e+01 5.286775e+01 2.050088e+02
    endloop
  endfacet
  facet normal -6.533976e-01 6.533976e-01 3.822867e-01
    outer loop
      vertex   -5.753408e+01 5.286775e+01 2.050088e+02
      vertex   -5.829371e+01 5.196701e+01 2.052500e+02
      vertex   -5.746701e+01 5.279371e+01 2.052500e+02
    endloop
  endfacet
  facet normal -4.307885e-01 4.307885e-01 7.929959e-01
    outer loop
      vertex   -5.802246e+01 5.172125e+01 2.056160e+02
      vertex   -5.722125e+01 5.252246e+01 2.056160e+02
      vertex   -5.736031e+01 5.267594e+01 2.054571e+02
    endloop
  endfacet
  facet normal -5.612380e-01 5.612380e-01 6.082959e-01
    outer loop
      vertex   -5.829371e+01 5.196701e+01 2.052500e+02
      vertex   -5.817594e+01 5.186031e+01 2.054571e+02
      vertex   -5.746701e+01 5.279371e+01 2.052500e+02
    endloop
  endfacet
  facet normal -5.612380e-01 5.612380e-01 6.082959e-01
    outer loop
      vertex   -5.746701e+01 5.279371e+01 2.052500e+02
      vertex   -5.817594e+01 5.186031e+01 2.054571e+02
      vertex   -5.736031e+01 5.267594e+01 2.054571e+02
    endloop
  endfacet
  facet normal -4.307885e-01 4.307885e-01 7.929959e-01
    outer loop
      vertex   -5.817594e+01 5.186031e+01 2.054571e+02
      vertex   -5.802246e+01 5.172125e+01 2.056160e+02
      vertex   -5.736031e+01 5.267594e+01 2.054571e+02
    endloop
  endfacet
  facet normal 7.062550e-01 7.062550e-01 4.906767e-02
    outer loop
      vertex   -4.950000e+01 4.650000e+01 2.047500e+02
      vertex   -5.664271e+01 5.364271e+01 2.047500e+02
      vertex   -4.950000e+01 4.649319e+01 2.048480e+02
    endloop
  endfacet
  facet normal 6.982322e-01 6.996449e-01 1.515549e-01
    outer loop
      vertex   -4.950000e+01 4.649319e+01 2.048480e+02
      vertex   -5.664271e+01 5.364271e+01 2.047500e+02
      vertex   -5.274189e+01 4.969371e+01 2.050088e+02
    endloop
  endfacet
  facet normal 6.986094e-01 7.002609e-01 1.468999e-01
    outer loop
      vertex   -4.950000e+01 4.649319e+01 2.048480e+02
      vertex   -5.274189e+01 4.969371e+01 2.050088e+02
      vertex   -4.950000e+01 4.647283e+01 2.049451e+02
    endloop
  endfacet
  facet normal 6.773738e-01 6.760548e-01 2.900255e-01
    outer loop
      vertex   -4.950000e+01 4.647283e+01 2.049451e+02
      vertex   -5.274189e+01 4.969371e+01 2.050088e+02
      vertex   -4.950000e+01 4.639235e+01 2.051327e+02
    endloop
  endfacet
  facet normal 6.519729e-01 6.545878e-01 3.826828e-01
    outer loop
      vertex   -4.950000e+01 4.639235e+01 2.051327e+02
      vertex   -5.274189e+01 4.969371e+01 2.050088e+02
      vertex   -5.281253e+01 4.962306e+01 2.052500e+02
    endloop
  endfacet
  facet normal 6.244011e-01 6.231101e-01 4.710170e-01
    outer loop
      vertex   -4.950000e+01 4.639235e+01 2.051327e+02
      vertex   -5.281253e+01 4.962306e+01 2.052500e+02
      vertex   -4.950000e+01 4.626166e+01 2.053056e+02
    endloop
  endfacet
  facet normal 5.600239e-01 5.619461e-01 6.087609e-01
    outer loop
      vertex   -4.950000e+01 4.626166e+01 2.053056e+02
      vertex   -5.281253e+01 4.962306e+01 2.052500e+02
      vertex   -5.292491e+01 4.951069e+01 2.054571e+02
    endloop
  endfacet
  facet normal 5.466009e-01 5.466009e-01 6.343933e-01
    outer loop
      vertex   -4.950000e+01 4.626166e+01 2.053056e+02
      vertex   -5.292491e+01 4.951069e+01 2.054571e+02
      vertex   -4.950000e+01 4.608579e+01 2.054571e+02
    endloop
  endfacet
  facet normal 4.485838e-01 4.485838e-01 7.730105e-01
    outer loop
      vertex   -4.950000e+01 4.608579e+01 2.054571e+02
      vertex   -5.292491e+01 4.951069e+01 2.054571e+02
      vertex   -4.950000e+01 4.587148e+01 2.055815e+02
    endloop
  endfacet
  facet normal 4.295510e-01 4.313670e-01 7.933527e-01
    outer loop
      vertex   -4.950000e+01 4.587148e+01 2.055815e+02
      vertex   -5.292491e+01 4.951069e+01 2.054571e+02
      vertex   -5.307135e+01 4.936425e+01 2.056160e+02
    endloop
  endfacet
  facet normal 3.343924e-01 3.331945e-01 8.815686e-01
    outer loop
      vertex   -4.950000e+01 4.587148e+01 2.055815e+02
      vertex   -5.307135e+01 4.936425e+01 2.056160e+02
      vertex   -4.950000e+01 4.562698e+01 2.056739e+02
    endloop
  endfacet
  facet normal 2.694271e-01 2.717682e-01 9.238783e-01
    outer loop
      vertex   -4.950000e+01 4.562698e+01 2.056739e+02
      vertex   -5.307135e+01 4.936425e+01 2.056160e+02
      vertex   -5.324189e+01 4.919371e+01 2.057159e+02
    endloop
  endfacet
  facet normal 2.063575e-01 2.052140e-01 9.567151e-01
    outer loop
      vertex   -4.950000e+01 4.562698e+01 2.056739e+02
      vertex   -5.324189e+01 4.919371e+01 2.057159e+02
      vertex   -4.950000e+01 4.536169e+01 2.057308e+02
    endloop
  endfacet
  facet normal 6.703638e-02 6.931937e-02 9.953396e-01
    outer loop
      vertex   -4.950000e+01 4.536169e+01 2.057308e+02
      vertex   -5.324189e+01 4.919371e+01 2.057159e+02
      vertex   -4.950000e+01 4.508579e+01 2.057500e+02
    endloop
  endfacet
  facet normal 1.100473e-01 1.084370e-01 9.879934e-01
    outer loop
      vertex   -4.950000e+01 4.508579e+01 2.057500e+02
      vertex   -5.324189e+01 4.919371e+01 2.057159e+02
      vertex   -5.670714e+01 5.253954e+01 2.057347e+02
    endloop
  endfacet
  facet normal 6.350445e-02 6.345040e-02 9.959625e-01
    outer loop
      vertex   -4.950000e+01 4.508579e+01 2.057500e+02
      vertex   -5.670714e+01 5.253954e+01 2.057347e+02
      vertex   -5.671610e+01 5.230819e+01 2.057500e+02
    endloop
  endfacet
  facet normal 7.084170e-01 7.034995e-01 5.686653e-02
    outer loop
      vertex   -5.664271e+01 5.364271e+01 2.047500e+02
      vertex   -5.664334e+01 5.363414e+01 2.048639e+02
      vertex   -5.274189e+01 4.969371e+01 2.050088e+02
    endloop
  endfacet
  facet normal 6.971893e-01 6.965302e-01 1.696256e-01
    outer loop
      vertex   -5.274189e+01 4.969371e+01 2.050088e+02
      vertex   -5.664334e+01 5.363414e+01 2.048639e+02
      vertex   -5.664519e+01 5.360895e+01 2.049749e+02
    endloop
  endfacet
  facet normal 6.788719e-01 6.792142e-01 2.789282e-01
    outer loop
      vertex   -5.274189e+01 4.969371e+01 2.050088e+02
      vertex   -5.664519e+01 5.360895e+01 2.049749e+02
      vertex   -5.664816e+01 5.356797e+01 2.050820e+02
    endloop
  endfacet
  facet normal 6.541912e-01 6.523707e-01 3.826831e-01
    outer loop
      vertex   -5.274189e+01 4.969371e+01 2.050088e+02
      vertex   -5.664816e+01 5.356797e+01 2.050820e+02
      vertex   -5.281253e+01 4.962306e+01 2.052500e+02
    endloop
  endfacet
  facet normal 6.543103e-01 6.524705e-01 3.823091e-01
    outer loop
      vertex   -5.281253e+01 4.962306e+01 2.052500e+02
      vertex   -5.664816e+01 5.356797e+01 2.050820e+02
      vertex   -5.665208e+01 5.351306e+01 2.051824e+02
    endloop
  endfacet
  facet normal 6.014010e-01 6.027189e-01 5.244490e-01
    outer loop
      vertex   -5.281253e+01 4.962306e+01 2.052500e+02
      vertex   -5.665208e+01 5.351306e+01 2.051824e+02
      vertex   -5.666199e+01 5.336831e+01 2.053601e+02
    endloop
  endfacet
  facet normal 5.621116e-01 5.598580e-01 6.087607e-01
    outer loop
      vertex   -5.281253e+01 4.962306e+01 2.052500e+02
      vertex   -5.666199e+01 5.336831e+01 2.053601e+02
      vertex   -5.292491e+01 4.951069e+01 2.054571e+02
    endloop
  endfacet
  facet normal 5.141329e-01 5.153123e-01 6.856534e-01
    outer loop
      vertex   -5.292491e+01 4.951069e+01 2.054571e+02
      vertex   -5.666199e+01 5.336831e+01 2.053601e+02
      vertex   -5.667347e+01 5.318852e+01 2.055038e+02
    endloop
  endfacet
  facet normal 4.313494e-01 4.295686e-01 7.933527e-01
    outer loop
      vertex   -5.292491e+01 4.951069e+01 2.054571e+02
      vertex   -5.667347e+01 5.318852e+01 2.055038e+02
      vertex   -5.307135e+01 4.936425e+01 2.056160e+02
    endloop
  endfacet
  facet normal 4.127446e-01 4.125928e-01 8.120401e-01
    outer loop
      vertex   -5.307135e+01 4.936425e+01 2.056160e+02
      vertex   -5.667347e+01 5.318852e+01 2.055038e+02
      vertex   -5.668535e+01 5.298517e+01 2.056132e+02
    endloop
  endfacet
  facet normal 3.006282e-01 3.007637e-01 9.050767e-01
    outer loop
      vertex   -5.307135e+01 4.936425e+01 2.056160e+02
      vertex   -5.668535e+01 5.298517e+01 2.056132e+02
      vertex   -5.669678e+01 5.276669e+01 2.056896e+02
    endloop
  endfacet
  facet normal 2.716817e-01 2.695137e-01 9.238784e-01
    outer loop
      vertex   -5.307135e+01 4.936425e+01 2.056160e+02
      vertex   -5.669678e+01 5.276669e+01 2.056896e+02
      vertex   -5.324189e+01 4.919371e+01 2.057159e+02
    endloop
  endfacet
  facet normal 1.823710e-01 1.834655e-01 9.659613e-01
    outer loop
      vertex   -5.324189e+01 4.919371e+01 2.057159e+02
      vertex   -5.669678e+01 5.276669e+01 2.056896e+02
      vertex   -5.670714e+01 5.253954e+01 2.057347e+02
    endloop
  endfacet
  facet normal 1.575523e-03 1.575523e-03 9.999975e-01
    outer loop
      vertex   -5.671610e+01 5.230819e+01 2.057500e+02
      vertex   -5.671631e+01 5.230210e+01 2.057500e+02
      vertex   -4.950000e+01 4.508579e+01 2.057500e+02
    endloop
  endfacet
  facet normal -7.059556e-01 7.059556e-01 5.703752e-02
    outer loop
      vertex   -4.235729e+01 5.364271e+01 2.047500e+02
      vertex   -4.950000e+01 4.650000e+01 2.047500e+02
      vertex   -4.235666e+01 5.363414e+01 2.048639e+02
    endloop
  endfacet
  facet normal -7.000072e-01 6.985406e-01 1.484284e-01
    outer loop
      vertex   -4.235666e+01 5.363414e+01 2.048639e+02
      vertex   -4.950000e+01 4.650000e+01 2.047500e+02
      vertex   -4.625811e+01 4.969371e+01 2.050088e+02
    endloop
  endfacet
  facet normal -6.971893e-01 6.965302e-01 1.696256e-01
    outer loop
      vertex   -4.235666e+01 5.363414e+01 2.048639e+02
      vertex   -4.625811e+01 4.969371e+01 2.050088e+02
      vertex   -4.235481e+01 5.360895e+01 2.049749e+02
    endloop
  endfacet
  facet normal -6.788719e-01 6.792142e-01 2.789282e-01
    outer loop
      vertex   -4.235481e+01 5.360895e+01 2.049749e+02
      vertex   -4.625811e+01 4.969371e+01 2.050088e+02
      vertex   -4.235184e+01 5.356797e+01 2.050820e+02
    endloop
  endfacet
  facet normal -6.541912e-01 6.523707e-01 3.826831e-01
    outer loop
      vertex   -4.235184e+01 5.356797e+01 2.050820e+02
      vertex   -4.625811e+01 4.969371e+01 2.050088e+02
      vertex   -4.618747e+01 4.962306e+01 2.052500e+02
    endloop
  endfacet
  facet normal -6.543103e-01 6.524705e-01 3.823091e-01
    outer loop
      vertex   -4.235184e+01 5.356797e+01 2.050820e+02
      vertex   -4.618747e+01 4.962306e+01 2.052500e+02
      vertex   -4.234792e+01 5.351306e+01 2.051824e+02
    endloop
  endfacet
  facet normal -6.014010e-01 6.027189e-01 5.244490e-01
    outer loop
      vertex   -4.234792e+01 5.351306e+01 2.051824e+02
      vertex   -4.618747e+01 4.962306e+01 2.052500e+02
      vertex   -4.233801e+01 5.336831e+01 2.053601e+02
    endloop
  endfacet
  facet normal -5.621116e-01 5.598580e-01 6.087607e-01
    outer loop
      vertex   -4.233801e+01 5.336831e+01 2.053601e+02
      vertex   -4.618747e+01 4.962306e+01 2.052500e+02
      vertex   -4.607509e+01 4.951069e+01 2.054571e+02
    endloop
  endfacet
  facet normal -5.141329e-01 5.153123e-01 6.856534e-01
    outer loop
      vertex   -4.233801e+01 5.336831e+01 2.053601e+02
      vertex   -4.607509e+01 4.951069e+01 2.054571e+02
      vertex   -4.232653e+01 5.318852e+01 2.055038e+02
    endloop
  endfacet
  facet normal -4.313494e-01 4.295686e-01 7.933527e-01
    outer loop
      vertex   -4.232653e+01 5.318852e+01 2.055038e+02
      vertex   -4.607509e+01 4.951069e+01 2.054571e+02
      vertex   -4.592865e+01 4.936425e+01 2.056160e+02
    endloop
  endfacet
  facet normal -4.127446e-01 4.125928e-01 8.120401e-01
    outer loop
      vertex   -4.232653e+01 5.318852e+01 2.055038e+02
      vertex   -4.592865e+01 4.936425e+01 2.056160e+02
      vertex   -4.231465e+01 5.298517e+01 2.056132e+02
    endloop
  endfacet
  facet normal -3.006282e-01 3.007637e-01 9.050767e-01
    outer loop
      vertex   -4.231465e+01 5.298517e+01 2.056132e+02
      vertex   -4.592865e+01 4.936425e+01 2.056160e+02
      vertex   -4.230322e+01 5.276669e+01 2.056896e+02
    endloop
  endfacet
  facet normal -2.716817e-01 2.695137e-01 9.238784e-01
    outer loop
      vertex   -4.230322e+01 5.276669e+01 2.056896e+02
      vertex   -4.592865e+01 4.936425e+01 2.056160e+02
      vertex   -4.575811e+01 4.919371e+01 2.057159e+02
    endloop
  endfacet
  facet normal -1.823710e-01 1.834655e-01 9.659613e-01
    outer loop
      vertex   -4.230322e+01 5.276669e+01 2.056896e+02
      vertex   -4.575811e+01 4.919371e+01 2.057159e+02
      vertex   -4.229286e+01 5.253954e+01 2.057347e+02
    endloop
  endfacet
  facet normal -6.652800e-02 6.332085e-02 9.957733e-01
    outer loop
      vertex   -4.229286e+01 5.253954e+01 2.057347e+02
      vertex   -4.575811e+01 4.919371e+01 2.057159e+02
      vertex   -4.228390e+01 5.230819e+01 2.057500e+02
    endloop
  endfacet
  facet normal -1.053632e-01 1.067190e-01 9.886909e-01
    outer loop
      vertex   -4.228390e+01 5.230819e+01 2.057500e+02
      vertex   -4.575811e+01 4.919371e+01 2.057159e+02
      vertex   -4.950000e+01 4.536169e+01 2.057308e+02
    endloop
  endfacet
  facet normal -6.936746e-02 6.930830e-02 9.951806e-01
    outer loop
      vertex   -4.228390e+01 5.230819e+01 2.057500e+02
      vertex   -4.950000e+01 4.536169e+01 2.057308e+02
      vertex   -4.950000e+01 4.508579e+01 2.057500e+02
    endloop
  endfacet
  facet normal -7.029337e-01 7.095450e-01 4.929624e-02
    outer loop
      vertex   -4.950000e+01 4.650000e+01 2.047500e+02
      vertex   -4.950000e+01 4.649319e+01 2.048480e+02
      vertex   -4.625811e+01 4.969371e+01 2.050088e+02
    endloop
  endfacet
  facet normal -6.986094e-01 7.002609e-01 1.468999e-01
    outer loop
      vertex   -4.625811e+01 4.969371e+01 2.050088e+02
      vertex   -4.950000e+01 4.649319e+01 2.048480e+02
      vertex   -4.950000e+01 4.647283e+01 2.049451e+02
    endloop
  endfacet
  facet normal -6.773738e-01 6.760548e-01 2.900255e-01
    outer loop
      vertex   -4.625811e+01 4.969371e+01 2.050088e+02
      vertex   -4.950000e+01 4.647283e+01 2.049451e+02
      vertex   -4.950000e+01 4.639235e+01 2.051327e+02
    endloop
  endfacet
  facet normal -6.519729e-01 6.545878e-01 3.826828e-01
    outer loop
      vertex   -4.625811e+01 4.969371e+01 2.050088e+02
      vertex   -4.950000e+01 4.639235e+01 2.051327e+02
      vertex   -4.618747e+01 4.962306e+01 2.052500e+02
    endloop
  endfacet
  facet normal -6.244011e-01 6.231101e-01 4.710170e-01
    outer loop
      vertex   -4.618747e+01 4.962306e+01 2.052500e+02
      vertex   -4.950000e+01 4.639235e+01 2.051327e+02
      vertex   -4.950000e+01 4.626166e+01 2.053056e+02
    endloop
  endfacet
  facet normal -5.600239e-01 5.619461e-01 6.087609e-01
    outer loop
      vertex   -4.618747e+01 4.962306e+01 2.052500e+02
      vertex   -4.950000e+01 4.626166e+01 2.053056e+02
      vertex   -4.607509e+01 4.951069e+01 2.054571e+02
    endloop
  endfacet
  facet normal -5.466009e-01 5.466009e-01 6.343933e-01
    outer loop
      vertex   -4.607509e+01 4.951069e+01 2.054571e+02
      vertex   -4.950000e+01 4.626166e+01 2.053056e+02
      vertex   -4.950000e+01 4.608579e+01 2.054571e+02
    endloop
  endfacet
  facet normal -4.485838e-01 4.485838e-01 7.730105e-01
    outer loop
      vertex   -4.607509e+01 4.951069e+01 2.054571e+02
      vertex   -4.950000e+01 4.608579e+01 2.054571e+02
      vertex   -4.950000e+01 4.587148e+01 2.055815e+02
    endloop
  endfacet
  facet normal -4.295510e-01 4.313670e-01 7.933527e-01
    outer loop
      vertex   -4.607509e+01 4.951069e+01 2.054571e+02
      vertex   -4.950000e+01 4.587148e+01 2.055815e+02
      vertex   -4.592865e+01 4.936425e+01 2.056160e+02
    endloop
  endfacet
  facet normal -3.343924e-01 3.331945e-01 8.815686e-01
    outer loop
      vertex   -4.592865e+01 4.936425e+01 2.056160e+02
      vertex   -4.950000e+01 4.587148e+01 2.055815e+02
      vertex   -4.950000e+01 4.562698e+01 2.056739e+02
    endloop
  endfacet
  facet normal -2.694271e-01 2.717682e-01 9.238783e-01
    outer loop
      vertex   -4.592865e+01 4.936425e+01 2.056160e+02
      vertex   -4.950000e+01 4.562698e+01 2.056739e+02
      vertex   -4.575811e+01 4.919371e+01 2.057159e+02
    endloop
  endfacet
  facet normal -2.063575e-01 2.052140e-01 9.567151e-01
    outer loop
      vertex   -4.575811e+01 4.919371e+01 2.057159e+02
      vertex   -4.950000e+01 4.562698e+01 2.056739e+02
      vertex   -4.950000e+01 4.536169e+01 2.057308e+02
    endloop
  endfacet
  facet normal -1.575523e-03 1.575523e-03 9.999975e-01
    outer loop
      vertex   -4.950000e+01 4.508579e+01 2.057500e+02
      vertex   -4.228369e+01 5.230210e+01 2.057500e+02
      vertex   -4.228390e+01 5.230819e+01 2.057500e+02
    endloop
  endfacet
  facet normal 7.286779e-02 9.973416e-01 -8.562382e-05
    outer loop
      vertex   -3.986586e+01 5.114334e+01 2.048639e+02
      vertex   -3.985729e+01 5.114271e+01 2.047500e+02
      vertex   -3.989105e+01 5.114519e+01 2.049749e+02
    endloop
  endfacet
  facet normal 7.763045e-01 6.207486e-01 1.096470e-01
    outer loop
      vertex   -3.989105e+01 5.114519e+01 2.049749e+02
      vertex   -3.985729e+01 5.114271e+01 2.047500e+02
      vertex   -4.041118e+01 5.183539e+01 2.047500e+02
    endloop
  endfacet
  facet normal 7.602914e-01 6.275797e-01 1.676328e-01
    outer loop
      vertex   -3.989105e+01 5.114519e+01 2.049749e+02
      vertex   -4.041118e+01 5.183539e+01 2.047500e+02
      vertex   -4.063225e+01 5.203408e+01 2.050088e+02
    endloop
  endfacet
  facet normal 7.288617e-01 6.768777e-01 1.029424e-01
    outer loop
      vertex   -4.063225e+01 5.203408e+01 2.050088e+02
      vertex   -4.041118e+01 5.183539e+01 2.047500e+02
      vertex   -4.101472e+01 5.248528e+01 2.047500e+02
    endloop
  endfacet
  facet normal 6.949592e-01 6.949592e-01 1.845628e-01
    outer loop
      vertex   -4.063225e+01 5.203408e+01 2.050088e+02
      vertex   -4.101472e+01 5.248528e+01 2.047500e+02
      vertex   -4.146592e+01 5.286775e+01 2.050088e+02
    endloop
  endfacet
  facet normal 6.768777e-01 7.288617e-01 1.029424e-01
    outer loop
      vertex   -4.146592e+01 5.286775e+01 2.050088e+02
      vertex   -4.101472e+01 5.248528e+01 2.047500e+02
      vertex   -4.166461e+01 5.308882e+01 2.047500e+02
    endloop
  endfacet
  facet normal 6.275797e-01 7.602914e-01 1.676328e-01
    outer loop
      vertex   -4.146592e+01 5.286775e+01 2.050088e+02
      vertex   -4.166461e+01 5.308882e+01 2.047500e+02
      vertex   -4.235481e+01 5.360895e+01 2.049749e+02
    endloop
  endfacet
  facet normal 6.270535e-01 7.618630e-01 1.623844e-01
    outer loop
      vertex   -4.235481e+01 5.360895e+01 2.049749e+02
      vertex   -4.166461e+01 5.308882e+01 2.047500e+02
      vertex   -4.235666e+01 5.363414e+01 2.048639e+02
    endloop
  endfacet
  facet normal 6.235628e-01 7.798239e-01 5.517324e-02
    outer loop
      vertex   -4.235666e+01 5.363414e+01 2.048639e+02
      vertex   -4.166461e+01 5.308882e+01 2.047500e+02
      vertex   -4.235729e+01 5.364271e+01 2.047500e+02
    endloop
  endfacet
  facet normal 6.108965e-01 7.448818e-01 2.682472e-01
    outer loop
      vertex   -4.235481e+01 5.360895e+01 2.049749e+02
      vertex   -4.235184e+01 5.356797e+01 2.050820e+02
      vertex   -4.146592e+01 5.286775e+01 2.050088e+02
    endloop
  endfacet
  facet normal 5.951637e-01 7.145981e-01 3.675999e-01
    outer loop
      vertex   -4.146592e+01 5.286775e+01 2.050088e+02
      vertex   -4.235184e+01 5.356797e+01 2.050820e+02
      vertex   -4.234792e+01 5.351306e+01 2.051824e+02
    endloop
  endfacet
  facet normal 5.934238e-01 7.082292e-01 3.824390e-01
    outer loop
      vertex   -4.146592e+01 5.286775e+01 2.050088e+02
      vertex   -4.234792e+01 5.351306e+01 2.051824e+02
      vertex   -4.153299e+01 5.279371e+01 2.052500e+02
    endloop
  endfacet
  facet normal 5.445205e-01 6.649371e-01 5.112299e-01
    outer loop
      vertex   -4.153299e+01 5.279371e+01 2.052500e+02
      vertex   -4.234792e+01 5.351306e+01 2.051824e+02
      vertex   -4.233801e+01 5.336831e+01 2.053601e+02
    endloop
  endfacet
  facet normal 5.144377e-01 6.041389e-01 6.085804e-01
    outer loop
      vertex   -4.153299e+01 5.279371e+01 2.052500e+02
      vertex   -4.233801e+01 5.336831e+01 2.053601e+02
      vertex   -4.163969e+01 5.267594e+01 2.054571e+02
    endloop
  endfacet
  facet normal 4.705926e-01 5.691218e-01 6.742722e-01
    outer loop
      vertex   -4.163969e+01 5.267594e+01 2.054571e+02
      vertex   -4.233801e+01 5.336831e+01 2.053601e+02
      vertex   -4.232653e+01 5.318852e+01 2.055038e+02
    endloop
  endfacet
  facet normal 3.927102e-01 4.532864e-01 8.001938e-01
    outer loop
      vertex   -4.163969e+01 5.267594e+01 2.054571e+02
      vertex   -4.232653e+01 5.318852e+01 2.055038e+02
      vertex   -4.231465e+01 5.298517e+01 2.056132e+02
    endloop
  endfacet
  facet normal 3.955354e-01 4.629685e-01 7.932288e-01
    outer loop
      vertex   -4.163969e+01 5.267594e+01 2.054571e+02
      vertex   -4.231465e+01 5.298517e+01 2.056132e+02
      vertex   -4.177875e+01 5.252246e+01 2.056160e+02
    endloop
  endfacet
  facet normal 2.800497e-01 3.298806e-01 9.015270e-01
    outer loop
      vertex   -4.177875e+01 5.252246e+01 2.056160e+02
      vertex   -4.231465e+01 5.298517e+01 2.056132e+02
      vertex   -4.230322e+01 5.276669e+01 2.056896e+02
    endloop
  endfacet
  facet normal 2.602376e-01 2.806064e-01 9.238704e-01
    outer loop
      vertex   -4.177875e+01 5.252246e+01 2.056160e+02
      vertex   -4.230322e+01 5.276669e+01 2.056896e+02
      vertex   -4.194068e+01 5.234372e+01 2.057159e+02
    endloop
  endfacet
  facet normal 1.622725e-01 1.992863e-01 9.664122e-01
    outer loop
      vertex   -4.194068e+01 5.234372e+01 2.057159e+02
      vertex   -4.230322e+01 5.276669e+01 2.056896e+02
      vertex   -4.229286e+01 5.253954e+01 2.057347e+02
    endloop
  endfacet
  facet normal 1.066654e-01 9.706297e-02 9.895460e-01
    outer loop
      vertex   -4.194068e+01 5.234372e+01 2.057159e+02
      vertex   -4.229286e+01 5.253954e+01 2.057347e+02
      vertex   -4.190503e+01 5.195716e+01 2.057500e+02
    endloop
  endfacet
  facet normal 6.328903e-02 6.833780e-02 9.956528e-01
    outer loop
      vertex   -4.190503e+01 5.195716e+01 2.057500e+02
      vertex   -4.229286e+01 5.253954e+01 2.057347e+02
      vertex   -4.228390e+01 5.230819e+01 2.057500e+02
    endloop
  endfacet
  facet normal 1.534471e-03 1.684483e-03 9.999974e-01
    outer loop
      vertex   -4.190503e+01 5.195716e+01 2.057500e+02
      vertex   -4.228390e+01 5.230819e+01 2.057500e+02
      vertex   -4.228369e+01 5.230210e+01 2.057500e+02
    endloop
  endfacet
  facet normal 9.619971e-02 9.619971e-02 9.907024e-01
    outer loop
      vertex   -4.194068e+01 5.234372e+01 2.057159e+02
      vertex   -4.190503e+01 5.195716e+01 2.057500e+02
      vertex   -4.115628e+01 5.155932e+01 2.057159e+02
    endloop
  endfacet
  facet normal 9.619971e-02 9.619971e-02 9.907024e-01
    outer loop
      vertex   -4.115628e+01 5.155932e+01 2.057159e+02
      vertex   -4.190503e+01 5.195716e+01 2.057500e+02
      vertex   -4.154284e+01 5.159497e+01 2.057500e+02
    endloop
  endfacet
  facet normal 9.706297e-02 1.066654e-01 9.895460e-01
    outer loop
      vertex   -4.115628e+01 5.155932e+01 2.057159e+02
      vertex   -4.154284e+01 5.159497e+01 2.057500e+02
      vertex   -4.096046e+01 5.120714e+01 2.057347e+02
    endloop
  endfacet
  facet normal 6.833780e-02 6.328903e-02 9.956528e-01
    outer loop
      vertex   -4.096046e+01 5.120714e+01 2.057347e+02
      vertex   -4.154284e+01 5.159497e+01 2.057500e+02
      vertex   -4.119181e+01 5.121610e+01 2.057500e+02
    endloop
  endfacet
  facet normal 1.684483e-03 1.534471e-03 9.999974e-01
    outer loop
      vertex   -4.119181e+01 5.121610e+01 2.057500e+02
      vertex   -4.154284e+01 5.159497e+01 2.057500e+02
      vertex   -4.119790e+01 5.121631e+01 2.057500e+02
    endloop
  endfacet
  facet normal 1.992863e-01 1.622725e-01 9.664122e-01
    outer loop
      vertex   -4.096046e+01 5.120714e+01 2.057347e+02
      vertex   -4.073331e+01 5.119678e+01 2.056896e+02
      vertex   -4.115628e+01 5.155932e+01 2.057159e+02
    endloop
  endfacet
  facet normal 2.806064e-01 2.602376e-01 9.238704e-01
    outer loop
      vertex   -4.115628e+01 5.155932e+01 2.057159e+02
      vertex   -4.073331e+01 5.119678e+01 2.056896e+02
      vertex   -4.097754e+01 5.172125e+01 2.056160e+02
    endloop
  endfacet
  facet normal 2.708788e-01 2.708788e-01 9.237150e-01
    outer loop
      vertex   -4.115628e+01 5.155932e+01 2.057159e+02
      vertex   -4.097754e+01 5.172125e+01 2.056160e+02
      vertex   -4.194068e+01 5.234372e+01 2.057159e+02
    endloop
  endfacet
  facet normal 2.708788e-01 2.708788e-01 9.237150e-01
    outer loop
      vertex   -4.194068e+01 5.234372e+01 2.057159e+02
      vertex   -4.097754e+01 5.172125e+01 2.056160e+02
      vertex   -4.177875e+01 5.252246e+01 2.056160e+02
    endloop
  endfacet
  facet normal 3.298806e-01 2.800497e-01 9.015270e-01
    outer loop
      vertex   -4.073331e+01 5.119678e+01 2.056896e+02
      vertex   -4.051483e+01 5.118535e+01 2.056132e+02
      vertex   -4.097754e+01 5.172125e+01 2.056160e+02
    endloop
  endfacet
  facet normal 4.540538e-01 3.877910e-01 8.021554e-01
    outer loop
      vertex   -4.097754e+01 5.172125e+01 2.056160e+02
      vertex   -4.051483e+01 5.118535e+01 2.056132e+02
      vertex   -4.031148e+01 5.117347e+01 2.055038e+02
    endloop
  endfacet
  facet normal 4.608695e-01 3.978985e-01 7.932693e-01
    outer loop
      vertex   -4.097754e+01 5.172125e+01 2.056160e+02
      vertex   -4.031148e+01 5.117347e+01 2.055038e+02
      vertex   -4.082406e+01 5.186031e+01 2.054571e+02
    endloop
  endfacet
  facet normal 5.691218e-01 4.705926e-01 6.742722e-01
    outer loop
      vertex   -4.082406e+01 5.186031e+01 2.054571e+02
      vertex   -4.031148e+01 5.117347e+01 2.055038e+02
      vertex   -4.013169e+01 5.116199e+01 2.053601e+02
    endloop
  endfacet
  facet normal 6.041389e-01 5.144377e-01 6.085804e-01
    outer loop
      vertex   -4.082406e+01 5.186031e+01 2.054571e+02
      vertex   -4.013169e+01 5.116199e+01 2.053601e+02
      vertex   -4.070629e+01 5.196701e+01 2.052500e+02
    endloop
  endfacet
  facet normal 6.649371e-01 5.445205e-01 5.112299e-01
    outer loop
      vertex   -4.070629e+01 5.196701e+01 2.052500e+02
      vertex   -4.013169e+01 5.116199e+01 2.053601e+02
      vertex   -3.998694e+01 5.115208e+01 2.051824e+02
    endloop
  endfacet
  facet normal 7.082292e-01 5.934238e-01 3.824390e-01
    outer loop
      vertex   -4.070629e+01 5.196701e+01 2.052500e+02
      vertex   -3.998694e+01 5.115208e+01 2.051824e+02
      vertex   -4.063225e+01 5.203408e+01 2.050088e+02
    endloop
  endfacet
  facet normal 7.337738e-01 5.996889e-01 3.192949e-01
    outer loop
      vertex   -4.063225e+01 5.203408e+01 2.050088e+02
      vertex   -3.998694e+01 5.115208e+01 2.051824e+02
      vertex   -3.989105e+01 5.114519e+01 2.049749e+02
    endloop
  endfacet
  facet normal 6.807334e-02 9.976790e-01 -1.646659e-03
    outer loop
      vertex   -3.998694e+01 5.115208e+01 2.051824e+02
      vertex   -3.993203e+01 5.114816e+01 2.050820e+02
      vertex   -3.989105e+01 5.114519e+01 2.049749e+02
    endloop
  endfacet
  facet normal 6.533976e-01 6.533976e-01 3.822867e-01
    outer loop
      vertex   -4.146592e+01 5.286775e+01 2.050088e+02
      vertex   -4.153299e+01 5.279371e+01 2.052500e+02
      vertex   -4.063225e+01 5.203408e+01 2.050088e+02
    endloop
  endfacet
  facet normal 6.533976e-01 6.533976e-01 3.822867e-01
    outer loop
      vertex   -4.063225e+01 5.203408e+01 2.050088e+02
      vertex   -4.153299e+01 5.279371e+01 2.052500e+02
      vertex   -4.070629e+01 5.196701e+01 2.052500e+02
    endloop
  endfacet
  facet normal 4.307885e-01 4.307885e-01 7.929959e-01
    outer loop
      vertex   -4.177875e+01 5.252246e+01 2.056160e+02
      vertex   -4.097754e+01 5.172125e+01 2.056160e+02
      vertex   -4.082406e+01 5.186031e+01 2.054571e+02
    endloop
  endfacet
  facet normal 5.612380e-01 5.612380e-01 6.082959e-01
    outer loop
      vertex   -4.153299e+01 5.279371e+01 2.052500e+02
      vertex   -4.163969e+01 5.267594e+01 2.054571e+02
      vertex   -4.070629e+01 5.196701e+01 2.052500e+02
    endloop
  endfacet
  facet normal 5.612380e-01 5.612380e-01 6.082959e-01
    outer loop
      vertex   -4.070629e+01 5.196701e+01 2.052500e+02
      vertex   -4.163969e+01 5.267594e+01 2.054571e+02
      vertex   -4.082406e+01 5.186031e+01 2.054571e+02
    endloop
  endfacet
  facet normal 4.307885e-01 4.307885e-01 7.929959e-01
    outer loop
      vertex   -4.163969e+01 5.267594e+01 2.054571e+02
      vertex   -4.177875e+01 5.252246e+01 2.056160e+02
      vertex   -4.082406e+01 5.186031e+01 2.054571e+02
    endloop
  endfacet
  facet normal 7.062550e-01 -7.062550e-01 4.906767e-02
    outer loop
      vertex   -4.700000e+01 4.400000e+01 2.047500e+02
      vertex   -3.985729e+01 5.114271e+01 2.047500e+02
      vertex   -4.700681e+01 4.400000e+01 2.048480e+02
    endloop
  endfacet
  facet normal 6.996449e-01 -6.982322e-01 1.515549e-01
    outer loop
      vertex   -4.700681e+01 4.400000e+01 2.048480e+02
      vertex   -3.985729e+01 5.114271e+01 2.047500e+02
      vertex   -4.380629e+01 4.724189e+01 2.050088e+02
    endloop
  endfacet
  facet normal 7.002609e-01 -6.986094e-01 1.468999e-01
    outer loop
      vertex   -4.700681e+01 4.400000e+01 2.048480e+02
      vertex   -4.380629e+01 4.724189e+01 2.050088e+02
      vertex   -4.702717e+01 4.400000e+01 2.049451e+02
    endloop
  endfacet
  facet normal 6.760548e-01 -6.773738e-01 2.900255e-01
    outer loop
      vertex   -4.702717e+01 4.400000e+01 2.049451e+02
      vertex   -4.380629e+01 4.724189e+01 2.050088e+02
      vertex   -4.710765e+01 4.400000e+01 2.051327e+02
    endloop
  endfacet
  facet normal 6.545878e-01 -6.519729e-01 3.826828e-01
    outer loop
      vertex   -4.710765e+01 4.400000e+01 2.051327e+02
      vertex   -4.380629e+01 4.724189e+01 2.050088e+02
      vertex   -4.387694e+01 4.731253e+01 2.052500e+02
    endloop
  endfacet
  facet normal 6.231101e-01 -6.244011e-01 4.710170e-01
    outer loop
      vertex   -4.710765e+01 4.400000e+01 2.051327e+02
      vertex   -4.387694e+01 4.731253e+01 2.052500e+02
      vertex   -4.723834e+01 4.400000e+01 2.053056e+02
    endloop
  endfacet
  facet normal 5.619461e-01 -5.600239e-01 6.087609e-01
    outer loop
      vertex   -4.723834e+01 4.400000e+01 2.053056e+02
      vertex   -4.387694e+01 4.731253e+01 2.052500e+02
      vertex   -4.398931e+01 4.742491e+01 2.054571e+02
    endloop
  endfacet
  facet normal 5.466009e-01 -5.466009e-01 6.343933e-01
    outer loop
      vertex   -4.723834e+01 4.400000e+01 2.053056e+02
      vertex   -4.398931e+01 4.742491e+01 2.054571e+02
      vertex   -4.741421e+01 4.400000e+01 2.054571e+02
    endloop
  endfacet
  facet normal 4.485838e-01 -4.485838e-01 7.730105e-01
    outer loop
      vertex   -4.741421e+01 4.400000e+01 2.054571e+02
      vertex   -4.398931e+01 4.742491e+01 2.054571e+02
      vertex   -4.762852e+01 4.400000e+01 2.055815e+02
    endloop
  endfacet
  facet normal 4.313670e-01 -4.295510e-01 7.933527e-01
    outer loop
      vertex   -4.762852e+01 4.400000e+01 2.055815e+02
      vertex   -4.398931e+01 4.742491e+01 2.054571e+02
      vertex   -4.413575e+01 4.757135e+01 2.056160e+02
    endloop
  endfacet
  facet normal 3.331945e-01 -3.343924e-01 8.815686e-01
    outer loop
      vertex   -4.762852e+01 4.400000e+01 2.055815e+02
      vertex   -4.413575e+01 4.757135e+01 2.056160e+02
      vertex   -4.787302e+01 4.400000e+01 2.056739e+02
    endloop
  endfacet
  facet normal 2.717682e-01 -2.694271e-01 9.238783e-01
    outer loop
      vertex   -4.787302e+01 4.400000e+01 2.056739e+02
      vertex   -4.413575e+01 4.757135e+01 2.056160e+02
      vertex   -4.430629e+01 4.774189e+01 2.057159e+02
    endloop
  endfacet
  facet normal 2.052140e-01 -2.063575e-01 9.567151e-01
    outer loop
      vertex   -4.787302e+01 4.400000e+01 2.056739e+02
      vertex   -4.430629e+01 4.774189e+01 2.057159e+02
      vertex   -4.813831e+01 4.400000e+01 2.057308e+02
    endloop
  endfacet
  facet normal 6.931937e-02 -6.703638e-02 9.953396e-01
    outer loop
      vertex   -4.813831e+01 4.400000e+01 2.057308e+02
      vertex   -4.430629e+01 4.774189e+01 2.057159e+02
      vertex   -4.841421e+01 4.400000e+01 2.057500e+02
    endloop
  endfacet
  facet normal 1.084370e-01 -1.100473e-01 9.879934e-01
    outer loop
      vertex   -4.841421e+01 4.400000e+01 2.057500e+02
      vertex   -4.430629e+01 4.774189e+01 2.057159e+02
      vertex   -4.096046e+01 5.120714e+01 2.057347e+02
    endloop
  endfacet
  facet normal 6.345040e-02 -6.350445e-02 9.959625e-01
    outer loop
      vertex   -4.841421e+01 4.400000e+01 2.057500e+02
      vertex   -4.096046e+01 5.120714e+01 2.057347e+02
      vertex   -4.119181e+01 5.121610e+01 2.057500e+02
    endloop
  endfacet
  facet normal 7.034995e-01 -7.084170e-01 5.686653e-02
    outer loop
      vertex   -3.985729e+01 5.114271e+01 2.047500e+02
      vertex   -3.986586e+01 5.114334e+01 2.048639e+02
      vertex   -4.380629e+01 4.724189e+01 2.050088e+02
    endloop
  endfacet
  facet normal 6.965302e-01 -6.971893e-01 1.696256e-01
    outer loop
      vertex   -4.380629e+01 4.724189e+01 2.050088e+02
      vertex   -3.986586e+01 5.114334e+01 2.048639e+02
      vertex   -3.989105e+01 5.114519e+01 2.049749e+02
    endloop
  endfacet
  facet normal 6.792142e-01 -6.788719e-01 2.789282e-01
    outer loop
      vertex   -4.380629e+01 4.724189e+01 2.050088e+02
      vertex   -3.989105e+01 5.114519e+01 2.049749e+02
      vertex   -3.993203e+01 5.114816e+01 2.050820e+02
    endloop
  endfacet
  facet normal 6.523707e-01 -6.541912e-01 3.826831e-01
    outer loop
      vertex   -4.380629e+01 4.724189e+01 2.050088e+02
      vertex   -3.993203e+01 5.114816e+01 2.050820e+02
      vertex   -4.387694e+01 4.731253e+01 2.052500e+02
    endloop
  endfacet
  facet normal 6.524705e-01 -6.543103e-01 3.823091e-01
    outer loop
      vertex   -4.387694e+01 4.731253e+01 2.052500e+02
      vertex   -3.993203e+01 5.114816e+01 2.050820e+02
      vertex   -3.998694e+01 5.115208e+01 2.051824e+02
    endloop
  endfacet
  facet normal 6.027189e-01 -6.014010e-01 5.244490e-01
    outer loop
      vertex   -4.387694e+01 4.731253e+01 2.052500e+02
      vertex   -3.998694e+01 5.115208e+01 2.051824e+02
      vertex   -4.013169e+01 5.116199e+01 2.053601e+02
    endloop
  endfacet
  facet normal 5.598580e-01 -5.621116e-01 6.087607e-01
    outer loop
      vertex   -4.387694e+01 4.731253e+01 2.052500e+02
      vertex   -4.013169e+01 5.116199e+01 2.053601e+02
      vertex   -4.398931e+01 4.742491e+01 2.054571e+02
    endloop
  endfacet
  facet normal 5.153123e-01 -5.141329e-01 6.856534e-01
    outer loop
      vertex   -4.398931e+01 4.742491e+01 2.054571e+02
      vertex   -4.013169e+01 5.116199e+01 2.053601e+02
      vertex   -4.031148e+01 5.117347e+01 2.055038e+02
    endloop
  endfacet
  facet normal 4.295686e-01 -4.313494e-01 7.933527e-01
    outer loop
      vertex   -4.398931e+01 4.742491e+01 2.054571e+02
      vertex   -4.031148e+01 5.117347e+01 2.055038e+02
      vertex   -4.413575e+01 4.757135e+01 2.056160e+02
    endloop
  endfacet
  facet normal 4.125928e-01 -4.127446e-01 8.120401e-01
    outer loop
      vertex   -4.413575e+01 4.757135e+01 2.056160e+02
      vertex   -4.031148e+01 5.117347e+01 2.055038e+02
      vertex   -4.051483e+01 5.118535e+01 2.056132e+02
    endloop
  endfacet
  facet normal 3.007637e-01 -3.006282e-01 9.050767e-01
    outer loop
      vertex   -4.413575e+01 4.757135e+01 2.056160e+02
      vertex   -4.051483e+01 5.118535e+01 2.056132e+02
      vertex   -4.073331e+01 5.119678e+01 2.056896e+02
    endloop
  endfacet
  facet normal 2.695137e-01 -2.716817e-01 9.238784e-01
    outer loop
      vertex   -4.413575e+01 4.757135e+01 2.056160e+02
      vertex   -4.073331e+01 5.119678e+01 2.056896e+02
      vertex   -4.430629e+01 4.774189e+01 2.057159e+02
    endloop
  endfacet
  facet normal 1.834655e-01 -1.823710e-01 9.659613e-01
    outer loop
      vertex   -4.430629e+01 4.774189e+01 2.057159e+02
      vertex   -4.073331e+01 5.119678e+01 2.056896e+02
      vertex   -4.096046e+01 5.120714e+01 2.057347e+02
    endloop
  endfacet
  facet normal 1.575523e-03 -1.575523e-03 9.999975e-01
    outer loop
      vertex   -4.119181e+01 5.121610e+01 2.057500e+02
      vertex   -4.119790e+01 5.121631e+01 2.057500e+02
      vertex   -4.841421e+01 4.400000e+01 2.057500e+02
    endloop
  endfacet
  facet normal -7.810134e-01 6.245139e-01 -5.945799e-04
    outer loop
      vertex   -5.858882e+01 5.183539e+01 2.047500e+02
      vertex   -5.839300e+01 5.205696e+01 1.802500e+02
      vertex   -5.914271e+01 5.114271e+01 2.047500e+02
    endloop
  endfacet
  facet normal -7.685502e-01 6.397893e-01 3.568231e-04
    outer loop
      vertex   -5.914271e+01 5.114271e+01 2.047500e+02
      vertex   -5.839300e+01 5.205696e+01 1.802500e+02
      vertex   -5.858882e+01 5.183539e+01 1.557500e+02
    endloop
  endfacet
  facet normal -7.810136e-01 6.245140e-01 0.000000e+00
    outer loop
      vertex   -5.914271e+01 5.114271e+01 2.047500e+02
      vertex   -5.858882e+01 5.183539e+01 1.557500e+02
      vertex   -5.914271e+01 5.114271e+01 1.557500e+02
    endloop
  endfacet
  facet normal -7.327546e-01 6.804929e-01 2.973803e-04
    outer loop
      vertex   -5.858882e+01 5.183539e+01 2.047500e+02
      vertex   -5.798528e+01 5.248528e+01 2.047500e+02
      vertex   -5.839300e+01 5.205696e+01 1.802500e+02
    endloop
  endfacet
  facet normal -7.071067e-01 7.071067e-01 -5.947153e-04
    outer loop
      vertex   -5.839300e+01 5.205696e+01 1.802500e+02
      vertex   -5.798528e+01 5.248528e+01 2.047500e+02
      vertex   -5.755696e+01 5.289300e+01 1.802500e+02
    endloop
  endfacet
  facet normal -7.071067e-01 7.071067e-01 5.947153e-04
    outer loop
      vertex   -5.839300e+01 5.205696e+01 1.802500e+02
      vertex   -5.755696e+01 5.289300e+01 1.802500e+02
      vertex   -5.798528e+01 5.248528e+01 1.557500e+02
    endloop
  endfacet
  facet normal -6.804929e-01 7.327546e-01 -2.973803e-04
    outer loop
      vertex   -5.798528e+01 5.248528e+01 1.557500e+02
      vertex   -5.755696e+01 5.289300e+01 1.802500e+02
      vertex   -5.733539e+01 5.308882e+01 1.557500e+02
    endloop
  endfacet
  facet normal -6.245139e-01 7.810134e-01 5.945799e-04
    outer loop
      vertex   -5.733539e+01 5.308882e+01 1.557500e+02
      vertex   -5.755696e+01 5.289300e+01 1.802500e+02
      vertex   -5.664271e+01 5.364271e+01 1.557500e+02
    endloop
  endfacet
  facet normal -6.397893e-01 7.685502e-01 -3.568231e-04
    outer loop
      vertex   -5.664271e+01 5.364271e+01 1.557500e+02
      vertex   -5.755696e+01 5.289300e+01 1.802500e+02
      vertex   -5.733539e+01 5.308882e+01 2.047500e+02
    endloop
  endfacet
  facet normal -6.245140e-01 7.810136e-01 0.000000e+00
    outer loop
      vertex   -5.664271e+01 5.364271e+01 1.557500e+02
      vertex   -5.733539e+01 5.308882e+01 2.047500e+02
      vertex   -5.664271e+01 5.364271e+01 2.047500e+02
    endloop
  endfacet
  facet normal -6.804929e-01 7.327546e-01 2.973803e-04
    outer loop
      vertex   -5.798528e+01 5.248528e+01 2.047500e+02
      vertex   -5.733539e+01 5.308882e+01 2.047500e+02
      vertex   -5.755696e+01 5.289300e+01 1.802500e+02
    endloop
  endfacet
  facet normal -7.327546e-01 6.804929e-01 -2.973803e-04
    outer loop
      vertex   -5.798528e+01 5.248528e+01 1.557500e+02
      vertex   -5.858882e+01 5.183539e+01 1.557500e+02
      vertex   -5.839300e+01 5.205696e+01 1.802500e+02
    endloop
  endfacet
  facet normal 7.071068e-01 7.071068e-01 0.000000e+00
    outer loop
      vertex   -5.664271e+01 5.364271e+01 2.047500e+02
      vertex   -4.950000e+01 4.650000e+01 2.047500e+02
      vertex   -5.664271e+01 5.364271e+01 1.557500e+02
    endloop
  endfacet
  facet normal 7.071068e-01 7.071068e-01 0.000000e+00
    outer loop
      vertex   -5.664271e+01 5.364271e+01 1.557500e+02
      vertex   -4.950000e+01 4.650000e+01 2.047500e+02
      vertex   -4.950000e+01 4.650000e+01 1.557500e+02
    endloop
  endfacet
  facet normal -7.071068e-01 7.071068e-01 0.000000e+00
    outer loop
      vertex   -4.950000e+01 4.650000e+01 2.047500e+02
      vertex   -4.235729e+01 5.364271e+01 2.047500e+02
      vertex   -4.950000e+01 4.650000e+01 1.557500e+02
    endloop
  endfacet
  facet normal -7.071068e-01 7.071068e-01 0.000000e+00
    outer loop
      vertex   -4.950000e+01 4.650000e+01 1.557500e+02
      vertex   -4.235729e+01 5.364271e+01 2.047500e+02
      vertex   -4.235729e+01 5.364271e+01 1.557500e+02
    endloop
  endfacet
  facet normal 6.245139e-01 7.810134e-01 -5.945799e-04
    outer loop
      vertex   -4.166461e+01 5.308882e+01 2.047500e+02
      vertex   -4.144304e+01 5.289300e+01 1.802500e+02
      vertex   -4.235729e+01 5.364271e+01 2.047500e+02
    endloop
  endfacet
  facet normal 6.397893e-01 7.685502e-01 3.568231e-04
    outer loop
      vertex   -4.235729e+01 5.364271e+01 2.047500e+02
      vertex   -4.144304e+01 5.289300e+01 1.802500e+02
      vertex   -4.166461e+01 5.308882e+01 1.557500e+02
    endloop
  endfacet
  facet normal 6.245140e-01 7.810136e-01 0.000000e+00
    outer loop
      vertex   -4.235729e+01 5.364271e+01 2.047500e+02
      vertex   -4.166461e+01 5.308882e+01 1.557500e+02
      vertex   -4.235729e+01 5.364271e+01 1.557500e+02
    endloop
  endfacet
  facet normal 6.804929e-01 7.327546e-01 2.973803e-04
    outer loop
      vertex   -4.166461e+01 5.308882e+01 2.047500e+02
      vertex   -4.101472e+01 5.248528e+01 2.047500e+02
      vertex   -4.144304e+01 5.289300e+01 1.802500e+02
    endloop
  endfacet
  facet normal 7.071067e-01 7.071067e-01 -5.947153e-04
    outer loop
      vertex   -4.144304e+01 5.289300e+01 1.802500e+02
      vertex   -4.101472e+01 5.248528e+01 2.047500e+02
      vertex   -4.060700e+01 5.205696e+01 1.802500e+02
    endloop
  endfacet
  facet normal 7.071067e-01 7.071067e-01 5.947153e-04
    outer loop
      vertex   -4.144304e+01 5.289300e+01 1.802500e+02
      vertex   -4.060700e+01 5.205696e+01 1.802500e+02
      vertex   -4.101472e+01 5.248528e+01 1.557500e+02
    endloop
  endfacet
  facet normal 7.327546e-01 6.804929e-01 -2.973803e-04
    outer loop
      vertex   -4.101472e+01 5.248528e+01 1.557500e+02
      vertex   -4.060700e+01 5.205696e+01 1.802500e+02
      vertex   -4.041118e+01 5.183539e+01 1.557500e+02
    endloop
  endfacet
  facet normal 7.810134e-01 6.245139e-01 5.945799e-04
    outer loop
      vertex   -4.041118e+01 5.183539e+01 1.557500e+02
      vertex   -4.060700e+01 5.205696e+01 1.802500e+02
      vertex   -3.985729e+01 5.114271e+01 1.557500e+02
    endloop
  endfacet
  facet normal 7.685502e-01 6.397893e-01 -3.568231e-04
    outer loop
      vertex   -3.985729e+01 5.114271e+01 1.557500e+02
      vertex   -4.060700e+01 5.205696e+01 1.802500e+02
      vertex   -4.041118e+01 5.183539e+01 2.047500e+02
    endloop
  endfacet
  facet normal 7.810136e-01 6.245140e-01 -0.000000e+00
    outer loop
      vertex   -3.985729e+01 5.114271e+01 1.557500e+02
      vertex   -4.041118e+01 5.183539e+01 2.047500e+02
      vertex   -3.985729e+01 5.114271e+01 2.047500e+02
    endloop
  endfacet
  facet normal 7.327546e-01 6.804929e-01 2.973803e-04
    outer loop
      vertex   -4.101472e+01 5.248528e+01 2.047500e+02
      vertex   -4.041118e+01 5.183539e+01 2.047500e+02
      vertex   -4.060700e+01 5.205696e+01 1.802500e+02
    endloop
  endfacet
  facet normal 6.804929e-01 7.327546e-01 -2.973803e-04
    outer loop
      vertex   -4.101472e+01 5.248528e+01 1.557500e+02
      vertex   -4.166461e+01 5.308882e+01 1.557500e+02
      vertex   -4.144304e+01 5.289300e+01 1.802500e+02
    endloop
  endfacet
  facet normal 7.071068e-01 -7.071068e-01 0.000000e+00
    outer loop
      vertex   -3.985729e+01 5.114271e+01 2.047500e+02
      vertex   -4.700000e+01 4.400000e+01 2.047500e+02
      vertex   -3.985729e+01 5.114271e+01 1.557500e+02
    endloop
  endfacet
  facet normal 7.071068e-01 -7.071068e-01 0.000000e+00
    outer loop
      vertex   -3.985729e+01 5.114271e+01 1.557500e+02
      vertex   -4.700000e+01 4.400000e+01 2.047500e+02
      vertex   -4.700000e+01 4.400000e+01 1.557500e+02
    endloop
  endfacet
  facet normal 7.071068e-01 7.071068e-01 0.000000e+00
    outer loop
      vertex   -4.700000e+01 4.400000e+01 2.047500e+02
      vertex   -3.985729e+01 3.685729e+01 2.047500e+02
      vertex   -4.700000e+01 4.400000e+01 1.557500e+02
    endloop
  endfacet
  facet normal 7.071068e-01 7.071068e-01 0.000000e+00
    outer loop
      vertex   -4.700000e+01 4.400000e+01 1.557500e+02
      vertex   -3.985729e+01 3.685729e+01 2.047500e+02
      vertex   -3.985729e+01 3.685729e+01 1.557500e+02
    endloop
  endfacet
  facet normal 0.000000e+00 0.000000e+00 1.000000e+00
    outer loop
      vertex   -4.119790e+01 3.678369e+01 2.057500e+02
      vertex   -4.841421e+01 4.400000e+01 2.057500e+02
      vertex   -4.154284e+01 3.640503e+01 2.057500e+02
    endloop
  endfacet
  facet normal 0.000000e+00 0.000000e+00 1.000000e+00
    outer loop
      vertex   -4.154284e+01 3.640503e+01 2.057500e+02
      vertex   -4.841421e+01 4.400000e+01 2.057500e+02
      vertex   -4.950000e+01 4.291421e+01 2.057500e+02
    endloop
  endfacet
  facet normal 0.000000e+00 0.000000e+00 1.000000e+00
    outer loop
      vertex   -4.154284e+01 3.640503e+01 2.057500e+02
      vertex   -4.950000e+01 4.291421e+01 2.057500e+02
      vertex   -4.190503e+01 3.604284e+01 2.057500e+02
    endloop
  endfacet
  facet normal 0.000000e+00 0.000000e+00 1.000000e+00
    outer loop
      vertex   -4.190503e+01 3.604284e+01 2.057500e+02
      vertex   -4.950000e+01 4.291421e+01 2.057500e+02
      vertex   -4.228369e+01 3.569790e+01 2.057500e+02
    endloop
  endfacet
  facet normal 0.000000e+00 0.000000e+00 1.000000e+00
    outer loop
      vertex   -4.119790e+01 5.121631e+01 2.057500e+02
      vertex   -4.154284e+01 5.159497e+01 2.057500e+02
      vertex   -4.841421e+01 4.400000e+01 2.057500e+02
    endloop
  endfacet
  facet normal 0.000000e+00 -0.000000e+00 1.000000e+00
    outer loop
      vertex   -4.841421e+01 4.400000e+01 2.057500e+02
      vertex   -4.154284e+01 5.159497e+01 2.057500e+02
      vertex   -4.950000e+01 4.508579e+01 2.057500e+02
    endloop
  endfacet
  facet normal 0.000000e+00 0.000000e+00 1.000000e+00
    outer loop
      vertex   -4.841421e+01 4.400000e+01 2.057500e+02
      vertex   -4.950000e+01 4.508579e+01 2.057500e+02
      vertex   -5.058579e+01 4.400000e+01 2.057500e+02
    endloop
  endfacet
  facet normal 0.000000e+00 -0.000000e+00 1.000000e+00
    outer loop
      vertex   -5.058579e+01 4.400000e+01 2.057500e+02
      vertex   -4.950000e+01 4.508579e+01 2.057500e+02
      vertex   -5.745716e+01 5.159497e+01 2.057500e+02
    endloop
  endfacet
  facet normal 0.000000e+00 0.000000e+00 1.000000e+00
    outer loop
      vertex   -5.058579e+01 4.400000e+01 2.057500e+02
      vertex   -5.745716e+01 5.159497e+01 2.057500e+02
      vertex   -5.780210e+01 5.121631e+01 2.057500e+02
    endloop
  endfacet
  facet normal 0.000000e+00 0.000000e+00 1.000000e+00
    outer loop
      vertex   -4.154284e+01 5.159497e+01 2.057500e+02
      vertex   -4.190503e+01 5.195716e+01 2.057500e+02
      vertex   -4.950000e+01 4.508579e+01 2.057500e+02
    endloop
  endfacet
  facet normal 0.000000e+00 0.000000e+00 1.000000e+00
    outer loop
      vertex   -4.950000e+01 4.508579e+01 2.057500e+02
      vertex   -4.190503e+01 5.195716e+01 2.057500e+02
      vertex   -4.228369e+01 5.230210e+01 2.057500e+02
    endloop
  endfacet
  facet normal 0.000000e+00 0.000000e+00 1.000000e+00
    outer loop
      vertex   -5.671631e+01 5.230210e+01 2.057500e+02
      vertex   -5.709497e+01 5.195716e+01 2.057500e+02
      vertex   -4.950000e+01 4.508579e+01 2.057500e+02
    endloop
  endfacet
  facet normal 0.000000e+00 0.000000e+00 1.000000e+00
    outer loop
      vertex   -4.950000e+01 4.508579e+01 2.057500e+02
      vertex   -5.709497e+01 5.195716e+01 2.057500e+02
      vertex   -5.745716e+01 5.159497e+01 2.057500e+02
    endloop
  endfacet
  facet normal -0.000000e+00 0.000000e+00 1.000000e+00
    outer loop
      vertex   -5.780210e+01 3.678369e+01 2.057500e+02
      vertex   -5.745716e+01 3.640503e+01 2.057500e+02
      vertex   -5.058579e+01 4.400000e+01 2.057500e+02
    endloop
  endfacet
  facet normal 0.000000e+00 0.000000e+00 1.000000e+00
    outer loop
      vertex   -5.058579e+01 4.400000e+01 2.057500e+02
      vertex   -5.745716e+01 3.640503e+01 2.057500e+02
      vertex   -4.950000e+01 4.291421e+01 2.057500e+02
    endloop
  endfacet
  facet normal -0.000000e+00 0.000000e+00 1.000000e+00
    outer loop
      vertex   -5.058579e+01 4.400000e+01 2.057500e+02
      vertex   -4.950000e+01 4.291421e+01 2.057500e+02
      vertex   -4.841421e+01 4.400000e+01 2.057500e+02
    endloop
  endfacet
  facet normal -0.000000e+00 0.000000e+00 1.000000e+00
    outer loop
      vertex   -5.745716e+01 3.640503e+01 2.057500e+02
      vertex   -5.709497e+01 3.604284e+01 2.057500e+02
      vertex   -4.950000e+01 4.291421e+01 2.057500e+02
    endloop
  endfacet
  facet normal 0.000000e+00 0.000000e+00 1.000000e+00
    outer loop
      vertex   -4.950000e+01 4.291421e+01 2.057500e+02
      vertex   -5.709497e+01 3.604284e+01 2.057500e+02
      vertex   -5.671631e+01 3.569790e+01 2.057500e+02
    endloop
  endfacet
  facet normal 7.071068e-01 -7.071068e-01 0.000000e+00
    outer loop
      vertex   -4.950000e+01 4.150000e+01 2.047500e+02
      vertex   -5.664271e+01 3.435729e+01 2.047500e+02
      vertex   -4.950000e+01 4.150000e+01 1.557500e+02
    endloop
  endfacet
  facet normal 7.071068e-01 -7.071068e-01 0.000000e+00
    outer loop
      vertex   -4.950000e+01 4.150000e+01 1.557500e+02
      vertex   -5.664271e+01 3.435729e+01 2.047500e+02
      vertex   -5.664271e+01 3.435729e+01 1.557500e+02
    endloop
  endfacet
  facet normal -6.245139e-01 -7.810134e-01 -5.945799e-04
    outer loop
      vertex   -5.733539e+01 3.491118e+01 2.047500e+02
      vertex   -5.755696e+01 3.510700e+01 1.802500e+02
      vertex   -5.664271e+01 3.435729e+01 2.047500e+02
    endloop
  endfacet
  facet normal -6.397893e-01 -7.685502e-01 3.568231e-04
    outer loop
      vertex   -5.664271e+01 3.435729e+01 2.047500e+02
      vertex   -5.755696e+01 3.510700e+01 1.802500e+02
      vertex   -5.733539e+01 3.491118e+01 1.557500e+02
    endloop
  endfacet
  facet normal -6.245140e-01 -7.810136e-01 -0.000000e+00
    outer loop
      vertex   -5.664271e+01 3.435729e+01 2.047500e+02
      vertex   -5.733539e+01 3.491118e+01 1.557500e+02
      vertex   -5.664271e+01 3.435729e+01 1.557500e+02
    endloop
  endfacet
  facet normal -6.804929e-01 -7.327546e-01 2.973803e-04
    outer loop
      vertex   -5.733539e+01 3.491118e+01 2.047500e+02
      vertex   -5.798528e+01 3.551472e+01 2.047500e+02
      vertex   -5.755696e+01 3.510700e+01 1.802500e+02
    endloop
  endfacet
  facet normal -7.071067e-01 -7.071067e-01 -5.947153e-04
    outer loop
      vertex   -5.755696e+01 3.510700e+01 1.802500e+02
      vertex   -5.798528e+01 3.551472e+01 2.047500e+02
      vertex   -5.839300e+01 3.594304e+01 1.802500e+02
    endloop
  endfacet
  facet normal -7.071067e-01 -7.071067e-01 5.947153e-04
    outer loop
      vertex   -5.755696e+01 3.510700e+01 1.802500e+02
      vertex   -5.839300e+01 3.594304e+01 1.802500e+02
      vertex   -5.798528e+01 3.551472e+01 1.557500e+02
    endloop
  endfacet
  facet normal -7.327546e-01 -6.804929e-01 -2.973803e-04
    outer loop
      vertex   -5.798528e+01 3.551472e+01 1.557500e+02
      vertex   -5.839300e+01 3.594304e+01 1.802500e+02
      vertex   -5.858882e+01 3.616461e+01 1.557500e+02
    endloop
  endfacet
  facet normal -7.810134e-01 -6.245139e-01 5.945799e-04
    outer loop
      vertex   -5.858882e+01 3.616461e+01 1.557500e+02
      vertex   -5.839300e+01 3.594304e+01 1.802500e+02
      vertex   -5.914271e+01 3.685729e+01 1.557500e+02
    endloop
  endfacet
  facet normal -7.685502e-01 -6.397893e-01 -3.568231e-04
    outer loop
      vertex   -5.914271e+01 3.685729e+01 1.557500e+02
      vertex   -5.839300e+01 3.594304e+01 1.802500e+02
      vertex   -5.858882e+01 3.616461e+01 2.047500e+02
    endloop
  endfacet
  facet normal -7.810136e-01 -6.245140e-01 0.000000e+00
    outer loop
      vertex   -5.914271e+01 3.685729e+01 1.557500e+02
      vertex   -5.858882e+01 3.616461e+01 2.047500e+02
      vertex   -5.914271e+01 3.685729e+01 2.047500e+02
    endloop
  endfacet
  facet normal -7.327546e-01 -6.804929e-01 2.973803e-04
    outer loop
      vertex   -5.798528e+01 3.551472e+01 2.047500e+02
      vertex   -5.858882e+01 3.616461e+01 2.047500e+02
      vertex   -5.839300e+01 3.594304e+01 1.802500e+02
    endloop
  endfacet
  facet normal -6.804929e-01 -7.327546e-01 -2.973803e-04
    outer loop
      vertex   -5.798528e+01 3.551472e+01 1.557500e+02
      vertex   -5.733539e+01 3.491118e+01 1.557500e+02
      vertex   -5.755696e+01 3.510700e+01 1.802500e+02
    endloop
  endfacet
  facet normal -7.071068e-01 7.071068e-01 0.000000e+00
    outer loop
      vertex   -5.914271e+01 3.685729e+01 2.047500e+02
      vertex   -5.200000e+01 4.400000e+01 2.047500e+02
      vertex   -5.914271e+01 3.685729e+01 1.557500e+02
    endloop
  endfacet
  facet normal -7.071068e-01 7.071068e-01 0.000000e+00
    outer loop
      vertex   -5.914271e+01 3.685729e+01 1.557500e+02
      vertex   -5.200000e+01 4.400000e+01 2.047500e+02
      vertex   -5.200000e+01 4.400000e+01 1.557500e+02
    endloop
  endfacet
  facet normal -7.071068e-01 -7.071068e-01 -0.000000e+00
    outer loop
      vertex   -5.200000e+01 4.400000e+01 2.047500e+02
      vertex   -5.914271e+01 5.114271e+01 2.047500e+02
      vertex   -5.200000e+01 4.400000e+01 1.557500e+02
    endloop
  endfacet
  facet normal -7.071068e-01 -7.071068e-01 0.000000e+00
    outer loop
      vertex   -5.200000e+01 4.400000e+01 1.557500e+02
      vertex   -5.914271e+01 5.114271e+01 2.047500e+02
      vertex   -5.914271e+01 5.114271e+01 1.557500e+02
    endloop
  endfacet
  facet normal 7.810134e-01 -6.245139e-01 -5.945799e-04
    outer loop
      vertex   -4.041118e+01 3.616461e+01 2.047500e+02
      vertex   -4.060700e+01 3.594304e+01 1.802500e+02
      vertex   -3.985729e+01 3.685729e+01 2.047500e+02
    endloop
  endfacet
  facet normal 7.685502e-01 -6.397893e-01 3.568231e-04
    outer loop
      vertex   -3.985729e+01 3.685729e+01 2.047500e+02
      vertex   -4.060700e+01 3.594304e+01 1.802500e+02
      vertex   -4.041118e+01 3.616461e+01 1.557500e+02
    endloop
  endfacet
  facet normal 7.810136e-01 -6.245140e-01 0.000000e+00
    outer loop
      vertex   -3.985729e+01 3.685729e+01 2.047500e+02
      vertex   -4.041118e+01 3.616461e+01 1.557500e+02
      vertex   -3.985729e+01 3.685729e+01 1.557500e+02
    endloop
  endfacet
  facet normal 7.327546e-01 -6.804929e-01 2.973803e-04
    outer loop
      vertex   -4.041118e+01 3.616461e+01 2.047500e+02
      vertex   -4.101472e+01 3.551472e+01 2.047500e+02
      vertex   -4.060700e+01 3.594304e+01 1.802500e+02
    endloop
  endfacet
  facet normal 7.071067e-01 -7.071067e-01 -5.947153e-04
    outer loop
      vertex   -4.060700e+01 3.594304e+01 1.802500e+02
      vertex   -4.101472e+01 3.551472e+01 2.047500e+02
      vertex   -4.144304e+01 3.510700e+01 1.802500e+02
    endloop
  endfacet
  facet normal 7.071067e-01 -7.071067e-01 5.947153e-04
    outer loop
      vertex   -4.060700e+01 3.594304e+01 1.802500e+02
      vertex   -4.144304e+01 3.510700e+01 1.802500e+02
      vertex   -4.101472e+01 3.551472e+01 1.557500e+02
    endloop
  endfacet
  facet normal 6.804929e-01 -7.327546e-01 -2.973803e-04
    outer loop
      vertex   -4.101472e+01 3.551472e+01 1.557500e+02
      vertex   -4.144304e+01 3.510700e+01 1.802500e+02
      vertex   -4.166461e+01 3.491118e+01 1.557500e+02
    endloop
  endfacet
  facet normal 6.245139e-01 -7.810134e-01 5.945799e-04
    outer loop
      vertex   -4.166461e+01 3.491118e+01 1.557500e+02
      vertex   -4.144304e+01 3.510700e+01 1.802500e+02
      vertex   -4.235729e+01 3.435729e+01 1.557500e+02
    endloop
  endfacet
  facet normal 6.397893e-01 -7.685502e-01 -3.568231e-04
    outer loop
      vertex   -4.235729e+01 3.435729e+01 1.557500e+02
      vertex   -4.144304e+01 3.510700e+01 1.802500e+02
      vertex   -4.166461e+01 3.491118e+01 2.047500e+02
    endloop
  endfacet
  facet normal 6.245140e-01 -7.810136e-01 0.000000e+00
    outer loop
      vertex   -4.235729e+01 3.435729e+01 1.557500e+02
      vertex   -4.166461e+01 3.491118e+01 2.047500e+02
      vertex   -4.235729e+01 3.435729e+01 2.047500e+02
    endloop
  endfacet
  facet normal 6.804929e-01 -7.327546e-01 2.973803e-04
    outer loop
      vertex   -4.101472e+01 3.551472e+01 2.047500e+02
      vertex   -4.166461e+01 3.491118e+01 2.047500e+02
      vertex   -4.144304e+01 3.510700e+01 1.802500e+02
    endloop
  endfacet
  facet normal 7.327546e-01 -6.804929e-01 -2.973803e-04
    outer loop
      vertex   -4.101472e+01 3.551472e+01 1.557500e+02
      vertex   -4.041118e+01 3.616461e+01 1.557500e+02
      vertex   -4.060700e+01 3.594304e+01 1.802500e+02
    endloop
  endfacet
  facet normal -7.071068e-01 -7.071068e-01 -0.000000e+00
    outer loop
      vertex   -4.235729e+01 3.435729e+01 2.047500e+02
      vertex   -4.950000e+01 4.150000e+01 2.047500e+02
      vertex   -4.235729e+01 3.435729e+01 1.557500e+02
    endloop
  endfacet
  facet normal -7.071068e-01 -7.071068e-01 0.000000e+00
    outer loop
      vertex   -4.235729e+01 3.435729e+01 1.557500e+02
      vertex   -4.950000e+01 4.150000e+01 2.047500e+02
      vertex   -4.950000e+01 4.150000e+01 1.557500e+02
    endloop
  endfacet
  facet normal 0.000000e+00 0.000000e+00 1.000000e+00
    outer loop
      vertex   -4.675380e+01 3.654625e+01 1.557500e+02
      vertex   -4.670000e+01 3.600000e+01 1.557500e+02
      vertex   -4.235729e+01 3.435729e+01 1.557500e+02
    endloop
  endfacet
  facet normal 0.000000e+00 0.000000e+00 1.000000e+00
    outer loop
      vertex   -4.235729e+01 3.435729e+01 1.557500e+02
      vertex   -4.670000e+01 3.600000e+01 1.557500e+02
      vertex   -4.675380e+01 3.545375e+01 1.557500e+02
    endloop
  endfacet
  facet normal 0.000000e+00 0.000000e+00 1.000000e+00
    outer loop
      vertex   -4.235729e+01 3.435729e+01 1.557500e+02
      vertex   -4.675380e+01 3.545375e+01 1.557500e+02
      vertex   -4.326392e+01 3.374762e+01 1.557500e+02
    endloop
  endfacet
  facet normal 0.000000e+00 0.000000e+00 1.000000e+00
    outer loop
      vertex   -4.326392e+01 3.374762e+01 1.557500e+02
      vertex   -4.675380e+01 3.545375e+01 1.557500e+02
      vertex   -4.691314e+01 3.492849e+01 1.557500e+02
    endloop
  endfacet
  facet normal 0.000000e+00 0.000000e+00 1.000000e+00
    outer loop
      vertex   -4.326392e+01 3.374762e+01 1.557500e+02
      vertex   -4.691314e+01 3.492849e+01 1.557500e+02
      vertex   -4.422225e+01 3.322293e+01 1.557500e+02
    endloop
  endfacet
  facet normal 0.000000e+00 0.000000e+00 1.000000e+00
    outer loop
      vertex   -4.422225e+01 3.322293e+01 1.557500e+02
      vertex   -4.691314e+01 3.492849e+01 1.557500e+02
      vertex   -4.717189e+01 3.444440e+01 1.557500e+02
    endloop
  endfacet
  facet normal 0.000000e+00 0.000000e+00 1.000000e+00
    outer loop
      vertex   -4.422225e+01 3.322293e+01 1.557500e+02
      vertex   -4.717189e+01 3.444440e+01 1.557500e+02
      vertex   -4.522432e+01 3.278757e+01 1.557500e+02
    endloop
  endfacet
  facet normal 0.000000e+00 0.000000e+00 1.000000e+00
    outer loop
      vertex   -4.522432e+01 3.278757e+01 1.557500e+02
      vertex   -4.717189e+01 3.444440e+01 1.557500e+02
      vertex   -4.752010e+01 3.402010e+01 1.557500e+02
    endloop
  endfacet
  facet normal 0.000000e+00 0.000000e+00 1.000000e+00
    outer loop
      vertex   -4.522432e+01 3.278757e+01 1.557500e+02
      vertex   -4.752010e+01 3.402010e+01 1.557500e+02
      vertex   -4.626184e+01 3.244516e+01 1.557500e+02
    endloop
  endfacet
  facet normal 0.000000e+00 0.000000e+00 1.000000e+00
    outer loop
      vertex   -4.626184e+01 3.244516e+01 1.557500e+02
      vertex   -4.752010e+01 3.402010e+01 1.557500e+02
      vertex   -4.794440e+01 3.367188e+01 1.557500e+02
    endloop
  endfacet
  facet normal 0.000000e+00 0.000000e+00 1.000000e+00
    outer loop
      vertex   -4.626184e+01 3.244516e+01 1.557500e+02
      vertex   -4.794440e+01 3.367188e+01 1.557500e+02
      vertex   -4.732620e+01 3.219854e+01 1.557500e+02
    endloop
  endfacet
  facet normal 0.000000e+00 0.000000e+00 1.000000e+00
    outer loop
      vertex   -4.732620e+01 3.219854e+01 1.557500e+02
      vertex   -4.794440e+01 3.367188e+01 1.557500e+02
      vertex   -4.842849e+01 3.341314e+01 1.557500e+02
    endloop
  endfacet
  facet normal 0.000000e+00 0.000000e+00 1.000000e+00
    outer loop
      vertex   -4.732620e+01 3.219854e+01 1.557500e+02
      vertex   -4.842849e+01 3.341314e+01 1.557500e+02
      vertex   -4.840857e+01 3.204974e+01 1.557500e+02
    endloop
  endfacet
  facet normal 0.000000e+00 0.000000e+00 1.000000e+00
    outer loop
      vertex   -4.840857e+01 3.204974e+01 1.557500e+02
      vertex   -4.842849e+01 3.341314e+01 1.557500e+02
      vertex   -4.895375e+01 3.325380e+01 1.557500e+02
    endloop
  endfacet
  facet normal 0.000000e+00 0.000000e+00 1.000000e+00
    outer loop
      vertex   -4.840857e+01 3.204974e+01 1.557500e+02
      vertex   -4.895375e+01 3.325380e+01 1.557500e+02
      vertex   -4.950000e+01 3.200000e+01 1.557500e+02
    endloop
  endfacet
  facet normal 0.000000e+00 0.000000e+00 1.000000e+00
    outer loop
      vertex   -4.950000e+01 3.200000e+01 1.557500e+02
      vertex   -4.895375e+01 3.325380e+01 1.557500e+02
      vertex   -4.950000e+01 3.320000e+01 1.557500e+02
    endloop
  endfacet
  facet normal 0.000000e+00 -0.000000e+00 1.000000e+00
    outer loop
      vertex   -4.950000e+01 3.200000e+01 1.557500e+02
      vertex   -4.950000e+01 3.320000e+01 1.557500e+02
      vertex   -5.004625e+01 3.325380e+01 1.557500e+02
    endloop
  endfacet
  facet normal 0.000000e+00 0.000000e+00 1.000000e+00
    outer loop
      vertex   -4.950000e+01 3.200000e+01 1.557500e+02
      vertex   -5.004625e+01 3.325380e+01 1.557500e+02
      vertex   -5.059143e+01 3.204974e+01 1.557500e+02
    endloop
  endfacet
  facet normal 0.000000e+00 0.000000e+00 1.000000e+00
    outer loop
      vertex   -5.059143e+01 3.204974e+01 1.557500e+02
      vertex   -5.004625e+01 3.325380e+01 1.557500e+02
      vertex   -5.057151e+01 3.341314e+01 1.557500e+02
    endloop
  endfacet
  facet normal 0.000000e+00 -0.000000e+00 1.000000e+00
    outer loop
      vertex   -5.059143e+01 3.204974e+01 1.557500e+02
      vertex   -5.057151e+01 3.341314e+01 1.557500e+02
      vertex   -5.167380e+01 3.219854e+01 1.557500e+02
    endloop
  endfacet
  facet normal 0.000000e+00 0.000000e+00 1.000000e+00
    outer loop
      vertex   -5.167380e+01 3.219854e+01 1.557500e+02
      vertex   -5.057151e+01 3.341314e+01 1.557500e+02
      vertex   -5.105560e+01 3.367188e+01 1.557500e+02
    endloop
  endfacet
  facet normal 0.000000e+00 -0.000000e+00 1.000000e+00
    outer loop
      vertex   -5.167380e+01 3.219854e+01 1.557500e+02
      vertex   -5.105560e+01 3.367188e+01 1.557500e+02
      vertex   -5.273816e+01 3.244516e+01 1.557500e+02
    endloop
  endfacet
  facet normal 0.000000e+00 0.000000e+00 1.000000e+00
    outer loop
      vertex   -5.273816e+01 3.244516e+01 1.557500e+02
      vertex   -5.105560e+01 3.367188e+01 1.557500e+02
      vertex   -5.147990e+01 3.402010e+01 1.557500e+02
    endloop
  endfacet
  facet normal 0.000000e+00 -0.000000e+00 1.000000e+00
    outer loop
      vertex   -5.273816e+01 3.244516e+01 1.557500e+02
      vertex   -5.147990e+01 3.402010e+01 1.557500e+02
      vertex   -5.377568e+01 3.278757e+01 1.557500e+02
    endloop
  endfacet
  facet normal 0.000000e+00 0.000000e+00 1.000000e+00
    outer loop
      vertex   -5.377568e+01 3.278757e+01 1.557500e+02
      vertex   -5.147990e+01 3.402010e+01 1.557500e+02
      vertex   -5.182811e+01 3.444440e+01 1.557500e+02
    endloop
  endfacet
  facet normal 0.000000e+00 -0.000000e+00 1.000000e+00
    outer loop
      vertex   -5.377568e+01 3.278757e+01 1.557500e+02
      vertex   -5.182811e+01 3.444440e+01 1.557500e+02
      vertex   -5.477775e+01 3.322293e+01 1.557500e+02
    endloop
  endfacet
  facet normal 0.000000e+00 0.000000e+00 1.000000e+00
    outer loop
      vertex   -5.477775e+01 3.322293e+01 1.557500e+02
      vertex   -5.182811e+01 3.444440e+01 1.557500e+02
      vertex   -5.208686e+01 3.492849e+01 1.557500e+02
    endloop
  endfacet
  facet normal 0.000000e+00 -0.000000e+00 1.000000e+00
    outer loop
      vertex   -5.477775e+01 3.322293e+01 1.557500e+02
      vertex   -5.208686e+01 3.492849e+01 1.557500e+02
      vertex   -5.573608e+01 3.374762e+01 1.557500e+02
    endloop
  endfacet
  facet normal 0.000000e+00 0.000000e+00 1.000000e+00
    outer loop
      vertex   -5.573608e+01 3.374762e+01 1.557500e+02
      vertex   -5.208686e+01 3.492849e+01 1.557500e+02
      vertex   -5.224620e+01 3.545375e+01 1.557500e+02
    endloop
  endfacet
  facet normal 0.000000e+00 -0.000000e+00 1.000000e+00
    outer loop
      vertex   -5.573608e+01 3.374762e+01 1.557500e+02
      vertex   -5.224620e+01 3.545375e+01 1.557500e+02
      vertex   -5.664271e+01 3.435729e+01 1.557500e+02
    endloop
  endfacet
  facet normal 0.000000e+00 0.000000e+00 1.000000e+00
    outer loop
      vertex   -5.664271e+01 3.435729e+01 1.557500e+02
      vertex   -5.224620e+01 3.545375e+01 1.557500e+02
      vertex   -5.230000e+01 3.600000e+01 1.557500e+02
    endloop
  endfacet
  facet normal 0.000000e+00 0.000000e+00 1.000000e+00
    outer loop
      vertex   -5.664271e+01 3.435729e+01 1.557500e+02
      vertex   -5.230000e+01 3.600000e+01 1.557500e+02
      vertex   -5.224620e+01 3.654625e+01 1.557500e+02
    endloop
  endfacet
  facet normal 0.000000e+00 -0.000000e+00 1.000000e+00
    outer loop
      vertex   -5.224620e+01 3.654625e+01 1.557500e+02
      vertex   -5.208686e+01 3.707151e+01 1.557500e+02
      vertex   -5.664271e+01 3.435729e+01 1.557500e+02
    endloop
  endfacet
  facet normal 0.000000e+00 0.000000e+00 1.000000e+00
    outer loop
      vertex   -5.664271e+01 3.435729e+01 1.557500e+02
      vertex   -5.208686e+01 3.707151e+01 1.557500e+02
      vertex   -5.182811e+01 3.755560e+01 1.557500e+02
    endloop
  endfacet
  facet normal 0.000000e+00 0.000000e+00 1.000000e+00
    outer loop
      vertex   -5.664271e+01 3.435729e+01 1.557500e+02
      vertex   -5.182811e+01 3.755560e+01 1.557500e+02
      vertex   -5.147990e+01 3.797990e+01 1.557500e+02
    endloop
  endfacet
  facet normal 0.000000e+00 0.000000e+00 1.000000e+00
    outer loop
      vertex   -5.664271e+01 3.435729e+01 1.557500e+02
      vertex   -5.147990e+01 3.797990e+01 1.557500e+02
      vertex   -4.950000e+01 4.150000e+01 1.557500e+02
    endloop
  endfacet
  facet normal 0.000000e+00 0.000000e+00 1.000000e+00
    outer loop
      vertex   -4.950000e+01 4.150000e+01 1.557500e+02
      vertex   -5.147990e+01 3.797990e+01 1.557500e+02
      vertex   -5.105560e+01 3.832811e+01 1.557500e+02
    endloop
  endfacet
  facet normal 0.000000e+00 0.000000e+00 1.000000e+00
    outer loop
      vertex   -4.950000e+01 4.150000e+01 1.557500e+02
      vertex   -5.105560e+01 3.832811e+01 1.557500e+02
      vertex   -5.057151e+01 3.858686e+01 1.557500e+02
    endloop
  endfacet
  facet normal 0.000000e+00 0.000000e+00 1.000000e+00
    outer loop
      vertex   -5.057151e+01 3.858686e+01 1.557500e+02
      vertex   -5.004625e+01 3.874620e+01 1.557500e+02
      vertex   -4.950000e+01 4.150000e+01 1.557500e+02
    endloop
  endfacet
  facet normal 0.000000e+00 0.000000e+00 1.000000e+00
    outer loop
      vertex   -4.950000e+01 4.150000e+01 1.557500e+02
      vertex   -5.004625e+01 3.874620e+01 1.557500e+02
      vertex   -4.950000e+01 3.880000e+01 1.557500e+02
    endloop
  endfacet
  facet normal 0.000000e+00 0.000000e+00 1.000000e+00
    outer loop
      vertex   -4.950000e+01 4.150000e+01 1.557500e+02
      vertex   -4.950000e+01 3.880000e+01 1.557500e+02
      vertex   -4.895375e+01 3.874620e+01 1.557500e+02
    endloop
  endfacet
  facet normal -0.000000e+00 -0.000000e+00 1.000000e+00
    outer loop
      vertex   -4.895375e+01 3.874620e+01 1.557500e+02
      vertex   -4.842849e+01 3.858686e+01 1.557500e+02
      vertex   -4.950000e+01 4.150000e+01 1.557500e+02
    endloop
  endfacet
  facet normal 0.000000e+00 0.000000e+00 1.000000e+00
    outer loop
      vertex   -4.950000e+01 4.150000e+01 1.557500e+02
      vertex   -4.842849e+01 3.858686e+01 1.557500e+02
      vertex   -4.794440e+01 3.832811e+01 1.557500e+02
    endloop
  endfacet
  facet normal 0.000000e+00 0.000000e+00 1.000000e+00
    outer loop
      vertex   -4.950000e+01 4.150000e+01 1.557500e+02
      vertex   -4.794440e+01 3.832811e+01 1.557500e+02
      vertex   -4.752010e+01 3.797990e+01 1.557500e+02
    endloop
  endfacet
  facet normal 0.000000e+00 0.000000e+00 1.000000e+00
    outer loop
      vertex   -4.950000e+01 4.150000e+01 1.557500e+02
      vertex   -4.752010e+01 3.797990e+01 1.557500e+02
      vertex   -4.235729e+01 3.435729e+01 1.557500e+02
    endloop
  endfacet
  facet normal 0.000000e+00 0.000000e+00 1.000000e+00
    outer loop
      vertex   -4.235729e+01 3.435729e+01 1.557500e+02
      vertex   -4.752010e+01 3.797990e+01 1.557500e+02
      vertex   -4.717189e+01 3.755560e+01 1.557500e+02
    endloop
  endfacet
  facet normal 0.000000e+00 0.000000e+00 1.000000e+00
    outer loop
      vertex   -4.235729e+01 3.435729e+01 1.557500e+02
      vertex   -4.717189e+01 3.755560e+01 1.557500e+02
      vertex   -4.691314e+01 3.707151e+01 1.557500e+02
    endloop
  endfacet
  facet normal 0.000000e+00 0.000000e+00 1.000000e+00
    outer loop
      vertex   -4.691314e+01 3.707151e+01 1.557500e+02
      vertex   -4.675380e+01 3.654625e+01 1.557500e+02
      vertex   -4.235729e+01 3.435729e+01 1.557500e+02
    endloop
  endfacet
  facet normal 0.000000e+00 0.000000e+00 1.000000e+00
    outer loop
      vertex   -3.875380e+01 4.454625e+01 1.557500e+02
      vertex   -3.870000e+01 4.400000e+01 1.557500e+02
      vertex   -3.750000e+01 4.400000e+01 1.557500e+02
    endloop
  endfacet
  facet normal 0.000000e+00 0.000000e+00 1.000000e+00
    outer loop
      vertex   -3.750000e+01 4.400000e+01 1.557500e+02
      vertex   -3.870000e+01 4.400000e+01 1.557500e+02
      vertex   -3.875380e+01 4.345375e+01 1.557500e+02
    endloop
  endfacet
  facet normal 0.000000e+00 0.000000e+00 1.000000e+00
    outer loop
      vertex   -3.750000e+01 4.400000e+01 1.557500e+02
      vertex   -3.875380e+01 4.345375e+01 1.557500e+02
      vertex   -3.754974e+01 4.290857e+01 1.557500e+02
    endloop
  endfacet
  facet normal 0.000000e+00 0.000000e+00 1.000000e+00
    outer loop
      vertex   -3.754974e+01 4.290857e+01 1.557500e+02
      vertex   -3.875380e+01 4.345375e+01 1.557500e+02
      vertex   -3.891314e+01 4.292849e+01 1.557500e+02
    endloop
  endfacet
  facet normal 0.000000e+00 0.000000e+00 1.000000e+00
    outer loop
      vertex   -3.754974e+01 4.290857e+01 1.557500e+02
      vertex   -3.891314e+01 4.292849e+01 1.557500e+02
      vertex   -3.769854e+01 4.182620e+01 1.557500e+02
    endloop
  endfacet
  facet normal 0.000000e+00 0.000000e+00 1.000000e+00
    outer loop
      vertex   -3.769854e+01 4.182620e+01 1.557500e+02
      vertex   -3.891314e+01 4.292849e+01 1.557500e+02
      vertex   -3.917188e+01 4.244440e+01 1.557500e+02
    endloop
  endfacet
  facet normal 0.000000e+00 0.000000e+00 1.000000e+00
    outer loop
      vertex   -3.769854e+01 4.182620e+01 1.557500e+02
      vertex   -3.917188e+01 4.244440e+01 1.557500e+02
      vertex   -3.794516e+01 4.076184e+01 1.557500e+02
    endloop
  endfacet
  facet normal 0.000000e+00 0.000000e+00 1.000000e+00
    outer loop
      vertex   -3.794516e+01 4.076184e+01 1.557500e+02
      vertex   -3.917188e+01 4.244440e+01 1.557500e+02
      vertex   -3.952010e+01 4.202010e+01 1.557500e+02
    endloop
  endfacet
  facet normal 0.000000e+00 0.000000e+00 1.000000e+00
    outer loop
      vertex   -3.794516e+01 4.076184e+01 1.557500e+02
      vertex   -3.952010e+01 4.202010e+01 1.557500e+02
      vertex   -3.828757e+01 3.972432e+01 1.557500e+02
    endloop
  endfacet
  facet normal 0.000000e+00 0.000000e+00 1.000000e+00
    outer loop
      vertex   -3.828757e+01 3.972432e+01 1.557500e+02
      vertex   -3.952010e+01 4.202010e+01 1.557500e+02
      vertex   -3.994440e+01 4.167189e+01 1.557500e+02
    endloop
  endfacet
  facet normal 0.000000e+00 0.000000e+00 1.000000e+00
    outer loop
      vertex   -3.828757e+01 3.972432e+01 1.557500e+02
      vertex   -3.994440e+01 4.167189e+01 1.557500e+02
      vertex   -3.872293e+01 3.872225e+01 1.557500e+02
    endloop
  endfacet
  facet normal 0.000000e+00 0.000000e+00 1.000000e+00
    outer loop
      vertex   -3.872293e+01 3.872225e+01 1.557500e+02
      vertex   -3.994440e+01 4.167189e+01 1.557500e+02
      vertex   -4.042849e+01 4.141314e+01 1.557500e+02
    endloop
  endfacet
  facet normal 0.000000e+00 0.000000e+00 1.000000e+00
    outer loop
      vertex   -3.872293e+01 3.872225e+01 1.557500e+02
      vertex   -4.042849e+01 4.141314e+01 1.557500e+02
      vertex   -3.924762e+01 3.776392e+01 1.557500e+02
    endloop
  endfacet
  facet normal 0.000000e+00 0.000000e+00 1.000000e+00
    outer loop
      vertex   -3.924762e+01 3.776392e+01 1.557500e+02
      vertex   -4.042849e+01 4.141314e+01 1.557500e+02
      vertex   -4.095375e+01 4.125380e+01 1.557500e+02
    endloop
  endfacet
  facet normal 0.000000e+00 0.000000e+00 1.000000e+00
    outer loop
      vertex   -3.924762e+01 3.776392e+01 1.557500e+02
      vertex   -4.095375e+01 4.125380e+01 1.557500e+02
      vertex   -3.985729e+01 3.685729e+01 1.557500e+02
    endloop
  endfacet
  facet normal 0.000000e+00 0.000000e+00 1.000000e+00
    outer loop
      vertex   -3.985729e+01 3.685729e+01 1.557500e+02
      vertex   -4.095375e+01 4.125380e+01 1.557500e+02
      vertex   -4.150000e+01 4.120000e+01 1.557500e+02
    endloop
  endfacet
  facet normal 0.000000e+00 0.000000e+00 1.000000e+00
    outer loop
      vertex   -3.985729e+01 3.685729e+01 1.557500e+02
      vertex   -4.150000e+01 4.120000e+01 1.557500e+02
      vertex   -4.204625e+01 4.125380e+01 1.557500e+02
    endloop
  endfacet
  facet normal 0.000000e+00 0.000000e+00 1.000000e+00
    outer loop
      vertex   -4.204625e+01 4.125380e+01 1.557500e+02
      vertex   -4.257151e+01 4.141314e+01 1.557500e+02
      vertex   -3.985729e+01 3.685729e+01 1.557500e+02
    endloop
  endfacet
  facet normal 0.000000e+00 0.000000e+00 1.000000e+00
    outer loop
      vertex   -3.985729e+01 3.685729e+01 1.557500e+02
      vertex   -4.257151e+01 4.141314e+01 1.557500e+02
      vertex   -4.305560e+01 4.167189e+01 1.557500e+02
    endloop
  endfacet
  facet normal 0.000000e+00 0.000000e+00 1.000000e+00
    outer loop
      vertex   -3.985729e+01 3.685729e+01 1.557500e+02
      vertex   -4.305560e+01 4.167189e+01 1.557500e+02
      vertex   -4.347990e+01 4.202010e+01 1.557500e+02
    endloop
  endfacet
  facet normal 0.000000e+00 0.000000e+00 1.000000e+00
    outer loop
      vertex   -3.985729e+01 3.685729e+01 1.557500e+02
      vertex   -4.347990e+01 4.202010e+01 1.557500e+02
      vertex   -4.700000e+01 4.400000e+01 1.557500e+02
    endloop
  endfacet
  facet normal 0.000000e+00 0.000000e+00 1.000000e+00
    outer loop
      vertex   -4.700000e+01 4.400000e+01 1.557500e+02
      vertex   -4.347990e+01 4.202010e+01 1.557500e+02
      vertex   -4.382811e+01 4.244440e+01 1.557500e+02
    endloop
  endfacet
  facet normal 0.000000e+00 0.000000e+00 1.000000e+00
    outer loop
      vertex   -4.700000e+01 4.400000e+01 1.557500e+02
      vertex   -4.382811e+01 4.244440e+01 1.557500e+02
      vertex   -4.408686e+01 4.292849e+01 1.557500e+02
    endloop
  endfacet
  facet normal 0.000000e+00 0.000000e+00 1.000000e+00
    outer loop
      vertex   -4.408686e+01 4.292849e+01 1.557500e+02
      vertex   -4.424620e+01 4.345375e+01 1.557500e+02
      vertex   -4.700000e+01 4.400000e+01 1.557500e+02
    endloop
  endfacet
  facet normal -0.000000e+00 0.000000e+00 1.000000e+00
    outer loop
      vertex   -4.700000e+01 4.400000e+01 1.557500e+02
      vertex   -4.424620e+01 4.345375e+01 1.557500e+02
      vertex   -4.430000e+01 4.400000e+01 1.557500e+02
    endloop
  endfacet
  facet normal 0.000000e+00 0.000000e+00 1.000000e+00
    outer loop
      vertex   -4.700000e+01 4.400000e+01 1.557500e+02
      vertex   -4.430000e+01 4.400000e+01 1.557500e+02
      vertex   -4.424620e+01 4.454625e+01 1.557500e+02
    endloop
  endfacet
  facet normal 0.000000e+00 -0.000000e+00 1.000000e+00
    outer loop
      vertex   -4.424620e+01 4.454625e+01 1.557500e+02
      vertex   -4.408686e+01 4.507151e+01 1.557500e+02
      vertex   -4.700000e+01 4.400000e+01 1.557500e+02
    endloop
  endfacet
  facet normal 0.000000e+00 0.000000e+00 1.000000e+00
    outer loop
      vertex   -4.700000e+01 4.400000e+01 1.557500e+02
      vertex   -4.408686e+01 4.507151e+01 1.557500e+02
      vertex   -4.382811e+01 4.555560e+01 1.557500e+02
    endloop
  endfacet
  facet normal 0.000000e+00 0.000000e+00 1.000000e+00
    outer loop
      vertex   -4.700000e+01 4.400000e+01 1.557500e+02
      vertex   -4.382811e+01 4.555560e+01 1.557500e+02
      vertex   -4.347990e+01 4.597990e+01 1.557500e+02
    endloop
  endfacet
  facet normal 0.000000e+00 0.000000e+00 1.000000e+00
    outer loop
      vertex   -4.700000e+01 4.400000e+01 1.557500e+02
      vertex   -4.347990e+01 4.597990e+01 1.557500e+02
      vertex   -3.985729e+01 5.114271e+01 1.557500e+02
    endloop
  endfacet
  facet normal 0.000000e+00 0.000000e+00 1.000000e+00
    outer loop
      vertex   -3.985729e+01 5.114271e+01 1.557500e+02
      vertex   -4.347990e+01 4.597990e+01 1.557500e+02
      vertex   -4.305560e+01 4.632812e+01 1.557500e+02
    endloop
  endfacet
  facet normal 0.000000e+00 0.000000e+00 1.000000e+00
    outer loop
      vertex   -3.985729e+01 5.114271e+01 1.557500e+02
      vertex   -4.305560e+01 4.632812e+01 1.557500e+02
      vertex   -4.257151e+01 4.658686e+01 1.557500e+02
    endloop
  endfacet
  facet normal 0.000000e+00 0.000000e+00 1.000000e+00
    outer loop
      vertex   -4.257151e+01 4.658686e+01 1.557500e+02
      vertex   -4.204625e+01 4.674620e+01 1.557500e+02
      vertex   -3.985729e+01 5.114271e+01 1.557500e+02
    endloop
  endfacet
  facet normal 0.000000e+00 0.000000e+00 1.000000e+00
    outer loop
      vertex   -3.985729e+01 5.114271e+01 1.557500e+02
      vertex   -4.204625e+01 4.674620e+01 1.557500e+02
      vertex   -4.150000e+01 4.680000e+01 1.557500e+02
    endloop
  endfacet
  facet normal 0.000000e+00 0.000000e+00 1.000000e+00
    outer loop
      vertex   -3.985729e+01 5.114271e+01 1.557500e+02
      vertex   -4.150000e+01 4.680000e+01 1.557500e+02
      vertex   -4.095375e+01 4.674620e+01 1.557500e+02
    endloop
  endfacet
  facet normal 0.000000e+00 0.000000e+00 1.000000e+00
    outer loop
      vertex   -3.985729e+01 5.114271e+01 1.557500e+02
      vertex   -4.095375e+01 4.674620e+01 1.557500e+02
      vertex   -3.924762e+01 5.023608e+01 1.557500e+02
    endloop
  endfacet
  facet normal 0.000000e+00 0.000000e+00 1.000000e+00
    outer loop
      vertex   -3.924762e+01 5.023608e+01 1.557500e+02
      vertex   -4.095375e+01 4.674620e+01 1.557500e+02
      vertex   -4.042849e+01 4.658686e+01 1.557500e+02
    endloop
  endfacet
  facet normal 0.000000e+00 0.000000e+00 1.000000e+00
    outer loop
      vertex   -3.924762e+01 5.023608e+01 1.557500e+02
      vertex   -4.042849e+01 4.658686e+01 1.557500e+02
      vertex   -3.872293e+01 4.927775e+01 1.557500e+02
    endloop
  endfacet
  facet normal 0.000000e+00 0.000000e+00 1.000000e+00
    outer loop
      vertex   -3.872293e+01 4.927775e+01 1.557500e+02
      vertex   -4.042849e+01 4.658686e+01 1.557500e+02
      vertex   -3.994440e+01 4.632812e+01 1.557500e+02
    endloop
  endfacet
  facet normal 0.000000e+00 0.000000e+00 1.000000e+00
    outer loop
      vertex   -3.872293e+01 4.927775e+01 1.557500e+02
      vertex   -3.994440e+01 4.632812e+01 1.557500e+02
      vertex   -3.828757e+01 4.827568e+01 1.557500e+02
    endloop
  endfacet
  facet normal 0.000000e+00 0.000000e+00 1.000000e+00
    outer loop
      vertex   -3.828757e+01 4.827568e+01 1.557500e+02
      vertex   -3.994440e+01 4.632812e+01 1.557500e+02
      vertex   -3.952010e+01 4.597990e+01 1.557500e+02
    endloop
  endfacet
  facet normal 0.000000e+00 0.000000e+00 1.000000e+00
    outer loop
      vertex   -3.828757e+01 4.827568e+01 1.557500e+02
      vertex   -3.952010e+01 4.597990e+01 1.557500e+02
      vertex   -3.794516e+01 4.723816e+01 1.557500e+02
    endloop
  endfacet
  facet normal 0.000000e+00 0.000000e+00 1.000000e+00
    outer loop
      vertex   -3.794516e+01 4.723816e+01 1.557500e+02
      vertex   -3.952010e+01 4.597990e+01 1.557500e+02
      vertex   -3.917188e+01 4.555560e+01 1.557500e+02
    endloop
  endfacet
  facet normal 0.000000e+00 0.000000e+00 1.000000e+00
    outer loop
      vertex   -3.794516e+01 4.723816e+01 1.557500e+02
      vertex   -3.917188e+01 4.555560e+01 1.557500e+02
      vertex   -3.769854e+01 4.617380e+01 1.557500e+02
    endloop
  endfacet
  facet normal 0.000000e+00 0.000000e+00 1.000000e+00
    outer loop
      vertex   -3.769854e+01 4.617380e+01 1.557500e+02
      vertex   -3.917188e+01 4.555560e+01 1.557500e+02
      vertex   -3.891314e+01 4.507151e+01 1.557500e+02
    endloop
  endfacet
  facet normal 0.000000e+00 0.000000e+00 1.000000e+00
    outer loop
      vertex   -3.769854e+01 4.617380e+01 1.557500e+02
      vertex   -3.891314e+01 4.507151e+01 1.557500e+02
      vertex   -3.754974e+01 4.509143e+01 1.557500e+02
    endloop
  endfacet
  facet normal 0.000000e+00 0.000000e+00 1.000000e+00
    outer loop
      vertex   -3.754974e+01 4.509143e+01 1.557500e+02
      vertex   -3.891314e+01 4.507151e+01 1.557500e+02
      vertex   -3.875380e+01 4.454625e+01 1.557500e+02
    endloop
  endfacet
  facet normal 0.000000e+00 0.000000e+00 1.000000e+00
    outer loop
      vertex   -3.754974e+01 4.509143e+01 1.557500e+02
      vertex   -3.875380e+01 4.454625e+01 1.557500e+02
      vertex   -3.750000e+01 4.400000e+01 1.557500e+02
    endloop
  endfacet
  facet normal 0.000000e+00 0.000000e+00 1.000000e+00
    outer loop
      vertex   -5.914271e+01 5.114271e+01 1.557500e+02
      vertex   -5.552010e+01 4.597990e+01 1.557500e+02
      vertex   -5.200000e+01 4.400000e+01 1.557500e+02
    endloop
  endfacet
  facet normal 0.000000e+00 0.000000e+00 1.000000e+00
    outer loop
      vertex   -5.200000e+01 4.400000e+01 1.557500e+02
      vertex   -5.552010e+01 4.597990e+01 1.557500e+02
      vertex   -5.517189e+01 4.555560e+01 1.557500e+02
    endloop
  endfacet
  facet normal 0.000000e+00 0.000000e+00 1.000000e+00
    outer loop
      vertex   -5.200000e+01 4.400000e+01 1.557500e+02
      vertex   -5.517189e+01 4.555560e+01 1.557500e+02
      vertex   -5.491314e+01 4.507151e+01 1.557500e+02
    endloop
  endfacet
  facet normal -0.000000e+00 0.000000e+00 1.000000e+00
    outer loop
      vertex   -5.975238e+01 5.023608e+01 1.557500e+02
      vertex   -5.804625e+01 4.674620e+01 1.557500e+02
      vertex   -5.914271e+01 5.114271e+01 1.557500e+02
    endloop
  endfacet
  facet normal 0.000000e+00 0.000000e+00 1.000000e+00
    outer loop
      vertex   -5.914271e+01 5.114271e+01 1.557500e+02
      vertex   -5.804625e+01 4.674620e+01 1.557500e+02
      vertex   -5.750000e+01 4.680000e+01 1.557500e+02
    endloop
  endfacet
  facet normal 0.000000e+00 0.000000e+00 1.000000e+00
    outer loop
      vertex   -5.914271e+01 5.114271e+01 1.557500e+02
      vertex   -5.750000e+01 4.680000e+01 1.557500e+02
      vertex   -5.695375e+01 4.674620e+01 1.557500e+02
    endloop
  endfacet
  facet normal 0.000000e+00 0.000000e+00 1.000000e+00
    outer loop
      vertex   -5.804625e+01 4.674620e+01 1.557500e+02
      vertex   -5.975238e+01 5.023608e+01 1.557500e+02
      vertex   -5.857151e+01 4.658686e+01 1.557500e+02
    endloop
  endfacet
  facet normal 0.000000e+00 0.000000e+00 1.000000e+00
    outer loop
      vertex   -5.857151e+01 4.658686e+01 1.557500e+02
      vertex   -5.975238e+01 5.023608e+01 1.557500e+02
      vertex   -6.027707e+01 4.927775e+01 1.557500e+02
    endloop
  endfacet
  facet normal 0.000000e+00 0.000000e+00 1.000000e+00
    outer loop
      vertex   -5.857151e+01 4.658686e+01 1.557500e+02
      vertex   -6.027707e+01 4.927775e+01 1.557500e+02
      vertex   -5.905560e+01 4.632812e+01 1.557500e+02
    endloop
  endfacet
  facet normal 0.000000e+00 0.000000e+00 1.000000e+00
    outer loop
      vertex   -5.905560e+01 4.632812e+01 1.557500e+02
      vertex   -6.027707e+01 4.927775e+01 1.557500e+02
      vertex   -6.071243e+01 4.827568e+01 1.557500e+02
    endloop
  endfacet
  facet normal 0.000000e+00 0.000000e+00 1.000000e+00
    outer loop
      vertex   -5.905560e+01 4.632812e+01 1.557500e+02
      vertex   -6.071243e+01 4.827568e+01 1.557500e+02
      vertex   -5.947990e+01 4.597990e+01 1.557500e+02
    endloop
  endfacet
  facet normal 0.000000e+00 0.000000e+00 1.000000e+00
    outer loop
      vertex   -5.947990e+01 4.597990e+01 1.557500e+02
      vertex   -6.071243e+01 4.827568e+01 1.557500e+02
      vertex   -6.105484e+01 4.723816e+01 1.557500e+02
    endloop
  endfacet
  facet normal 0.000000e+00 0.000000e+00 1.000000e+00
    outer loop
      vertex   -5.947990e+01 4.597990e+01 1.557500e+02
      vertex   -6.105484e+01 4.723816e+01 1.557500e+02
      vertex   -5.982812e+01 4.555560e+01 1.557500e+02
    endloop
  endfacet
  facet normal 0.000000e+00 0.000000e+00 1.000000e+00
    outer loop
      vertex   -5.982812e+01 4.555560e+01 1.557500e+02
      vertex   -6.105484e+01 4.723816e+01 1.557500e+02
      vertex   -6.130146e+01 4.617380e+01 1.557500e+02
    endloop
  endfacet
  facet normal 0.000000e+00 0.000000e+00 1.000000e+00
    outer loop
      vertex   -5.982812e+01 4.555560e+01 1.557500e+02
      vertex   -6.130146e+01 4.617380e+01 1.557500e+02
      vertex   -6.008686e+01 4.507151e+01 1.557500e+02
    endloop
  endfacet
  facet normal 0.000000e+00 0.000000e+00 1.000000e+00
    outer loop
      vertex   -6.008686e+01 4.507151e+01 1.557500e+02
      vertex   -6.130146e+01 4.617380e+01 1.557500e+02
      vertex   -6.145026e+01 4.509143e+01 1.557500e+02
    endloop
  endfacet
  facet normal 0.000000e+00 0.000000e+00 1.000000e+00
    outer loop
      vertex   -6.008686e+01 4.507151e+01 1.557500e+02
      vertex   -6.145026e+01 4.509143e+01 1.557500e+02
      vertex   -6.024620e+01 4.454625e+01 1.557500e+02
    endloop
  endfacet
  facet normal 0.000000e+00 0.000000e+00 1.000000e+00
    outer loop
      vertex   -6.024620e+01 4.454625e+01 1.557500e+02
      vertex   -6.145026e+01 4.509143e+01 1.557500e+02
      vertex   -6.150000e+01 4.400000e+01 1.557500e+02
    endloop
  endfacet
  facet normal 0.000000e+00 0.000000e+00 1.000000e+00
    outer loop
      vertex   -6.024620e+01 4.454625e+01 1.557500e+02
      vertex   -6.150000e+01 4.400000e+01 1.557500e+02
      vertex   -6.030000e+01 4.400000e+01 1.557500e+02
    endloop
  endfacet
  facet normal 0.000000e+00 0.000000e+00 1.000000e+00
    outer loop
      vertex   -6.030000e+01 4.400000e+01 1.557500e+02
      vertex   -6.150000e+01 4.400000e+01 1.557500e+02
      vertex   -6.024620e+01 4.345375e+01 1.557500e+02
    endloop
  endfacet
  facet normal 0.000000e+00 0.000000e+00 1.000000e+00
    outer loop
      vertex   -6.024620e+01 4.345375e+01 1.557500e+02
      vertex   -6.150000e+01 4.400000e+01 1.557500e+02
      vertex   -6.145026e+01 4.290857e+01 1.557500e+02
    endloop
  endfacet
  facet normal 0.000000e+00 0.000000e+00 1.000000e+00
    outer loop
      vertex   -6.024620e+01 4.345375e+01 1.557500e+02
      vertex   -6.145026e+01 4.290857e+01 1.557500e+02
      vertex   -6.008686e+01 4.292849e+01 1.557500e+02
    endloop
  endfacet
  facet normal 0.000000e+00 0.000000e+00 1.000000e+00
    outer loop
      vertex   -6.008686e+01 4.292849e+01 1.557500e+02
      vertex   -6.145026e+01 4.290857e+01 1.557500e+02
      vertex   -6.130146e+01 4.182620e+01 1.557500e+02
    endloop
  endfacet
  facet normal 0.000000e+00 0.000000e+00 1.000000e+00
    outer loop
      vertex   -6.008686e+01 4.292849e+01 1.557500e+02
      vertex   -6.130146e+01 4.182620e+01 1.557500e+02
      vertex   -5.982812e+01 4.244440e+01 1.557500e+02
    endloop
  endfacet
  facet normal 0.000000e+00 0.000000e+00 1.000000e+00
    outer loop
      vertex   -5.982812e+01 4.244440e+01 1.557500e+02
      vertex   -6.130146e+01 4.182620e+01 1.557500e+02
      vertex   -6.105484e+01 4.076184e+01 1.557500e+02
    endloop
  endfacet
  facet normal 0.000000e+00 0.000000e+00 1.000000e+00
    outer loop
      vertex   -5.982812e+01 4.244440e+01 1.557500e+02
      vertex   -6.105484e+01 4.076184e+01 1.557500e+02
      vertex   -5.947990e+01 4.202010e+01 1.557500e+02
    endloop
  endfacet
  facet normal 0.000000e+00 0.000000e+00 1.000000e+00
    outer loop
      vertex   -5.947990e+01 4.202010e+01 1.557500e+02
      vertex   -6.105484e+01 4.076184e+01 1.557500e+02
      vertex   -6.071243e+01 3.972432e+01 1.557500e+02
    endloop
  endfacet
  facet normal 0.000000e+00 0.000000e+00 1.000000e+00
    outer loop
      vertex   -5.947990e+01 4.202010e+01 1.557500e+02
      vertex   -6.071243e+01 3.972432e+01 1.557500e+02
      vertex   -5.905560e+01 4.167189e+01 1.557500e+02
    endloop
  endfacet
  facet normal 0.000000e+00 0.000000e+00 1.000000e+00
    outer loop
      vertex   -5.905560e+01 4.167189e+01 1.557500e+02
      vertex   -6.071243e+01 3.972432e+01 1.557500e+02
      vertex   -6.027707e+01 3.872225e+01 1.557500e+02
    endloop
  endfacet
  facet normal 0.000000e+00 0.000000e+00 1.000000e+00
    outer loop
      vertex   -5.905560e+01 4.167189e+01 1.557500e+02
      vertex   -6.027707e+01 3.872225e+01 1.557500e+02
      vertex   -5.857151e+01 4.141314e+01 1.557500e+02
    endloop
  endfacet
  facet normal 0.000000e+00 0.000000e+00 1.000000e+00
    outer loop
      vertex   -5.857151e+01 4.141314e+01 1.557500e+02
      vertex   -6.027707e+01 3.872225e+01 1.557500e+02
      vertex   -5.975238e+01 3.776392e+01 1.557500e+02
    endloop
  endfacet
  facet normal 0.000000e+00 0.000000e+00 1.000000e+00
    outer loop
      vertex   -5.857151e+01 4.141314e+01 1.557500e+02
      vertex   -5.975238e+01 3.776392e+01 1.557500e+02
      vertex   -5.804625e+01 4.125380e+01 1.557500e+02
    endloop
  endfacet
  facet normal 0.000000e+00 0.000000e+00 1.000000e+00
    outer loop
      vertex   -5.804625e+01 4.125380e+01 1.557500e+02
      vertex   -5.975238e+01 3.776392e+01 1.557500e+02
      vertex   -5.914271e+01 3.685729e+01 1.557500e+02
    endloop
  endfacet
  facet normal 0.000000e+00 0.000000e+00 1.000000e+00
    outer loop
      vertex   -5.804625e+01 4.125380e+01 1.557500e+02
      vertex   -5.914271e+01 3.685729e+01 1.557500e+02
      vertex   -5.750000e+01 4.120000e+01 1.557500e+02
    endloop
  endfacet
  facet normal -0.000000e+00 0.000000e+00 1.000000e+00
    outer loop
      vertex   -5.750000e+01 4.120000e+01 1.557500e+02
      vertex   -5.914271e+01 3.685729e+01 1.557500e+02
      vertex   -5.695375e+01 4.125380e+01 1.557500e+02
    endloop
  endfacet
  facet normal -0.000000e+00 0.000000e+00 1.000000e+00
    outer loop
      vertex   -5.695375e+01 4.125380e+01 1.557500e+02
      vertex   -5.914271e+01 3.685729e+01 1.557500e+02
      vertex   -5.642849e+01 4.141314e+01 1.557500e+02
    endloop
  endfacet
  facet normal -0.000000e+00 0.000000e+00 1.000000e+00
    outer loop
      vertex   -5.642849e+01 4.141314e+01 1.557500e+02
      vertex   -5.914271e+01 3.685729e+01 1.557500e+02
      vertex   -5.594440e+01 4.167189e+01 1.557500e+02
    endloop
  endfacet
  facet normal -0.000000e+00 0.000000e+00 1.000000e+00
    outer loop
      vertex   -5.594440e+01 4.167189e+01 1.557500e+02
      vertex   -5.914271e+01 3.685729e+01 1.557500e+02
      vertex   -5.552010e+01 4.202010e+01 1.557500e+02
    endloop
  endfacet
  facet normal -0.000000e+00 0.000000e+00 1.000000e+00
    outer loop
      vertex   -5.552010e+01 4.202010e+01 1.557500e+02
      vertex   -5.914271e+01 3.685729e+01 1.557500e+02
      vertex   -5.200000e+01 4.400000e+01 1.557500e+02
    endloop
  endfacet
  facet normal 0.000000e+00 0.000000e+00 1.000000e+00
    outer loop
      vertex   -5.552010e+01 4.202010e+01 1.557500e+02
      vertex   -5.200000e+01 4.400000e+01 1.557500e+02
      vertex   -5.517189e+01 4.244440e+01 1.557500e+02
    endloop
  endfacet
  facet normal 0.000000e+00 0.000000e+00 1.000000e+00
    outer loop
      vertex   -5.517189e+01 4.244440e+01 1.557500e+02
      vertex   -5.200000e+01 4.400000e+01 1.557500e+02
      vertex   -5.491314e+01 4.292849e+01 1.557500e+02
    endloop
  endfacet
  facet normal 0.000000e+00 0.000000e+00 1.000000e+00
    outer loop
      vertex   -5.491314e+01 4.292849e+01 1.557500e+02
      vertex   -5.200000e+01 4.400000e+01 1.557500e+02
      vertex   -5.475380e+01 4.345375e+01 1.557500e+02
    endloop
  endfacet
  facet normal 0.000000e+00 0.000000e+00 1.000000e+00
    outer loop
      vertex   -5.475380e+01 4.345375e+01 1.557500e+02
      vertex   -5.200000e+01 4.400000e+01 1.557500e+02
      vertex   -5.470000e+01 4.400000e+01 1.557500e+02
    endloop
  endfacet
  facet normal 0.000000e+00 -0.000000e+00 1.000000e+00
    outer loop
      vertex   -5.470000e+01 4.400000e+01 1.557500e+02
      vertex   -5.200000e+01 4.400000e+01 1.557500e+02
      vertex   -5.475380e+01 4.454625e+01 1.557500e+02
    endloop
  endfacet
  facet normal -0.000000e+00 -0.000000e+00 1.000000e+00
    outer loop
      vertex   -5.475380e+01 4.454625e+01 1.557500e+02
      vertex   -5.200000e+01 4.400000e+01 1.557500e+02
      vertex   -5.491314e+01 4.507151e+01 1.557500e+02
    endloop
  endfacet
  facet normal -0.000000e+00 -0.000000e+00 1.000000e+00
    outer loop
      vertex   -5.695375e+01 4.674620e+01 1.557500e+02
      vertex   -5.642849e+01 4.658686e+01 1.557500e+02
      vertex   -5.914271e+01 5.114271e+01 1.557500e+02
    endloop
  endfacet
  facet normal 0.000000e+00 0.000000e+00 1.000000e+00
    outer loop
      vertex   -5.914271e+01 5.114271e+01 1.557500e+02
      vertex   -5.642849e+01 4.658686e+01 1.557500e+02
      vertex   -5.594440e+01 4.632812e+01 1.557500e+02
    endloop
  endfacet
  facet normal 0.000000e+00 0.000000e+00 1.000000e+00
    outer loop
      vertex   -5.914271e+01 5.114271e+01 1.557500e+02
      vertex   -5.594440e+01 4.632812e+01 1.557500e+02
      vertex   -5.552010e+01 4.597990e+01 1.557500e+02
    endloop
  endfacet
  facet normal -1.000000e+00 -0.000000e+00 -0.000000e+00
    outer loop
      vertex   -5.750000e+01 7.000000e+00 1.537500e+02
      vertex   -5.750000e+01 7.000000e+00 1.492500e+02
      vertex   -5.750000e+01 -5.700000e+00 1.537500e+02
    endloop
  endfacet
  facet normal -1.000000e+00 0.000000e+00 0.000000e+00
    outer loop
      vertex   -5.750000e+01 -5.700000e+00 1.537500e+02
      vertex   -5.750000e+01 7.000000e+00 1.492500e+02
      vertex   -5.750000e+01 -5.700000e+00 1.492500e+02
    endloop
  endfacet
  facet normal 1.000000e+00 0.000000e+00 -0.000000e+00
    outer loop
      vertex   -4.150000e+01 7.000000e+00 1.492500e+02
      vertex   -4.150000e+01 7.000000e+00 1.537500e+02
      vertex   -4.150000e+01 -5.700000e+00 1.492500e+02
    endloop
  endfacet
  facet normal 1.000000e+00 0.000000e+00 0.000000e+00
    outer loop
      vertex   -4.150000e+01 -5.700000e+00 1.492500e+02
      vertex   -4.150000e+01 7.000000e+00 1.537500e+02
      vertex   -4.150000e+01 -5.700000e+00 1.537500e+02
    endloop
  endfacet
  facet normal 0.000000e+00 -1.000000e+00 0.000000e+00
    outer loop
      vertex   -4.150000e+01 -5.700000e+00 1.492500e+02
      vertex   -4.150000e+01 -5.700000e+00 1.537500e+02
      vertex   -5.750000e+01 -5.700000e+00 1.492500e+02
    endloop
  endfacet
  facet normal 0.000000e+00 -1.000000e+00 0.000000e+00
    outer loop
      vertex   -5.750000e+01 -5.700000e+00 1.492500e+02
      vertex   -4.150000e+01 -5.700000e+00 1.537500e+02
      vertex   -5.750000e+01 -5.700000e+00 1.537500e+02
    endloop
  endfacet
  facet normal 2.344791e-14 -1.000000e+00 0.000000e+00
    outer loop
      vertex   -4.150000e+01 7.000000e+00 1.537500e+02
      vertex   -4.150000e+01 7.000000e+00 1.492500e+02
      vertex   -3.650000e+01 7.000000e+00 1.537500e+02
    endloop
  endfacet
  facet normal 2.344791e-14 -1.000000e+00 0.000000e+00
    outer loop
      vertex   -3.650000e+01 7.000000e+00 1.537500e+02
      vertex   -4.150000e+01 7.000000e+00 1.492500e+02
      vertex   -3.650000e+01 7.000000e+00 1.492500e+02
    endloop
  endfacet
  facet normal 9.914449e-01 1.305262e-01 0.000000e+00
    outer loop
      vertex   -6.027445e+01 4.380589e+01 1.537500e+02
      vertex   -6.027445e+01 4.380589e+01 1.492500e+02
      vertex   -6.030000e+01 4.400000e+01 1.537500e+02
    endloop
  endfacet
  facet normal 9.914449e-01 1.305262e-01 0.000000e+00
    outer loop
      vertex   -6.030000e+01 4.400000e+01 1.537500e+02
      vertex   -6.027445e+01 4.380589e+01 1.492500e+02
      vertex   -6.030000e+01 4.400000e+01 1.492500e+02
    endloop
  endfacet
  facet normal 9.914449e-01 -1.305262e-01 0.000000e+00
    outer loop
      vertex   -6.030000e+01 4.400000e+01 1.537500e+02
      vertex   -6.030000e+01 4.400000e+01 1.492500e+02
      vertex   -6.027445e+01 4.419411e+01 1.537500e+02
    endloop
  endfacet
  facet normal 9.914449e-01 -1.305262e-01 0.000000e+00
    outer loop
      vertex   -6.027445e+01 4.419411e+01 1.537500e+02
      vertex   -6.030000e+01 4.400000e+01 1.492500e+02
      vertex   -6.027445e+01 4.419411e+01 1.492500e+02
    endloop
  endfacet
  facet normal 9.238795e-01 -3.826834e-01 0.000000e+00
    outer loop
      vertex   -6.027445e+01 4.419411e+01 1.537500e+02
      vertex   -6.027445e+01 4.419411e+01 1.492500e+02
      vertex   -6.019952e+01 4.437500e+01 1.537500e+02
    endloop
  endfacet
  facet normal 9.238795e-01 -3.826834e-01 -6.042510e-16
    outer loop
      vertex   -6.019952e+01 4.437500e+01 1.537500e+02
      vertex   -6.027445e+01 4.419411e+01 1.492500e+02
      vertex   -6.019952e+01 4.437500e+01 1.492500e+02
    endloop
  endfacet
  facet normal 7.933533e-01 -6.087614e-01 -9.612245e-16
    outer loop
      vertex   -6.019952e+01 4.437500e+01 1.537500e+02
      vertex   -6.019952e+01 4.437500e+01 1.492500e+02
      vertex   -6.008033e+01 4.453033e+01 1.537500e+02
    endloop
  endfacet
  facet normal 7.933533e-01 -6.087614e-01 0.000000e+00
    outer loop
      vertex   -6.008033e+01 4.453033e+01 1.537500e+02
      vertex   -6.019952e+01 4.437500e+01 1.492500e+02
      vertex   -6.008033e+01 4.453033e+01 1.492500e+02
    endloop
  endfacet
  facet normal 6.087614e-01 -7.933533e-01 0.000000e+00
    outer loop
      vertex   -6.008033e+01 4.453033e+01 1.537500e+02
      vertex   -6.008033e+01 4.453033e+01 1.492500e+02
      vertex   -5.992500e+01 4.464952e+01 1.537500e+02
    endloop
  endfacet
  facet normal 6.087614e-01 -7.933533e-01 1.922449e-15
    outer loop
      vertex   -5.992500e+01 4.464952e+01 1.537500e+02
      vertex   -6.008033e+01 4.453033e+01 1.492500e+02
      vertex   -5.992500e+01 4.464952e+01 1.492500e+02
    endloop
  endfacet
  facet normal 3.826834e-01 -9.238795e-01 1.208502e-15
    outer loop
      vertex   -5.992500e+01 4.464952e+01 1.537500e+02
      vertex   -5.992500e+01 4.464952e+01 1.492500e+02
      vertex   -5.974411e+01 4.472444e+01 1.537500e+02
    endloop
  endfacet
  facet normal 3.826834e-01 -9.238795e-01 0.000000e+00
    outer loop
      vertex   -5.974411e+01 4.472444e+01 1.537500e+02
      vertex   -5.992500e+01 4.464952e+01 1.492500e+02
      vertex   -5.974411e+01 4.472444e+01 1.492500e+02
    endloop
  endfacet
  facet normal 1.305262e-01 -9.914449e-01 0.000000e+00
    outer loop
      vertex   -5.974411e+01 4.472444e+01 1.537500e+02
      vertex   -5.974411e+01 4.472444e+01 1.492500e+02
      vertex   -5.955000e+01 4.475000e+01 1.537500e+02
    endloop
  endfacet
  facet normal 1.305262e-01 -9.914449e-01 0.000000e+00
    outer loop
      vertex   -5.955000e+01 4.475000e+01 1.537500e+02
      vertex   -5.974411e+01 4.472444e+01 1.492500e+02
      vertex   -5.955000e+01 4.475000e+01 1.492500e+02
    endloop
  endfacet
  facet normal -1.305262e-01 -9.914449e-01 -0.000000e+00
    outer loop
      vertex   -5.955000e+01 4.475000e+01 1.537500e+02
      vertex   -5.955000e+01 4.475000e+01 1.492500e+02
      vertex   -5.935589e+01 4.472444e+01 1.537500e+02
    endloop
  endfacet
  facet normal -1.305262e-01 -9.914449e-01 -0.000000e+00
    outer loop
      vertex   -5.935589e+01 4.472444e+01 1.537500e+02
      vertex   -5.955000e+01 4.475000e+01 1.492500e+02
      vertex   -5.935589e+01 4.472444e+01 1.492500e+02
    endloop
  endfacet
  facet normal -3.826834e-01 -9.238795e-01 -0.000000e+00
    outer loop
      vertex   -5.935589e+01 4.472444e+01 1.537500e+02
      vertex   -5.935589e+01 4.472444e+01 1.492500e+02
      vertex   -5.917500e+01 4.464952e+01 1.537500e+02
    endloop
  endfacet
  facet normal -3.826834e-01 -9.238795e-01 -1.208502e-15
    outer loop
      vertex   -5.917500e+01 4.464952e+01 1.537500e+02
      vertex   -5.935589e+01 4.472444e+01 1.492500e+02
      vertex   -5.917500e+01 4.464952e+01 1.492500e+02
    endloop
  endfacet
  facet normal -6.087614e-01 -7.933533e-01 -1.922449e-15
    outer loop
      vertex   -5.917500e+01 4.464952e+01 1.537500e+02
      vertex   -5.917500e+01 4.464952e+01 1.492500e+02
      vertex   -5.901967e+01 4.453033e+01 1.537500e+02
    endloop
  endfacet
  facet normal -6.087614e-01 -7.933533e-01 -0.000000e+00
    outer loop
      vertex   -5.901967e+01 4.453033e+01 1.537500e+02
      vertex   -5.917500e+01 4.464952e+01 1.492500e+02
      vertex   -5.901967e+01 4.453033e+01 1.492500e+02
    endloop
  endfacet
  facet normal -7.933533e-01 -6.087614e-01 -0.000000e+00
    outer loop
      vertex   -5.901967e+01 4.453033e+01 1.537500e+02
      vertex   -5.901967e+01 4.453033e+01 1.492500e+02
      vertex   -5.890048e+01 4.437500e+01 1.537500e+02
    endloop
  endfacet
  facet normal -7.933533e-01 -6.087614e-01 9.612245e-16
    outer loop
      vertex   -5.890048e+01 4.437500e+01 1.537500e+02
      vertex   -5.901967e+01 4.453033e+01 1.492500e+02
      vertex   -5.890048e+01 4.437500e+01 1.492500e+02
    endloop
  endfacet
  facet normal -9.238795e-01 -3.826834e-01 6.042510e-16
    outer loop
      vertex   -5.890048e+01 4.437500e+01 1.537500e+02
      vertex   -5.890048e+01 4.437500e+01 1.492500e+02
      vertex   -5.882556e+01 4.419411e+01 1.537500e+02
    endloop
  endfacet
  facet normal -9.238795e-01 -3.826834e-01 -0.000000e+00
    outer loop
      vertex   -5.882556e+01 4.419411e+01 1.537500e+02
      vertex   -5.890048e+01 4.437500e+01 1.492500e+02
      vertex   -5.882556e+01 4.419411e+01 1.492500e+02
    endloop
  endfacet
  facet normal -9.914449e-01 -1.305262e-01 -0.000000e+00
    outer loop
      vertex   -5.882556e+01 4.419411e+01 1.537500e+02
      vertex   -5.882556e+01 4.419411e+01 1.492500e+02
      vertex   -5.880000e+01 4.400000e+01 1.537500e+02
    endloop
  endfacet
  facet normal -9.914449e-01 -1.305262e-01 -1.565475e-15
    outer loop
      vertex   -5.880000e+01 4.400000e+01 1.537500e+02
      vertex   -5.882556e+01 4.419411e+01 1.492500e+02
      vertex   -5.880000e+01 4.400000e+01 1.492500e+02
    endloop
  endfacet
  facet normal -9.914449e-01 1.305262e-01 -1.565475e-15
    outer loop
      vertex   -5.880000e+01 4.400000e+01 1.537500e+02
      vertex   -5.880000e+01 4.400000e+01 1.492500e+02
      vertex   -5.882556e+01 4.380589e+01 1.537500e+02
    endloop
  endfacet
  facet normal -9.914449e-01 1.305262e-01 0.000000e+00
    outer loop
      vertex   -5.882556e+01 4.380589e+01 1.537500e+02
      vertex   -5.880000e+01 4.400000e+01 1.492500e+02
      vertex   -5.882556e+01 4.380589e+01 1.492500e+02
    endloop
  endfacet
  facet normal -9.238795e-01 3.826834e-01 0.000000e+00
    outer loop
      vertex   -5.882556e+01 4.380589e+01 1.537500e+02
      vertex   -5.882556e+01 4.380589e+01 1.492500e+02
      vertex   -5.890048e+01 4.362500e+01 1.537500e+02
    endloop
  endfacet
  facet normal -9.238795e-01 3.826834e-01 -6.042510e-16
    outer loop
      vertex   -5.890048e+01 4.362500e+01 1.537500e+02
      vertex   -5.882556e+01 4.380589e+01 1.492500e+02
      vertex   -5.890048e+01 4.362500e+01 1.492500e+02
    endloop
  endfacet
  facet normal -7.933533e-01 6.087614e-01 -9.612245e-16
    outer loop
      vertex   -5.890048e+01 4.362500e+01 1.537500e+02
      vertex   -5.890048e+01 4.362500e+01 1.492500e+02
      vertex   -5.901967e+01 4.346967e+01 1.537500e+02
    endloop
  endfacet
  facet normal -7.933533e-01 6.087614e-01 0.000000e+00
    outer loop
      vertex   -5.901967e+01 4.346967e+01 1.537500e+02
      vertex   -5.890048e+01 4.362500e+01 1.492500e+02
      vertex   -5.901967e+01 4.346967e+01 1.492500e+02
    endloop
  endfacet
  facet normal -6.087614e-01 7.933533e-01 0.000000e+00
    outer loop
      vertex   -5.901967e+01 4.346967e+01 1.537500e+02
      vertex   -5.901967e+01 4.346967e+01 1.492500e+02
      vertex   -5.917500e+01 4.335048e+01 1.537500e+02
    endloop
  endfacet
  facet normal -6.087614e-01 7.933533e-01 1.922449e-15
    outer loop
      vertex   -5.917500e+01 4.335048e+01 1.537500e+02
      vertex   -5.901967e+01 4.346967e+01 1.492500e+02
      vertex   -5.917500e+01 4.335048e+01 1.492500e+02
    endloop
  endfacet
  facet normal -3.826834e-01 9.238795e-01 1.208502e-15
    outer loop
      vertex   -5.917500e+01 4.335048e+01 1.537500e+02
      vertex   -5.917500e+01 4.335048e+01 1.492500e+02
      vertex   -5.935589e+01 4.327556e+01 1.537500e+02
    endloop
  endfacet
  facet normal -3.826834e-01 9.238795e-01 0.000000e+00
    outer loop
      vertex   -5.935589e+01 4.327556e+01 1.537500e+02
      vertex   -5.917500e+01 4.335048e+01 1.492500e+02
      vertex   -5.935589e+01 4.327556e+01 1.492500e+02
    endloop
  endfacet
  facet normal -1.305262e-01 9.914449e-01 0.000000e+00
    outer loop
      vertex   -5.935589e+01 4.327556e+01 1.537500e+02
      vertex   -5.935589e+01 4.327556e+01 1.492500e+02
      vertex   -5.955000e+01 4.325000e+01 1.537500e+02
    endloop
  endfacet
  facet normal -1.305262e-01 9.914449e-01 0.000000e+00
    outer loop
      vertex   -5.955000e+01 4.325000e+01 1.537500e+02
      vertex   -5.935589e+01 4.327556e+01 1.492500e+02
      vertex   -5.955000e+01 4.325000e+01 1.492500e+02
    endloop
  endfacet
  facet normal 1.305262e-01 9.914449e-01 0.000000e+00
    outer loop
      vertex   -5.955000e+01 4.325000e+01 1.537500e+02
      vertex   -5.955000e+01 4.325000e+01 1.492500e+02
      vertex   -5.974411e+01 4.327556e+01 1.537500e+02
    endloop
  endfacet
  facet normal 1.305262e-01 9.914449e-01 0.000000e+00
    outer loop
      vertex   -5.974411e+01 4.327556e+01 1.537500e+02
      vertex   -5.955000e+01 4.325000e+01 1.492500e+02
      vertex   -5.974411e+01 4.327556e+01 1.492500e+02
    endloop
  endfacet
  facet normal 3.826834e-01 9.238795e-01 0.000000e+00
    outer loop
      vertex   -5.974411e+01 4.327556e+01 1.537500e+02
      vertex   -5.974411e+01 4.327556e+01 1.492500e+02
      vertex   -5.992500e+01 4.335048e+01 1.537500e+02
    endloop
  endfacet
  facet normal 3.826834e-01 9.238795e-01 -1.208502e-15
    outer loop
      vertex   -5.992500e+01 4.335048e+01 1.537500e+02
      vertex   -5.974411e+01 4.327556e+01 1.492500e+02
      vertex   -5.992500e+01 4.335048e+01 1.492500e+02
    endloop
  endfacet
  facet normal 6.087614e-01 7.933533e-01 -1.922449e-15
    outer loop
      vertex   -5.992500e+01 4.335048e+01 1.537500e+02
      vertex   -5.992500e+01 4.335048e+01 1.492500e+02
      vertex   -6.008033e+01 4.346967e+01 1.537500e+02
    endloop
  endfacet
  facet normal 6.087614e-01 7.933533e-01 0.000000e+00
    outer loop
      vertex   -6.008033e+01 4.346967e+01 1.537500e+02
      vertex   -5.992500e+01 4.335048e+01 1.492500e+02
      vertex   -6.008033e+01 4.346967e+01 1.492500e+02
    endloop
  endfacet
  facet normal 7.933533e-01 6.087614e-01 0.000000e+00
    outer loop
      vertex   -6.008033e+01 4.346967e+01 1.537500e+02
      vertex   -6.008033e+01 4.346967e+01 1.492500e+02
      vertex   -6.019952e+01 4.362500e+01 1.537500e+02
    endloop
  endfacet
  facet normal 7.933533e-01 6.087614e-01 9.612245e-16
    outer loop
      vertex   -6.019952e+01 4.362500e+01 1.537500e+02
      vertex   -6.008033e+01 4.346967e+01 1.492500e+02
      vertex   -6.019952e+01 4.362500e+01 1.492500e+02
    endloop
  endfacet
  facet normal 9.238795e-01 3.826834e-01 6.042510e-16
    outer loop
      vertex   -6.019952e+01 4.362500e+01 1.537500e+02
      vertex   -6.019952e+01 4.362500e+01 1.492500e+02
      vertex   -6.027445e+01 4.380589e+01 1.537500e+02
    endloop
  endfacet
  facet normal 9.238795e-01 3.826834e-01 0.000000e+00
    outer loop
      vertex   -6.027445e+01 4.380589e+01 1.537500e+02
      vertex   -6.019952e+01 4.362500e+01 1.492500e+02
      vertex   -6.027445e+01 4.380589e+01 1.492500e+02
    endloop
  endfacet
  facet normal -9.914449e-01 -1.305262e-01 -0.000000e+00
    outer loop
      vertex   -3.872555e+01 4.419411e+01 1.537500e+02
      vertex   -3.872555e+01 4.419411e+01 1.492500e+02
      vertex   -3.870000e+01 4.400000e+01 1.537500e+02
    endloop
  endfacet
  facet normal -9.914449e-01 -1.305262e-01 1.565475e-15
    outer loop
      vertex   -3.870000e+01 4.400000e+01 1.537500e+02
      vertex   -3.872555e+01 4.419411e+01 1.492500e+02
      vertex   -3.870000e+01 4.400000e+01 1.492500e+02
    endloop
  endfacet
  facet normal -9.914449e-01 1.305262e-01 1.565475e-15
    outer loop
      vertex   -3.870000e+01 4.400000e+01 1.537500e+02
      vertex   -3.870000e+01 4.400000e+01 1.492500e+02
      vertex   -3.872555e+01 4.380589e+01 1.537500e+02
    endloop
  endfacet
  facet normal -9.914449e-01 1.305262e-01 0.000000e+00
    outer loop
      vertex   -3.872555e+01 4.380589e+01 1.537500e+02
      vertex   -3.870000e+01 4.400000e+01 1.492500e+02
      vertex   -3.872555e+01 4.380589e+01 1.492500e+02
    endloop
  endfacet
  facet normal -9.238795e-01 3.826834e-01 0.000000e+00
    outer loop
      vertex   -3.872555e+01 4.380589e+01 1.537500e+02
      vertex   -3.872555e+01 4.380589e+01 1.492500e+02
      vertex   -3.880048e+01 4.362500e+01 1.537500e+02
    endloop
  endfacet
  facet normal -9.238795e-01 3.826834e-01 -6.042510e-16
    outer loop
      vertex   -3.880048e+01 4.362500e+01 1.537500e+02
      vertex   -3.872555e+01 4.380589e+01 1.492500e+02
      vertex   -3.880048e+01 4.362500e+01 1.492500e+02
    endloop
  endfacet
  facet normal -7.933533e-01 6.087614e-01 -9.612245e-16
    outer loop
      vertex   -3.880048e+01 4.362500e+01 1.537500e+02
      vertex   -3.880048e+01 4.362500e+01 1.492500e+02
      vertex   -3.891967e+01 4.346967e+01 1.537500e+02
    endloop
  endfacet
  facet normal -7.933533e-01 6.087614e-01 0.000000e+00
    outer loop
      vertex   -3.891967e+01 4.346967e+01 1.537500e+02
      vertex   -3.880048e+01 4.362500e+01 1.492500e+02
      vertex   -3.891967e+01 4.346967e+01 1.492500e+02
    endloop
  endfacet
  facet normal -6.087614e-01 7.933533e-01 0.000000e+00
    outer loop
      vertex   -3.891967e+01 4.346967e+01 1.537500e+02
      vertex   -3.891967e+01 4.346967e+01 1.492500e+02
      vertex   -3.907500e+01 4.335048e+01 1.537500e+02
    endloop
  endfacet
  facet normal -6.087614e-01 7.933533e-01 0.000000e+00
    outer loop
      vertex   -3.907500e+01 4.335048e+01 1.537500e+02
      vertex   -3.891967e+01 4.346967e+01 1.492500e+02
      vertex   -3.907500e+01 4.335048e+01 1.492500e+02
    endloop
  endfacet
  facet normal -3.826834e-01 9.238795e-01 0.000000e+00
    outer loop
      vertex   -3.907500e+01 4.335048e+01 1.537500e+02
      vertex   -3.907500e+01 4.335048e+01 1.492500e+02
      vertex   -3.925589e+01 4.327556e+01 1.537500e+02
    endloop
  endfacet
  facet normal -3.826834e-01 9.238795e-01 0.000000e+00
    outer loop
      vertex   -3.925589e+01 4.327556e+01 1.537500e+02
      vertex   -3.907500e+01 4.335048e+01 1.492500e+02
      vertex   -3.925589e+01 4.327556e+01 1.492500e+02
    endloop
  endfacet
  facet normal -1.305262e-01 9.914449e-01 0.000000e+00
    outer loop
      vertex   -3.925589e+01 4.327556e+01 1.537500e+02
      vertex   -3.925589e+01 4.327556e+01 1.492500e+02
      vertex   -3.945000e+01 4.325000e+01 1.537500e+02
    endloop
  endfacet
  facet normal -1.305262e-01 9.914449e-01 0.000000e+00
    outer loop
      vertex   -3.945000e+01 4.325000e+01 1.537500e+02
      vertex   -3.925589e+01 4.327556e+01 1.492500e+02
      vertex   -3.945000e+01 4.325000e+01 1.492500e+02
    endloop
  endfacet
  facet normal 1.305262e-01 9.914449e-01 0.000000e+00
    outer loop
      vertex   -3.945000e+01 4.325000e+01 1.537500e+02
      vertex   -3.945000e+01 4.325000e+01 1.492500e+02
      vertex   -3.964411e+01 4.327556e+01 1.537500e+02
    endloop
  endfacet
  facet normal 1.305262e-01 9.914449e-01 0.000000e+00
    outer loop
      vertex   -3.964411e+01 4.327556e+01 1.537500e+02
      vertex   -3.945000e+01 4.325000e+01 1.492500e+02
      vertex   -3.964411e+01 4.327556e+01 1.492500e+02
    endloop
  endfacet
  facet normal 3.826834e-01 9.238795e-01 0.000000e+00
    outer loop
      vertex   -3.964411e+01 4.327556e+01 1.537500e+02
      vertex   -3.964411e+01 4.327556e+01 1.492500e+02
      vertex   -3.982500e+01 4.335048e+01 1.537500e+02
    endloop
  endfacet
  facet normal 3.826834e-01 9.238795e-01 0.000000e+00
    outer loop
      vertex   -3.982500e+01 4.335048e+01 1.537500e+02
      vertex   -3.964411e+01 4.327556e+01 1.492500e+02
      vertex   -3.982500e+01 4.335048e+01 1.492500e+02
    endloop
  endfacet
  facet normal 6.087614e-01 7.933533e-01 0.000000e+00
    outer loop
      vertex   -3.982500e+01 4.335048e+01 1.537500e+02
      vertex   -3.982500e+01 4.335048e+01 1.492500e+02
      vertex   -3.998033e+01 4.346967e+01 1.537500e+02
    endloop
  endfacet
  facet normal 6.087614e-01 7.933533e-01 0.000000e+00
    outer loop
      vertex   -3.998033e+01 4.346967e+01 1.537500e+02
      vertex   -3.982500e+01 4.335048e+01 1.492500e+02
      vertex   -3.998033e+01 4.346967e+01 1.492500e+02
    endloop
  endfacet
  facet normal 7.933533e-01 6.087614e-01 0.000000e+00
    outer loop
      vertex   -3.998033e+01 4.346967e+01 1.537500e+02
      vertex   -3.998033e+01 4.346967e+01 1.492500e+02
      vertex   -4.009952e+01 4.362500e+01 1.537500e+02
    endloop
  endfacet
  facet normal 7.933533e-01 6.087614e-01 9.612245e-16
    outer loop
      vertex   -4.009952e+01 4.362500e+01 1.537500e+02
      vertex   -3.998033e+01 4.346967e+01 1.492500e+02
      vertex   -4.009952e+01 4.362500e+01 1.492500e+02
    endloop
  endfacet
  facet normal 9.238795e-01 3.826834e-01 6.042510e-16
    outer loop
      vertex   -4.009952e+01 4.362500e+01 1.537500e+02
      vertex   -4.009952e+01 4.362500e+01 1.492500e+02
      vertex   -4.017444e+01 4.380589e+01 1.537500e+02
    endloop
  endfacet
  facet normal 9.238795e-01 3.826834e-01 0.000000e+00
    outer loop
      vertex   -4.017444e+01 4.380589e+01 1.537500e+02
      vertex   -4.009952e+01 4.362500e+01 1.492500e+02
      vertex   -4.017444e+01 4.380589e+01 1.492500e+02
    endloop
  endfacet
  facet normal 9.914449e-01 1.305262e-01 0.000000e+00
    outer loop
      vertex   -4.017444e+01 4.380589e+01 1.537500e+02
      vertex   -4.017444e+01 4.380589e+01 1.492500e+02
      vertex   -4.020000e+01 4.400000e+01 1.537500e+02
    endloop
  endfacet
  facet normal 9.914449e-01 1.305262e-01 0.000000e+00
    outer loop
      vertex   -4.020000e+01 4.400000e+01 1.537500e+02
      vertex   -4.017444e+01 4.380589e+01 1.492500e+02
      vertex   -4.020000e+01 4.400000e+01 1.492500e+02
    endloop
  endfacet
  facet normal 9.914449e-01 -1.305262e-01 0.000000e+00
    outer loop
      vertex   -4.020000e+01 4.400000e+01 1.537500e+02
      vertex   -4.020000e+01 4.400000e+01 1.492500e+02
      vertex   -4.017444e+01 4.419411e+01 1.537500e+02
    endloop
  endfacet
  facet normal 9.914449e-01 -1.305262e-01 0.000000e+00
    outer loop
      vertex   -4.017444e+01 4.419411e+01 1.537500e+02
      vertex   -4.020000e+01 4.400000e+01 1.492500e+02
      vertex   -4.017444e+01 4.419411e+01 1.492500e+02
    endloop
  endfacet
  facet normal 9.238795e-01 -3.826834e-01 0.000000e+00
    outer loop
      vertex   -4.017444e+01 4.419411e+01 1.537500e+02
      vertex   -4.017444e+01 4.419411e+01 1.492500e+02
      vertex   -4.009952e+01 4.437500e+01 1.537500e+02
    endloop
  endfacet
  facet normal 9.238795e-01 -3.826834e-01 -6.042510e-16
    outer loop
      vertex   -4.009952e+01 4.437500e+01 1.537500e+02
      vertex   -4.017444e+01 4.419411e+01 1.492500e+02
      vertex   -4.009952e+01 4.437500e+01 1.492500e+02
    endloop
  endfacet
  facet normal 7.933533e-01 -6.087614e-01 -9.612245e-16
    outer loop
      vertex   -4.009952e+01 4.437500e+01 1.537500e+02
      vertex   -4.009952e+01 4.437500e+01 1.492500e+02
      vertex   -3.998033e+01 4.453033e+01 1.537500e+02
    endloop
  endfacet
  facet normal 7.933533e-01 -6.087614e-01 0.000000e+00
    outer loop
      vertex   -3.998033e+01 4.453033e+01 1.537500e+02
      vertex   -4.009952e+01 4.437500e+01 1.492500e+02
      vertex   -3.998033e+01 4.453033e+01 1.492500e+02
    endloop
  endfacet
  facet normal 6.087614e-01 -7.933533e-01 0.000000e+00
    outer loop
      vertex   -3.998033e+01 4.453033e+01 1.537500e+02
      vertex   -3.998033e+01 4.453033e+01 1.492500e+02
      vertex   -3.982500e+01 4.464952e+01 1.537500e+02
    endloop
  endfacet
  facet normal 6.087614e-01 -7.933533e-01 0.000000e+00
    outer loop
      vertex   -3.982500e+01 4.464952e+01 1.537500e+02
      vertex   -3.998033e+01 4.453033e+01 1.492500e+02
      vertex   -3.982500e+01 4.464952e+01 1.492500e+02
    endloop
  endfacet
  facet normal 3.826834e-01 -9.238795e-01 0.000000e+00
    outer loop
      vertex   -3.982500e+01 4.464952e+01 1.537500e+02
      vertex   -3.982500e+01 4.464952e+01 1.492500e+02
      vertex   -3.964411e+01 4.472444e+01 1.537500e+02
    endloop
  endfacet
  facet normal 3.826834e-01 -9.238795e-01 0.000000e+00
    outer loop
      vertex   -3.964411e+01 4.472444e+01 1.537500e+02
      vertex   -3.982500e+01 4.464952e+01 1.492500e+02
      vertex   -3.964411e+01 4.472444e+01 1.492500e+02
    endloop
  endfacet
  facet normal 1.305262e-01 -9.914449e-01 0.000000e+00
    outer loop
      vertex   -3.964411e+01 4.472444e+01 1.537500e+02
      vertex   -3.964411e+01 4.472444e+01 1.492500e+02
      vertex   -3.945000e+01 4.475000e+01 1.537500e+02
    endloop
  endfacet
  facet normal 1.305262e-01 -9.914449e-01 0.000000e+00
    outer loop
      vertex   -3.945000e+01 4.475000e+01 1.537500e+02
      vertex   -3.964411e+01 4.472444e+01 1.492500e+02
      vertex   -3.945000e+01 4.475000e+01 1.492500e+02
    endloop
  endfacet
  facet normal -1.305262e-01 -9.914449e-01 -0.000000e+00
    outer loop
      vertex   -3.945000e+01 4.475000e+01 1.537500e+02
      vertex   -3.945000e+01 4.475000e+01 1.492500e+02
      vertex   -3.925589e+01 4.472444e+01 1.537500e+02
    endloop
  endfacet
  facet normal -1.305262e-01 -9.914449e-01 -0.000000e+00
    outer loop
      vertex   -3.925589e+01 4.472444e+01 1.537500e+02
      vertex   -3.945000e+01 4.475000e+01 1.492500e+02
      vertex   -3.925589e+01 4.472444e+01 1.492500e+02
    endloop
  endfacet
  facet normal -3.826834e-01 -9.238795e-01 -0.000000e+00
    outer loop
      vertex   -3.925589e+01 4.472444e+01 1.537500e+02
      vertex   -3.925589e+01 4.472444e+01 1.492500e+02
      vertex   -3.907500e+01 4.464952e+01 1.537500e+02
    endloop
  endfacet
  facet normal -3.826834e-01 -9.238795e-01 -0.000000e+00
    outer loop
      vertex   -3.907500e+01 4.464952e+01 1.537500e+02
      vertex   -3.925589e+01 4.472444e+01 1.492500e+02
      vertex   -3.907500e+01 4.464952e+01 1.492500e+02
    endloop
  endfacet
  facet normal -6.087614e-01 -7.933533e-01 -0.000000e+00
    outer loop
      vertex   -3.907500e+01 4.464952e+01 1.537500e+02
      vertex   -3.907500e+01 4.464952e+01 1.492500e+02
      vertex   -3.891967e+01 4.453033e+01 1.537500e+02
    endloop
  endfacet
  facet normal -6.087614e-01 -7.933533e-01 -0.000000e+00
    outer loop
      vertex   -3.891967e+01 4.453033e+01 1.537500e+02
      vertex   -3.907500e+01 4.464952e+01 1.492500e+02
      vertex   -3.891967e+01 4.453033e+01 1.492500e+02
    endloop
  endfacet
  facet normal -7.933533e-01 -6.087614e-01 -0.000000e+00
    outer loop
      vertex   -3.891967e+01 4.453033e+01 1.537500e+02
      vertex   -3.891967e+01 4.453033e+01 1.492500e+02
      vertex   -3.880048e+01 4.437500e+01 1.537500e+02
    endloop
  endfacet
  facet normal -7.933533e-01 -6.087614e-01 9.612245e-16
    outer loop
      vertex   -3.880048e+01 4.437500e+01 1.537500e+02
      vertex   -3.891967e+01 4.453033e+01 1.492500e+02
      vertex   -3.880048e+01 4.437500e+01 1.492500e+02
    endloop
  endfacet
  facet normal -9.238795e-01 -3.826834e-01 6.042510e-16
    outer loop
      vertex   -3.880048e+01 4.437500e+01 1.537500e+02
      vertex   -3.880048e+01 4.437500e+01 1.492500e+02
      vertex   -3.872555e+01 4.419411e+01 1.537500e+02
    endloop
  endfacet
  facet normal -9.238795e-01 -3.826834e-01 -0.000000e+00
    outer loop
      vertex   -3.872555e+01 4.419411e+01 1.537500e+02
      vertex   -3.880048e+01 4.437500e+01 1.492500e+02
      vertex   -3.872555e+01 4.419411e+01 1.492500e+02
    endloop
  endfacet
  facet normal 1.305262e-01 -9.914449e-01 0.000000e+00
    outer loop
      vertex   -4.969411e+01 3.877444e+01 1.537500e+02
      vertex   -4.969411e+01 3.877444e+01 1.492500e+02
      vertex   -4.950000e+01 3.880000e+01 1.537500e+02
    endloop
  endfacet
  facet normal 1.305262e-01 -9.914449e-01 0.000000e+00
    outer loop
      vertex   -4.950000e+01 3.880000e+01 1.537500e+02
      vertex   -4.969411e+01 3.877444e+01 1.492500e+02
      vertex   -4.950000e+01 3.880000e+01 1.492500e+02
    endloop
  endfacet
  facet normal -1.305262e-01 -9.914449e-01 -0.000000e+00
    outer loop
      vertex   -4.950000e+01 3.880000e+01 1.537500e+02
      vertex   -4.950000e+01 3.880000e+01 1.492500e+02
      vertex   -4.930589e+01 3.877444e+01 1.537500e+02
    endloop
  endfacet
  facet normal -1.305262e-01 -9.914449e-01 -0.000000e+00
    outer loop
      vertex   -4.930589e+01 3.877444e+01 1.537500e+02
      vertex   -4.950000e+01 3.880000e+01 1.492500e+02
      vertex   -4.930589e+01 3.877444e+01 1.492500e+02
    endloop
  endfacet
  facet normal -3.826834e-01 -9.238795e-01 -0.000000e+00
    outer loop
      vertex   -4.930589e+01 3.877444e+01 1.537500e+02
      vertex   -4.930589e+01 3.877444e+01 1.492500e+02
      vertex   -4.912500e+01 3.869952e+01 1.537500e+02
    endloop
  endfacet
  facet normal -3.826834e-01 -9.238795e-01 -1.208502e-15
    outer loop
      vertex   -4.912500e+01 3.869952e+01 1.537500e+02
      vertex   -4.930589e+01 3.877444e+01 1.492500e+02
      vertex   -4.912500e+01 3.869952e+01 1.492500e+02
    endloop
  endfacet
  facet normal -6.087614e-01 -7.933533e-01 -1.922449e-15
    outer loop
      vertex   -4.912500e+01 3.869952e+01 1.537500e+02
      vertex   -4.912500e+01 3.869952e+01 1.492500e+02
      vertex   -4.896967e+01 3.858033e+01 1.537500e+02
    endloop
  endfacet
  facet normal -6.087614e-01 -7.933533e-01 -0.000000e+00
    outer loop
      vertex   -4.896967e+01 3.858033e+01 1.537500e+02
      vertex   -4.912500e+01 3.869952e+01 1.492500e+02
      vertex   -4.896967e+01 3.858033e+01 1.492500e+02
    endloop
  endfacet
  facet normal -7.933533e-01 -6.087614e-01 -0.000000e+00
    outer loop
      vertex   -4.896967e+01 3.858033e+01 1.537500e+02
      vertex   -4.896967e+01 3.858033e+01 1.492500e+02
      vertex   -4.885048e+01 3.842500e+01 1.537500e+02
    endloop
  endfacet
  facet normal -7.933533e-01 -6.087614e-01 -0.000000e+00
    outer loop
      vertex   -4.885048e+01 3.842500e+01 1.537500e+02
      vertex   -4.896967e+01 3.858033e+01 1.492500e+02
      vertex   -4.885048e+01 3.842500e+01 1.492500e+02
    endloop
  endfacet
  facet normal -9.238795e-01 -3.826834e-01 -0.000000e+00
    outer loop
      vertex   -4.885048e+01 3.842500e+01 1.537500e+02
      vertex   -4.885048e+01 3.842500e+01 1.492500e+02
      vertex   -4.877556e+01 3.824411e+01 1.537500e+02
    endloop
  endfacet
  facet normal -9.238795e-01 -3.826834e-01 -0.000000e+00
    outer loop
      vertex   -4.877556e+01 3.824411e+01 1.537500e+02
      vertex   -4.885048e+01 3.842500e+01 1.492500e+02
      vertex   -4.877556e+01 3.824411e+01 1.492500e+02
    endloop
  endfacet
  facet normal -9.914449e-01 -1.305262e-01 -0.000000e+00
    outer loop
      vertex   -4.877556e+01 3.824411e+01 1.537500e+02
      vertex   -4.877556e+01 3.824411e+01 1.492500e+02
      vertex   -4.875000e+01 3.805000e+01 1.537500e+02
    endloop
  endfacet
  facet normal -9.914449e-01 -1.305262e-01 1.565475e-15
    outer loop
      vertex   -4.875000e+01 3.805000e+01 1.537500e+02
      vertex   -4.877556e+01 3.824411e+01 1.492500e+02
      vertex   -4.875000e+01 3.805000e+01 1.492500e+02
    endloop
  endfacet
  facet normal -9.914449e-01 1.305262e-01 1.565475e-15
    outer loop
      vertex   -4.875000e+01 3.805000e+01 1.537500e+02
      vertex   -4.875000e+01 3.805000e+01 1.492500e+02
      vertex   -4.877556e+01 3.785589e+01 1.537500e+02
    endloop
  endfacet
  facet normal -9.914449e-01 1.305262e-01 0.000000e+00
    outer loop
      vertex   -4.877556e+01 3.785589e+01 1.537500e+02
      vertex   -4.875000e+01 3.805000e+01 1.492500e+02
      vertex   -4.877556e+01 3.785589e+01 1.492500e+02
    endloop
  endfacet
  facet normal -9.238795e-01 3.826834e-01 0.000000e+00
    outer loop
      vertex   -4.877556e+01 3.785589e+01 1.537500e+02
      vertex   -4.877556e+01 3.785589e+01 1.492500e+02
      vertex   -4.885048e+01 3.767500e+01 1.537500e+02
    endloop
  endfacet
  facet normal -9.238795e-01 3.826834e-01 0.000000e+00
    outer loop
      vertex   -4.885048e+01 3.767500e+01 1.537500e+02
      vertex   -4.877556e+01 3.785589e+01 1.492500e+02
      vertex   -4.885048e+01 3.767500e+01 1.492500e+02
    endloop
  endfacet
  facet normal -7.933533e-01 6.087614e-01 0.000000e+00
    outer loop
      vertex   -4.885048e+01 3.767500e+01 1.537500e+02
      vertex   -4.885048e+01 3.767500e+01 1.492500e+02
      vertex   -4.896967e+01 3.751967e+01 1.537500e+02
    endloop
  endfacet
  facet normal -7.933533e-01 6.087614e-01 0.000000e+00
    outer loop
      vertex   -4.896967e+01 3.751967e+01 1.537500e+02
      vertex   -4.885048e+01 3.767500e+01 1.492500e+02
      vertex   -4.896967e+01 3.751967e+01 1.492500e+02
    endloop
  endfacet
  facet normal -6.087614e-01 7.933533e-01 0.000000e+00
    outer loop
      vertex   -4.896967e+01 3.751967e+01 1.537500e+02
      vertex   -4.896967e+01 3.751967e+01 1.492500e+02
      vertex   -4.912500e+01 3.740048e+01 1.537500e+02
    endloop
  endfacet
  facet normal -6.087614e-01 7.933533e-01 1.922449e-15
    outer loop
      vertex   -4.912500e+01 3.740048e+01 1.537500e+02
      vertex   -4.896967e+01 3.751967e+01 1.492500e+02
      vertex   -4.912500e+01 3.740048e+01 1.492500e+02
    endloop
  endfacet
  facet normal -3.826834e-01 9.238795e-01 1.208502e-15
    outer loop
      vertex   -4.912500e+01 3.740048e+01 1.537500e+02
      vertex   -4.912500e+01 3.740048e+01 1.492500e+02
      vertex   -4.930589e+01 3.732556e+01 1.537500e+02
    endloop
  endfacet
  facet normal -3.826834e-01 9.238795e-01 0.000000e+00
    outer loop
      vertex   -4.930589e+01 3.732556e+01 1.537500e+02
      vertex   -4.912500e+01 3.740048e+01 1.492500e+02
      vertex   -4.930589e+01 3.732556e+01 1.492500e+02
    endloop
  endfacet
  facet normal -1.305262e-01 9.914449e-01 0.000000e+00
    outer loop
      vertex   -4.930589e+01 3.732556e+01 1.537500e+02
      vertex   -4.930589e+01 3.732556e+01 1.492500e+02
      vertex   -4.950000e+01 3.730000e+01 1.537500e+02
    endloop
  endfacet
  facet normal -1.305262e-01 9.914449e-01 0.000000e+00
    outer loop
      vertex   -4.950000e+01 3.730000e+01 1.537500e+02
      vertex   -4.930589e+01 3.732556e+01 1.492500e+02
      vertex   -4.950000e+01 3.730000e+01 1.492500e+02
    endloop
  endfacet
  facet normal 1.305262e-01 9.914449e-01 0.000000e+00
    outer loop
      vertex   -4.950000e+01 3.730000e+01 1.537500e+02
      vertex   -4.950000e+01 3.730000e+01 1.492500e+02
      vertex   -4.969411e+01 3.732556e+01 1.537500e+02
    endloop
  endfacet
  facet normal 1.305262e-01 9.914449e-01 0.000000e+00
    outer loop
      vertex   -4.969411e+01 3.732556e+01 1.537500e+02
      vertex   -4.950000e+01 3.730000e+01 1.492500e+02
      vertex   -4.969411e+01 3.732556e+01 1.492500e+02
    endloop
  endfacet
  facet normal 3.826834e-01 9.238795e-01 0.000000e+00
    outer loop
      vertex   -4.969411e+01 3.732556e+01 1.537500e+02
      vertex   -4.969411e+01 3.732556e+01 1.492500e+02
      vertex   -4.987500e+01 3.740048e+01 1.537500e+02
    endloop
  endfacet
  facet normal 3.826834e-01 9.238795e-01 -1.208502e-15
    outer loop
      vertex   -4.987500e+01 3.740048e+01 1.537500e+02
      vertex   -4.969411e+01 3.732556e+01 1.492500e+02
      vertex   -4.987500e+01 3.740048e+01 1.492500e+02
    endloop
  endfacet
  facet normal 6.087614e-01 7.933533e-01 -1.922449e-15
    outer loop
      vertex   -4.987500e+01 3.740048e+01 1.537500e+02
      vertex   -4.987500e+01 3.740048e+01 1.492500e+02
      vertex   -5.003033e+01 3.751967e+01 1.537500e+02
    endloop
  endfacet
  facet normal 6.087614e-01 7.933533e-01 1.252692e-15
    outer loop
      vertex   -5.003033e+01 3.751967e+01 1.537500e+02
      vertex   -4.987500e+01 3.740048e+01 1.492500e+02
      vertex   -5.003033e+01 3.751967e+01 1.492500e+02
    endloop
  endfacet
  facet normal 7.933533e-01 6.087614e-01 9.612245e-16
    outer loop
      vertex   -5.003033e+01 3.751967e+01 1.537500e+02
      vertex   -5.003033e+01 3.751967e+01 1.492500e+02
      vertex   -5.014952e+01 3.767500e+01 1.537500e+02
    endloop
  endfacet
  facet normal 7.933533e-01 6.087614e-01 0.000000e+00
    outer loop
      vertex   -5.014952e+01 3.767500e+01 1.537500e+02
      vertex   -5.003033e+01 3.751967e+01 1.492500e+02
      vertex   -5.014952e+01 3.767500e+01 1.492500e+02
    endloop
  endfacet
  facet normal 9.238795e-01 3.826834e-01 0.000000e+00
    outer loop
      vertex   -5.014952e+01 3.767500e+01 1.537500e+02
      vertex   -5.014952e+01 3.767500e+01 1.492500e+02
      vertex   -5.022444e+01 3.785589e+01 1.537500e+02
    endloop
  endfacet
  facet normal 9.238795e-01 3.826834e-01 0.000000e+00
    outer loop
      vertex   -5.022444e+01 3.785589e+01 1.537500e+02
      vertex   -5.014952e+01 3.767500e+01 1.492500e+02
      vertex   -5.022444e+01 3.785589e+01 1.492500e+02
    endloop
  endfacet
  facet normal 9.914449e-01 1.305262e-01 0.000000e+00
    outer loop
      vertex   -5.022444e+01 3.785589e+01 1.537500e+02
      vertex   -5.022444e+01 3.785589e+01 1.492500e+02
      vertex   -5.025000e+01 3.805000e+01 1.537500e+02
    endloop
  endfacet
  facet normal 9.914449e-01 1.305262e-01 0.000000e+00
    outer loop
      vertex   -5.025000e+01 3.805000e+01 1.537500e+02
      vertex   -5.022444e+01 3.785589e+01 1.492500e+02
      vertex   -5.025000e+01 3.805000e+01 1.492500e+02
    endloop
  endfacet
  facet normal 9.914449e-01 -1.305262e-01 0.000000e+00
    outer loop
      vertex   -5.025000e+01 3.805000e+01 1.537500e+02
      vertex   -5.025000e+01 3.805000e+01 1.492500e+02
      vertex   -5.022444e+01 3.824411e+01 1.537500e+02
    endloop
  endfacet
  facet normal 9.914449e-01 -1.305262e-01 0.000000e+00
    outer loop
      vertex   -5.022444e+01 3.824411e+01 1.537500e+02
      vertex   -5.025000e+01 3.805000e+01 1.492500e+02
      vertex   -5.022444e+01 3.824411e+01 1.492500e+02
    endloop
  endfacet
  facet normal 9.238795e-01 -3.826834e-01 0.000000e+00
    outer loop
      vertex   -5.022444e+01 3.824411e+01 1.537500e+02
      vertex   -5.022444e+01 3.824411e+01 1.492500e+02
      vertex   -5.014952e+01 3.842500e+01 1.537500e+02
    endloop
  endfacet
  facet normal 9.238795e-01 -3.826834e-01 0.000000e+00
    outer loop
      vertex   -5.014952e+01 3.842500e+01 1.537500e+02
      vertex   -5.022444e+01 3.824411e+01 1.492500e+02
      vertex   -5.014952e+01 3.842500e+01 1.492500e+02
    endloop
  endfacet
  facet normal 7.933533e-01 -6.087614e-01 0.000000e+00
    outer loop
      vertex   -5.014952e+01 3.842500e+01 1.537500e+02
      vertex   -5.014952e+01 3.842500e+01 1.492500e+02
      vertex   -5.003033e+01 3.858033e+01 1.537500e+02
    endloop
  endfacet
  facet normal 7.933533e-01 -6.087614e-01 -9.612245e-16
    outer loop
      vertex   -5.003033e+01 3.858033e+01 1.537500e+02
      vertex   -5.014952e+01 3.842500e+01 1.492500e+02
      vertex   -5.003033e+01 3.858033e+01 1.492500e+02
    endloop
  endfacet
  facet normal 6.087614e-01 -7.933533e-01 -1.252692e-15
    outer loop
      vertex   -5.003033e+01 3.858033e+01 1.537500e+02
      vertex   -5.003033e+01 3.858033e+01 1.492500e+02
      vertex   -4.987500e+01 3.869952e+01 1.537500e+02
    endloop
  endfacet
  facet normal 6.087614e-01 -7.933533e-01 1.922449e-15
    outer loop
      vertex   -4.987500e+01 3.869952e+01 1.537500e+02
      vertex   -5.003033e+01 3.858033e+01 1.492500e+02
      vertex   -4.987500e+01 3.869952e+01 1.492500e+02
    endloop
  endfacet
  facet normal 3.826834e-01 -9.238795e-01 1.208502e-15
    outer loop
      vertex   -4.987500e+01 3.869952e+01 1.537500e+02
      vertex   -4.987500e+01 3.869952e+01 1.492500e+02
      vertex   -4.969411e+01 3.877444e+01 1.537500e+02
    endloop
  endfacet
  facet normal 3.826834e-01 -9.238795e-01 0.000000e+00
    outer loop
      vertex   -4.969411e+01 3.877444e+01 1.537500e+02
      vertex   -4.987500e+01 3.869952e+01 1.492500e+02
      vertex   -4.969411e+01 3.877444e+01 1.492500e+02
    endloop
  endfacet
  facet normal -1.305262e-01 9.914449e-01 0.000000e+00
    outer loop
      vertex   -4.930589e+01 4.922556e+01 1.537500e+02
      vertex   -4.930589e+01 4.922556e+01 1.492500e+02
      vertex   -4.950000e+01 4.920000e+01 1.537500e+02
    endloop
  endfacet
  facet normal -1.305262e-01 9.914449e-01 0.000000e+00
    outer loop
      vertex   -4.950000e+01 4.920000e+01 1.537500e+02
      vertex   -4.930589e+01 4.922556e+01 1.492500e+02
      vertex   -4.950000e+01 4.920000e+01 1.492500e+02
    endloop
  endfacet
  facet normal 1.305262e-01 9.914449e-01 0.000000e+00
    outer loop
      vertex   -4.950000e+01 4.920000e+01 1.537500e+02
      vertex   -4.950000e+01 4.920000e+01 1.492500e+02
      vertex   -4.969411e+01 4.922556e+01 1.537500e+02
    endloop
  endfacet
  facet normal 1.305262e-01 9.914449e-01 0.000000e+00
    outer loop
      vertex   -4.969411e+01 4.922556e+01 1.537500e+02
      vertex   -4.950000e+01 4.920000e+01 1.492500e+02
      vertex   -4.969411e+01 4.922556e+01 1.492500e+02
    endloop
  endfacet
  facet normal 3.826834e-01 9.238795e-01 0.000000e+00
    outer loop
      vertex   -4.969411e+01 4.922556e+01 1.537500e+02
      vertex   -4.969411e+01 4.922556e+01 1.492500e+02
      vertex   -4.987500e+01 4.930048e+01 1.537500e+02
    endloop
  endfacet
  facet normal 3.826834e-01 9.238795e-01 -1.208502e-15
    outer loop
      vertex   -4.987500e+01 4.930048e+01 1.537500e+02
      vertex   -4.969411e+01 4.922556e+01 1.492500e+02
      vertex   -4.987500e+01 4.930048e+01 1.492500e+02
    endloop
  endfacet
  facet normal 6.087614e-01 7.933533e-01 -1.922449e-15
    outer loop
      vertex   -4.987500e+01 4.930048e+01 1.537500e+02
      vertex   -4.987500e+01 4.930048e+01 1.492500e+02
      vertex   -5.003033e+01 4.941967e+01 1.537500e+02
    endloop
  endfacet
  facet normal 6.087614e-01 7.933533e-01 0.000000e+00
    outer loop
      vertex   -5.003033e+01 4.941967e+01 1.537500e+02
      vertex   -4.987500e+01 4.930048e+01 1.492500e+02
      vertex   -5.003033e+01 4.941967e+01 1.492500e+02
    endloop
  endfacet
  facet normal 7.933533e-01 6.087614e-01 0.000000e+00
    outer loop
      vertex   -5.003033e+01 4.941967e+01 1.537500e+02
      vertex   -5.003033e+01 4.941967e+01 1.492500e+02
      vertex   -5.014952e+01 4.957500e+01 1.537500e+02
    endloop
  endfacet
  facet normal 7.933533e-01 6.087614e-01 0.000000e+00
    outer loop
      vertex   -5.014952e+01 4.957500e+01 1.537500e+02
      vertex   -5.003033e+01 4.941967e+01 1.492500e+02
      vertex   -5.014952e+01 4.957500e+01 1.492500e+02
    endloop
  endfacet
  facet normal 9.238795e-01 3.826834e-01 0.000000e+00
    outer loop
      vertex   -5.014952e+01 4.957500e+01 1.537500e+02
      vertex   -5.014952e+01 4.957500e+01 1.492500e+02
      vertex   -5.022444e+01 4.975589e+01 1.537500e+02
    endloop
  endfacet
  facet normal 9.238795e-01 3.826834e-01 0.000000e+00
    outer loop
      vertex   -5.022444e+01 4.975589e+01 1.537500e+02
      vertex   -5.014952e+01 4.957500e+01 1.492500e+02
      vertex   -5.022444e+01 4.975589e+01 1.492500e+02
    endloop
  endfacet
  facet normal 9.914449e-01 1.305262e-01 0.000000e+00
    outer loop
      vertex   -5.022444e+01 4.975589e+01 1.537500e+02
      vertex   -5.022444e+01 4.975589e+01 1.492500e+02
      vertex   -5.025000e+01 4.995000e+01 1.537500e+02
    endloop
  endfacet
  facet normal 9.914449e-01 1.305262e-01 0.000000e+00
    outer loop
      vertex   -5.025000e+01 4.995000e+01 1.537500e+02
      vertex   -5.022444e+01 4.975589e+01 1.492500e+02
      vertex   -5.025000e+01 4.995000e+01 1.492500e+02
    endloop
  endfacet
  facet normal 9.914449e-01 -1.305262e-01 0.000000e+00
    outer loop
      vertex   -5.025000e+01 4.995000e+01 1.537500e+02
      vertex   -5.025000e+01 4.995000e+01 1.492500e+02
      vertex   -5.022444e+01 5.014412e+01 1.537500e+02
    endloop
  endfacet
  facet normal 9.914449e-01 -1.305262e-01 0.000000e+00
    outer loop
      vertex   -5.022444e+01 5.014412e+01 1.537500e+02
      vertex   -5.025000e+01 4.995000e+01 1.492500e+02
      vertex   -5.022444e+01 5.014412e+01 1.492500e+02
    endloop
  endfacet
  facet normal 9.238795e-01 -3.826834e-01 0.000000e+00
    outer loop
      vertex   -5.022444e+01 5.014412e+01 1.537500e+02
      vertex   -5.022444e+01 5.014412e+01 1.492500e+02
      vertex   -5.014952e+01 5.032500e+01 1.537500e+02
    endloop
  endfacet
  facet normal 9.238795e-01 -3.826834e-01 -6.042510e-16
    outer loop
      vertex   -5.014952e+01 5.032500e+01 1.537500e+02
      vertex   -5.022444e+01 5.014412e+01 1.492500e+02
      vertex   -5.014952e+01 5.032500e+01 1.492500e+02
    endloop
  endfacet
  facet normal 7.933533e-01 -6.087614e-01 -9.612245e-16
    outer loop
      vertex   -5.014952e+01 5.032500e+01 1.537500e+02
      vertex   -5.014952e+01 5.032500e+01 1.492500e+02
      vertex   -5.003033e+01 5.048033e+01 1.537500e+02
    endloop
  endfacet
  facet normal 7.933533e-01 -6.087614e-01 0.000000e+00
    outer loop
      vertex   -5.003033e+01 5.048033e+01 1.537500e+02
      vertex   -5.014952e+01 5.032500e+01 1.492500e+02
      vertex   -5.003033e+01 5.048033e+01 1.492500e+02
    endloop
  endfacet
  facet normal 6.087614e-01 -7.933533e-01 0.000000e+00
    outer loop
      vertex   -5.003033e+01 5.048033e+01 1.537500e+02
      vertex   -5.003033e+01 5.048033e+01 1.492500e+02
      vertex   -4.987500e+01 5.059952e+01 1.537500e+02
    endloop
  endfacet
  facet normal 6.087614e-01 -7.933533e-01 1.922449e-15
    outer loop
      vertex   -4.987500e+01 5.059952e+01 1.537500e+02
      vertex   -5.003033e+01 5.048033e+01 1.492500e+02
      vertex   -4.987500e+01 5.059952e+01 1.492500e+02
    endloop
  endfacet
  facet normal 3.826834e-01 -9.238795e-01 1.208502e-15
    outer loop
      vertex   -4.987500e+01 5.059952e+01 1.537500e+02
      vertex   -4.987500e+01 5.059952e+01 1.492500e+02
      vertex   -4.969411e+01 5.067445e+01 1.537500e+02
    endloop
  endfacet
  facet normal 3.826834e-01 -9.238795e-01 0.000000e+00
    outer loop
      vertex   -4.969411e+01 5.067445e+01 1.537500e+02
      vertex   -4.987500e+01 5.059952e+01 1.492500e+02
      vertex   -4.969411e+01 5.067445e+01 1.492500e+02
    endloop
  endfacet
  facet normal 1.305262e-01 -9.914449e-01 0.000000e+00
    outer loop
      vertex   -4.969411e+01 5.067445e+01 1.537500e+02
      vertex   -4.969411e+01 5.067445e+01 1.492500e+02
      vertex   -4.950000e+01 5.070000e+01 1.537500e+02
    endloop
  endfacet
  facet normal 1.305262e-01 -9.914449e-01 0.000000e+00
    outer loop
      vertex   -4.950000e+01 5.070000e+01 1.537500e+02
      vertex   -4.969411e+01 5.067445e+01 1.492500e+02
      vertex   -4.950000e+01 5.070000e+01 1.492500e+02
    endloop
  endfacet
  facet normal -1.305262e-01 -9.914449e-01 -0.000000e+00
    outer loop
      vertex   -4.950000e+01 5.070000e+01 1.537500e+02
      vertex   -4.950000e+01 5.070000e+01 1.492500e+02
      vertex   -4.930589e+01 5.067445e+01 1.537500e+02
    endloop
  endfacet
  facet normal -1.305262e-01 -9.914449e-01 -0.000000e+00
    outer loop
      vertex   -4.930589e+01 5.067445e+01 1.537500e+02
      vertex   -4.950000e+01 5.070000e+01 1.492500e+02
      vertex   -4.930589e+01 5.067445e+01 1.492500e+02
    endloop
  endfacet
  facet normal -3.826834e-01 -9.238795e-01 -0.000000e+00
    outer loop
      vertex   -4.930589e+01 5.067445e+01 1.537500e+02
      vertex   -4.930589e+01 5.067445e+01 1.492500e+02
      vertex   -4.912500e+01 5.059952e+01 1.537500e+02
    endloop
  endfacet
  facet normal -3.826834e-01 -9.238795e-01 -1.208502e-15
    outer loop
      vertex   -4.912500e+01 5.059952e+01 1.537500e+02
      vertex   -4.930589e+01 5.067445e+01 1.492500e+02
      vertex   -4.912500e+01 5.059952e+01 1.492500e+02
    endloop
  endfacet
  facet normal -6.087614e-01 -7.933533e-01 -1.922449e-15
    outer loop
      vertex   -4.912500e+01 5.059952e+01 1.537500e+02
      vertex   -4.912500e+01 5.059952e+01 1.492500e+02
      vertex   -4.896967e+01 5.048033e+01 1.537500e+02
    endloop
  endfacet
  facet normal -6.087614e-01 -7.933533e-01 -0.000000e+00
    outer loop
      vertex   -4.896967e+01 5.048033e+01 1.537500e+02
      vertex   -4.912500e+01 5.059952e+01 1.492500e+02
      vertex   -4.896967e+01 5.048033e+01 1.492500e+02
    endloop
  endfacet
  facet normal -7.933533e-01 -6.087614e-01 -0.000000e+00
    outer loop
      vertex   -4.896967e+01 5.048033e+01 1.537500e+02
      vertex   -4.896967e+01 5.048033e+01 1.492500e+02
      vertex   -4.885048e+01 5.032500e+01 1.537500e+02
    endloop
  endfacet
  facet normal -7.933533e-01 -6.087614e-01 9.612245e-16
    outer loop
      vertex   -4.885048e+01 5.032500e+01 1.537500e+02
      vertex   -4.896967e+01 5.048033e+01 1.492500e+02
      vertex   -4.885048e+01 5.032500e+01 1.492500e+02
    endloop
  endfacet
  facet normal -9.238795e-01 -3.826834e-01 6.042510e-16
    outer loop
      vertex   -4.885048e+01 5.032500e+01 1.537500e+02
      vertex   -4.885048e+01 5.032500e+01 1.492500e+02
      vertex   -4.877556e+01 5.014412e+01 1.537500e+02
    endloop
  endfacet
  facet normal -9.238795e-01 -3.826834e-01 -0.000000e+00
    outer loop
      vertex   -4.877556e+01 5.014412e+01 1.537500e+02
      vertex   -4.885048e+01 5.032500e+01 1.492500e+02
      vertex   -4.877556e+01 5.014412e+01 1.492500e+02
    endloop
  endfacet
  facet normal -9.914449e-01 -1.305262e-01 -0.000000e+00
    outer loop
      vertex   -4.877556e+01 5.014412e+01 1.537500e+02
      vertex   -4.877556e+01 5.014412e+01 1.492500e+02
      vertex   -4.875000e+01 4.995000e+01 1.537500e+02
    endloop
  endfacet
  facet normal -9.914449e-01 -1.305262e-01 -1.565475e-15
    outer loop
      vertex   -4.875000e+01 4.995000e+01 1.537500e+02
      vertex   -4.877556e+01 5.014412e+01 1.492500e+02
      vertex   -4.875000e+01 4.995000e+01 1.492500e+02
    endloop
  endfacet
  facet normal -9.914449e-01 1.305262e-01 -1.565475e-15
    outer loop
      vertex   -4.875000e+01 4.995000e+01 1.537500e+02
      vertex   -4.875000e+01 4.995000e+01 1.492500e+02
      vertex   -4.877556e+01 4.975589e+01 1.537500e+02
    endloop
  endfacet
  facet normal -9.914449e-01 1.305262e-01 0.000000e+00
    outer loop
      vertex   -4.877556e+01 4.975589e+01 1.537500e+02
      vertex   -4.875000e+01 4.995000e+01 1.492500e+02
      vertex   -4.877556e+01 4.975589e+01 1.492500e+02
    endloop
  endfacet
  facet normal -9.238795e-01 3.826834e-01 0.000000e+00
    outer loop
      vertex   -4.877556e+01 4.975589e+01 1.537500e+02
      vertex   -4.877556e+01 4.975589e+01 1.492500e+02
      vertex   -4.885048e+01 4.957500e+01 1.537500e+02
    endloop
  endfacet
  facet normal -9.238795e-01 3.826834e-01 -6.042510e-16
    outer loop
      vertex   -4.885048e+01 4.957500e+01 1.537500e+02
      vertex   -4.877556e+01 4.975589e+01 1.492500e+02
      vertex   -4.885048e+01 4.957500e+01 1.492500e+02
    endloop
  endfacet
  facet normal -7.933533e-01 6.087614e-01 -9.612245e-16
    outer loop
      vertex   -4.885048e+01 4.957500e+01 1.537500e+02
      vertex   -4.885048e+01 4.957500e+01 1.492500e+02
      vertex   -4.896967e+01 4.941967e+01 1.537500e+02
    endloop
  endfacet
  facet normal -7.933533e-01 6.087614e-01 0.000000e+00
    outer loop
      vertex   -4.896967e+01 4.941967e+01 1.537500e+02
      vertex   -4.885048e+01 4.957500e+01 1.492500e+02
      vertex   -4.896967e+01 4.941967e+01 1.492500e+02
    endloop
  endfacet
  facet normal -6.087614e-01 7.933533e-01 0.000000e+00
    outer loop
      vertex   -4.896967e+01 4.941967e+01 1.537500e+02
      vertex   -4.896967e+01 4.941967e+01 1.492500e+02
      vertex   -4.912500e+01 4.930048e+01 1.537500e+02
    endloop
  endfacet
  facet normal -6.087614e-01 7.933533e-01 1.922449e-15
    outer loop
      vertex   -4.912500e+01 4.930048e+01 1.537500e+02
      vertex   -4.896967e+01 4.941967e+01 1.492500e+02
      vertex   -4.912500e+01 4.930048e+01 1.492500e+02
    endloop
  endfacet
  facet normal -3.826834e-01 9.238795e-01 1.208502e-15
    outer loop
      vertex   -4.912500e+01 4.930048e+01 1.537500e+02
      vertex   -4.912500e+01 4.930048e+01 1.492500e+02
      vertex   -4.930589e+01 4.922556e+01 1.537500e+02
    endloop
  endfacet
  facet normal -3.826834e-01 9.238795e-01 0.000000e+00
    outer loop
      vertex   -4.930589e+01 4.922556e+01 1.537500e+02
      vertex   -4.912500e+01 4.930048e+01 1.492500e+02
      vertex   -4.930589e+01 4.922556e+01 1.492500e+02
    endloop
  endfacet
  facet normal -9.914449e-01 -1.305262e-01 -0.000000e+00
    outer loop
      vertex   -5.472556e+01 4.419411e+01 1.537500e+02
      vertex   -5.472556e+01 4.419411e+01 1.492500e+02
      vertex   -5.470000e+01 4.400000e+01 1.537500e+02
    endloop
  endfacet
  facet normal -9.914449e-01 -1.305262e-01 -3.130951e-15
    outer loop
      vertex   -5.470000e+01 4.400000e+01 1.537500e+02
      vertex   -5.472556e+01 4.419411e+01 1.492500e+02
      vertex   -5.470000e+01 4.400000e+01 1.492500e+02
    endloop
  endfacet
  facet normal -9.914449e-01 1.305262e-01 -3.130951e-15
    outer loop
      vertex   -5.470000e+01 4.400000e+01 1.537500e+02
      vertex   -5.470000e+01 4.400000e+01 1.492500e+02
      vertex   -5.472556e+01 4.380589e+01 1.537500e+02
    endloop
  endfacet
  facet normal -9.914449e-01 1.305262e-01 0.000000e+00
    outer loop
      vertex   -5.472556e+01 4.380589e+01 1.537500e+02
      vertex   -5.470000e+01 4.400000e+01 1.492500e+02
      vertex   -5.472556e+01 4.380589e+01 1.492500e+02
    endloop
  endfacet
  facet normal -9.238795e-01 3.826834e-01 0.000000e+00
    outer loop
      vertex   -5.472556e+01 4.380589e+01 1.537500e+02
      vertex   -5.472556e+01 4.380589e+01 1.492500e+02
      vertex   -5.480048e+01 4.362500e+01 1.537500e+02
    endloop
  endfacet
  facet normal -9.238795e-01 3.826834e-01 -6.042510e-16
    outer loop
      vertex   -5.480048e+01 4.362500e+01 1.537500e+02
      vertex   -5.472556e+01 4.380589e+01 1.492500e+02
      vertex   -5.480048e+01 4.362500e+01 1.492500e+02
    endloop
  endfacet
  facet normal -7.933533e-01 6.087614e-01 -9.612245e-16
    outer loop
      vertex   -5.480048e+01 4.362500e+01 1.537500e+02
      vertex   -5.480048e+01 4.362500e+01 1.492500e+02
      vertex   -5.491967e+01 4.346967e+01 1.537500e+02
    endloop
  endfacet
  facet normal -7.933533e-01 6.087614e-01 0.000000e+00
    outer loop
      vertex   -5.491967e+01 4.346967e+01 1.537500e+02
      vertex   -5.480048e+01 4.362500e+01 1.492500e+02
      vertex   -5.491967e+01 4.346967e+01 1.492500e+02
    endloop
  endfacet
  facet normal -6.087614e-01 7.933533e-01 0.000000e+00
    outer loop
      vertex   -5.491967e+01 4.346967e+01 1.537500e+02
      vertex   -5.491967e+01 4.346967e+01 1.492500e+02
      vertex   -5.507500e+01 4.335048e+01 1.537500e+02
    endloop
  endfacet
  facet normal -6.087614e-01 7.933533e-01 9.612245e-16
    outer loop
      vertex   -5.507500e+01 4.335048e+01 1.537500e+02
      vertex   -5.491967e+01 4.346967e+01 1.492500e+02
      vertex   -5.507500e+01 4.335048e+01 1.492500e+02
    endloop
  endfacet
  facet normal -3.826834e-01 9.238795e-01 6.042510e-16
    outer loop
      vertex   -5.507500e+01 4.335048e+01 1.537500e+02
      vertex   -5.507500e+01 4.335048e+01 1.492500e+02
      vertex   -5.525589e+01 4.327556e+01 1.537500e+02
    endloop
  endfacet
  facet normal -3.826834e-01 9.238795e-01 0.000000e+00
    outer loop
      vertex   -5.525589e+01 4.327556e+01 1.537500e+02
      vertex   -5.507500e+01 4.335048e+01 1.492500e+02
      vertex   -5.525589e+01 4.327556e+01 1.492500e+02
    endloop
  endfacet
  facet normal -1.305262e-01 9.914449e-01 0.000000e+00
    outer loop
      vertex   -5.525589e+01 4.327556e+01 1.537500e+02
      vertex   -5.525589e+01 4.327556e+01 1.492500e+02
      vertex   -5.545000e+01 4.325000e+01 1.537500e+02
    endloop
  endfacet
  facet normal -1.305262e-01 9.914449e-01 0.000000e+00
    outer loop
      vertex   -5.545000e+01 4.325000e+01 1.537500e+02
      vertex   -5.525589e+01 4.327556e+01 1.492500e+02
      vertex   -5.545000e+01 4.325000e+01 1.492500e+02
    endloop
  endfacet
  facet normal 1.305262e-01 9.914449e-01 0.000000e+00
    outer loop
      vertex   -5.545000e+01 4.325000e+01 1.537500e+02
      vertex   -5.545000e+01 4.325000e+01 1.492500e+02
      vertex   -5.564411e+01 4.327556e+01 1.537500e+02
    endloop
  endfacet
  facet normal 1.305262e-01 9.914449e-01 0.000000e+00
    outer loop
      vertex   -5.564411e+01 4.327556e+01 1.537500e+02
      vertex   -5.545000e+01 4.325000e+01 1.492500e+02
      vertex   -5.564411e+01 4.327556e+01 1.492500e+02
    endloop
  endfacet
  facet normal 3.826834e-01 9.238795e-01 0.000000e+00
    outer loop
      vertex   -5.564411e+01 4.327556e+01 1.537500e+02
      vertex   -5.564411e+01 4.327556e+01 1.492500e+02
      vertex   -5.582500e+01 4.335048e+01 1.537500e+02
    endloop
  endfacet
  facet normal 3.826834e-01 9.238795e-01 -6.042510e-16
    outer loop
      vertex   -5.582500e+01 4.335048e+01 1.537500e+02
      vertex   -5.564411e+01 4.327556e+01 1.492500e+02
      vertex   -5.582500e+01 4.335048e+01 1.492500e+02
    endloop
  endfacet
  facet normal 6.087614e-01 7.933533e-01 -9.612245e-16
    outer loop
      vertex   -5.582500e+01 4.335048e+01 1.537500e+02
      vertex   -5.582500e+01 4.335048e+01 1.492500e+02
      vertex   -5.598033e+01 4.346967e+01 1.537500e+02
    endloop
  endfacet
  facet normal 6.087614e-01 7.933533e-01 0.000000e+00
    outer loop
      vertex   -5.598033e+01 4.346967e+01 1.537500e+02
      vertex   -5.582500e+01 4.335048e+01 1.492500e+02
      vertex   -5.598033e+01 4.346967e+01 1.492500e+02
    endloop
  endfacet
  facet normal 7.933533e-01 6.087614e-01 0.000000e+00
    outer loop
      vertex   -5.598033e+01 4.346967e+01 1.537500e+02
      vertex   -5.598033e+01 4.346967e+01 1.492500e+02
      vertex   -5.609952e+01 4.362500e+01 1.537500e+02
    endloop
  endfacet
  facet normal 7.933533e-01 6.087614e-01 9.612245e-16
    outer loop
      vertex   -5.609952e+01 4.362500e+01 1.537500e+02
      vertex   -5.598033e+01 4.346967e+01 1.492500e+02
      vertex   -5.609952e+01 4.362500e+01 1.492500e+02
    endloop
  endfacet
  facet normal 9.238795e-01 3.826834e-01 6.042510e-16
    outer loop
      vertex   -5.609952e+01 4.362500e+01 1.537500e+02
      vertex   -5.609952e+01 4.362500e+01 1.492500e+02
      vertex   -5.617445e+01 4.380589e+01 1.537500e+02
    endloop
  endfacet
  facet normal 9.238795e-01 3.826834e-01 0.000000e+00
    outer loop
      vertex   -5.617445e+01 4.380589e+01 1.537500e+02
      vertex   -5.609952e+01 4.362500e+01 1.492500e+02
      vertex   -5.617445e+01 4.380589e+01 1.492500e+02
    endloop
  endfacet
  facet normal 9.914449e-01 1.305262e-01 0.000000e+00
    outer loop
      vertex   -5.617445e+01 4.380589e+01 1.537500e+02
      vertex   -5.617445e+01 4.380589e+01 1.492500e+02
      vertex   -5.620000e+01 4.400000e+01 1.537500e+02
    endloop
  endfacet
  facet normal 9.914449e-01 1.305262e-01 0.000000e+00
    outer loop
      vertex   -5.620000e+01 4.400000e+01 1.537500e+02
      vertex   -5.617445e+01 4.380589e+01 1.492500e+02
      vertex   -5.620000e+01 4.400000e+01 1.492500e+02
    endloop
  endfacet
  facet normal 9.914449e-01 -1.305262e-01 0.000000e+00
    outer loop
      vertex   -5.620000e+01 4.400000e+01 1.537500e+02
      vertex   -5.620000e+01 4.400000e+01 1.492500e+02
      vertex   -5.617445e+01 4.419411e+01 1.537500e+02
    endloop
  endfacet
  facet normal 9.914449e-01 -1.305262e-01 0.000000e+00
    outer loop
      vertex   -5.617445e+01 4.419411e+01 1.537500e+02
      vertex   -5.620000e+01 4.400000e+01 1.492500e+02
      vertex   -5.617445e+01 4.419411e+01 1.492500e+02
    endloop
  endfacet
  facet normal 9.238795e-01 -3.826834e-01 0.000000e+00
    outer loop
      vertex   -5.617445e+01 4.419411e+01 1.537500e+02
      vertex   -5.617445e+01 4.419411e+01 1.492500e+02
      vertex   -5.609952e+01 4.437500e+01 1.537500e+02
    endloop
  endfacet
  facet normal 9.238795e-01 -3.826834e-01 -6.042510e-16
    outer loop
      vertex   -5.609952e+01 4.437500e+01 1.537500e+02
      vertex   -5.617445e+01 4.419411e+01 1.492500e+02
      vertex   -5.609952e+01 4.437500e+01 1.492500e+02
    endloop
  endfacet
  facet normal 7.933533e-01 -6.087614e-01 -9.612245e-16
    outer loop
      vertex   -5.609952e+01 4.437500e+01 1.537500e+02
      vertex   -5.609952e+01 4.437500e+01 1.492500e+02
      vertex   -5.598033e+01 4.453033e+01 1.537500e+02
    endloop
  endfacet
  facet normal 7.933533e-01 -6.087614e-01 0.000000e+00
    outer loop
      vertex   -5.598033e+01 4.453033e+01 1.537500e+02
      vertex   -5.609952e+01 4.437500e+01 1.492500e+02
      vertex   -5.598033e+01 4.453033e+01 1.492500e+02
    endloop
  endfacet
  facet normal 6.087614e-01 -7.933533e-01 0.000000e+00
    outer loop
      vertex   -5.598033e+01 4.453033e+01 1.537500e+02
      vertex   -5.598033e+01 4.453033e+01 1.492500e+02
      vertex   -5.582500e+01 4.464952e+01 1.537500e+02
    endloop
  endfacet
  facet normal 6.087614e-01 -7.933533e-01 9.612245e-16
    outer loop
      vertex   -5.582500e+01 4.464952e+01 1.537500e+02
      vertex   -5.598033e+01 4.453033e+01 1.492500e+02
      vertex   -5.582500e+01 4.464952e+01 1.492500e+02
    endloop
  endfacet
  facet normal 3.826834e-01 -9.238795e-01 6.042510e-16
    outer loop
      vertex   -5.582500e+01 4.464952e+01 1.537500e+02
      vertex   -5.582500e+01 4.464952e+01 1.492500e+02
      vertex   -5.564411e+01 4.472444e+01 1.537500e+02
    endloop
  endfacet
  facet normal 3.826834e-01 -9.238795e-01 0.000000e+00
    outer loop
      vertex   -5.564411e+01 4.472444e+01 1.537500e+02
      vertex   -5.582500e+01 4.464952e+01 1.492500e+02
      vertex   -5.564411e+01 4.472444e+01 1.492500e+02
    endloop
  endfacet
  facet normal 1.305262e-01 -9.914449e-01 0.000000e+00
    outer loop
      vertex   -5.564411e+01 4.472444e+01 1.537500e+02
      vertex   -5.564411e+01 4.472444e+01 1.492500e+02
      vertex   -5.545000e+01 4.475000e+01 1.537500e+02
    endloop
  endfacet
  facet normal 1.305262e-01 -9.914449e-01 0.000000e+00
    outer loop
      vertex   -5.545000e+01 4.475000e+01 1.537500e+02
      vertex   -5.564411e+01 4.472444e+01 1.492500e+02
      vertex   -5.545000e+01 4.475000e+01 1.492500e+02
    endloop
  endfacet
  facet normal -1.305262e-01 -9.914449e-01 -0.000000e+00
    outer loop
      vertex   -5.545000e+01 4.475000e+01 1.537500e+02
      vertex   -5.545000e+01 4.475000e+01 1.492500e+02
      vertex   -5.525589e+01 4.472444e+01 1.537500e+02
    endloop
  endfacet
  facet normal -1.305262e-01 -9.914449e-01 -0.000000e+00
    outer loop
      vertex   -5.525589e+01 4.472444e+01 1.537500e+02
      vertex   -5.545000e+01 4.475000e+01 1.492500e+02
      vertex   -5.525589e+01 4.472444e+01 1.492500e+02
    endloop
  endfacet
  facet normal -3.826834e-01 -9.238795e-01 -0.000000e+00
    outer loop
      vertex   -5.525589e+01 4.472444e+01 1.537500e+02
      vertex   -5.525589e+01 4.472444e+01 1.492500e+02
      vertex   -5.507500e+01 4.464952e+01 1.537500e+02
    endloop
  endfacet
  facet normal -3.826834e-01 -9.238795e-01 -6.042510e-16
    outer loop
      vertex   -5.507500e+01 4.464952e+01 1.537500e+02
      vertex   -5.525589e+01 4.472444e+01 1.492500e+02
      vertex   -5.507500e+01 4.464952e+01 1.492500e+02
    endloop
  endfacet
  facet normal -6.087614e-01 -7.933533e-01 -9.612245e-16
    outer loop
      vertex   -5.507500e+01 4.464952e+01 1.537500e+02
      vertex   -5.507500e+01 4.464952e+01 1.492500e+02
      vertex   -5.491967e+01 4.453033e+01 1.537500e+02
    endloop
  endfacet
  facet normal -6.087614e-01 -7.933533e-01 -0.000000e+00
    outer loop
      vertex   -5.491967e+01 4.453033e+01 1.537500e+02
      vertex   -5.507500e+01 4.464952e+01 1.492500e+02
      vertex   -5.491967e+01 4.453033e+01 1.492500e+02
    endloop
  endfacet
  facet normal -7.933533e-01 -6.087614e-01 -0.000000e+00
    outer loop
      vertex   -5.491967e+01 4.453033e+01 1.537500e+02
      vertex   -5.491967e+01 4.453033e+01 1.492500e+02
      vertex   -5.480048e+01 4.437500e+01 1.537500e+02
    endloop
  endfacet
  facet normal -7.933533e-01 -6.087614e-01 9.612245e-16
    outer loop
      vertex   -5.480048e+01 4.437500e+01 1.537500e+02
      vertex   -5.491967e+01 4.453033e+01 1.492500e+02
      vertex   -5.480048e+01 4.437500e+01 1.492500e+02
    endloop
  endfacet
  facet normal -9.238795e-01 -3.826834e-01 6.042510e-16
    outer loop
      vertex   -5.480048e+01 4.437500e+01 1.537500e+02
      vertex   -5.480048e+01 4.437500e+01 1.492500e+02
      vertex   -5.472556e+01 4.419411e+01 1.537500e+02
    endloop
  endfacet
  facet normal -9.238795e-01 -3.826834e-01 -0.000000e+00
    outer loop
      vertex   -5.472556e+01 4.419411e+01 1.537500e+02
      vertex   -5.480048e+01 4.437500e+01 1.492500e+02
      vertex   -5.472556e+01 4.419411e+01 1.492500e+02
    endloop
  endfacet
  facet normal 9.914449e-01 1.305262e-01 0.000000e+00
    outer loop
      vertex   -4.427444e+01 4.380589e+01 1.537500e+02
      vertex   -4.427444e+01 4.380589e+01 1.492500e+02
      vertex   -4.430000e+01 4.400000e+01 1.537500e+02
    endloop
  endfacet
  facet normal 9.914449e-01 1.305262e-01 0.000000e+00
    outer loop
      vertex   -4.430000e+01 4.400000e+01 1.537500e+02
      vertex   -4.427444e+01 4.380589e+01 1.492500e+02
      vertex   -4.430000e+01 4.400000e+01 1.492500e+02
    endloop
  endfacet
  facet normal 9.914449e-01 -1.305262e-01 0.000000e+00
    outer loop
      vertex   -4.430000e+01 4.400000e+01 1.537500e+02
      vertex   -4.430000e+01 4.400000e+01 1.492500e+02
      vertex   -4.427444e+01 4.419411e+01 1.537500e+02
    endloop
  endfacet
  facet normal 9.914449e-01 -1.305262e-01 0.000000e+00
    outer loop
      vertex   -4.427444e+01 4.419411e+01 1.537500e+02
      vertex   -4.430000e+01 4.400000e+01 1.492500e+02
      vertex   -4.427444e+01 4.419411e+01 1.492500e+02
    endloop
  endfacet
  facet normal 9.238795e-01 -3.826834e-01 0.000000e+00
    outer loop
      vertex   -4.427444e+01 4.419411e+01 1.537500e+02
      vertex   -4.427444e+01 4.419411e+01 1.492500e+02
      vertex   -4.419952e+01 4.437500e+01 1.537500e+02
    endloop
  endfacet
  facet normal 9.238795e-01 -3.826834e-01 -6.042510e-16
    outer loop
      vertex   -4.419952e+01 4.437500e+01 1.537500e+02
      vertex   -4.427444e+01 4.419411e+01 1.492500e+02
      vertex   -4.419952e+01 4.437500e+01 1.492500e+02
    endloop
  endfacet
  facet normal 7.933533e-01 -6.087614e-01 -9.612245e-16
    outer loop
      vertex   -4.419952e+01 4.437500e+01 1.537500e+02
      vertex   -4.419952e+01 4.437500e+01 1.492500e+02
      vertex   -4.408033e+01 4.453033e+01 1.537500e+02
    endloop
  endfacet
  facet normal 7.933533e-01 -6.087614e-01 0.000000e+00
    outer loop
      vertex   -4.408033e+01 4.453033e+01 1.537500e+02
      vertex   -4.419952e+01 4.437500e+01 1.492500e+02
      vertex   -4.408033e+01 4.453033e+01 1.492500e+02
    endloop
  endfacet
  facet normal 6.087614e-01 -7.933533e-01 0.000000e+00
    outer loop
      vertex   -4.408033e+01 4.453033e+01 1.537500e+02
      vertex   -4.408033e+01 4.453033e+01 1.492500e+02
      vertex   -4.392500e+01 4.464952e+01 1.537500e+02
    endloop
  endfacet
  facet normal 6.087614e-01 -7.933533e-01 9.612245e-16
    outer loop
      vertex   -4.392500e+01 4.464952e+01 1.537500e+02
      vertex   -4.408033e+01 4.453033e+01 1.492500e+02
      vertex   -4.392500e+01 4.464952e+01 1.492500e+02
    endloop
  endfacet
  facet normal 3.826834e-01 -9.238795e-01 6.042510e-16
    outer loop
      vertex   -4.392500e+01 4.464952e+01 1.537500e+02
      vertex   -4.392500e+01 4.464952e+01 1.492500e+02
      vertex   -4.374411e+01 4.472444e+01 1.537500e+02
    endloop
  endfacet
  facet normal 3.826834e-01 -9.238795e-01 0.000000e+00
    outer loop
      vertex   -4.374411e+01 4.472444e+01 1.537500e+02
      vertex   -4.392500e+01 4.464952e+01 1.492500e+02
      vertex   -4.374411e+01 4.472444e+01 1.492500e+02
    endloop
  endfacet
  facet normal 1.305262e-01 -9.914449e-01 0.000000e+00
    outer loop
      vertex   -4.374411e+01 4.472444e+01 1.537500e+02
      vertex   -4.374411e+01 4.472444e+01 1.492500e+02
      vertex   -4.355000e+01 4.475000e+01 1.537500e+02
    endloop
  endfacet
  facet normal 1.305262e-01 -9.914449e-01 0.000000e+00
    outer loop
      vertex   -4.355000e+01 4.475000e+01 1.537500e+02
      vertex   -4.374411e+01 4.472444e+01 1.492500e+02
      vertex   -4.355000e+01 4.475000e+01 1.492500e+02
    endloop
  endfacet
  facet normal -1.305262e-01 -9.914449e-01 -0.000000e+00
    outer loop
      vertex   -4.355000e+01 4.475000e+01 1.537500e+02
      vertex   -4.355000e+01 4.475000e+01 1.492500e+02
      vertex   -4.335589e+01 4.472444e+01 1.537500e+02
    endloop
  endfacet
  facet normal -1.305262e-01 -9.914449e-01 -0.000000e+00
    outer loop
      vertex   -4.335589e+01 4.472444e+01 1.537500e+02
      vertex   -4.355000e+01 4.475000e+01 1.492500e+02
      vertex   -4.335589e+01 4.472444e+01 1.492500e+02
    endloop
  endfacet
  facet normal -3.826834e-01 -9.238795e-01 -0.000000e+00
    outer loop
      vertex   -4.335589e+01 4.472444e+01 1.537500e+02
      vertex   -4.335589e+01 4.472444e+01 1.492500e+02
      vertex   -4.317500e+01 4.464952e+01 1.537500e+02
    endloop
  endfacet
  facet normal -3.826834e-01 -9.238795e-01 -6.042510e-16
    outer loop
      vertex   -4.317500e+01 4.464952e+01 1.537500e+02
      vertex   -4.335589e+01 4.472444e+01 1.492500e+02
      vertex   -4.317500e+01 4.464952e+01 1.492500e+02
    endloop
  endfacet
  facet normal -6.087614e-01 -7.933533e-01 -9.612245e-16
    outer loop
      vertex   -4.317500e+01 4.464952e+01 1.537500e+02
      vertex   -4.317500e+01 4.464952e+01 1.492500e+02
      vertex   -4.301967e+01 4.453033e+01 1.537500e+02
    endloop
  endfacet
  facet normal -6.087614e-01 -7.933533e-01 -0.000000e+00
    outer loop
      vertex   -4.301967e+01 4.453033e+01 1.537500e+02
      vertex   -4.317500e+01 4.464952e+01 1.492500e+02
      vertex   -4.301967e+01 4.453033e+01 1.492500e+02
    endloop
  endfacet
  facet normal -7.933533e-01 -6.087614e-01 -0.000000e+00
    outer loop
      vertex   -4.301967e+01 4.453033e+01 1.537500e+02
      vertex   -4.301967e+01 4.453033e+01 1.492500e+02
      vertex   -4.290048e+01 4.437500e+01 1.537500e+02
    endloop
  endfacet
  facet normal -7.933533e-01 -6.087614e-01 9.612245e-16
    outer loop
      vertex   -4.290048e+01 4.437500e+01 1.537500e+02
      vertex   -4.301967e+01 4.453033e+01 1.492500e+02
      vertex   -4.290048e+01 4.437500e+01 1.492500e+02
    endloop
  endfacet
  facet normal -9.238795e-01 -3.826834e-01 6.042510e-16
    outer loop
      vertex   -4.290048e+01 4.437500e+01 1.537500e+02
      vertex   -4.290048e+01 4.437500e+01 1.492500e+02
      vertex   -4.282555e+01 4.419411e+01 1.537500e+02
    endloop
  endfacet
  facet normal -9.238795e-01 -3.826834e-01 -0.000000e+00
    outer loop
      vertex   -4.282555e+01 4.419411e+01 1.537500e+02
      vertex   -4.290048e+01 4.437500e+01 1.492500e+02
      vertex   -4.282555e+01 4.419411e+01 1.492500e+02
    endloop
  endfacet
  facet normal -9.914449e-01 -1.305262e-01 -0.000000e+00
    outer loop
      vertex   -4.282555e+01 4.419411e+01 1.537500e+02
      vertex   -4.282555e+01 4.419411e+01 1.492500e+02
      vertex   -4.280000e+01 4.400000e+01 1.537500e+02
    endloop
  endfacet
  facet normal -9.914449e-01 -1.305262e-01 1.565475e-15
    outer loop
      vertex   -4.280000e+01 4.400000e+01 1.537500e+02
      vertex   -4.282555e+01 4.419411e+01 1.492500e+02
      vertex   -4.280000e+01 4.400000e+01 1.492500e+02
    endloop
  endfacet
  facet normal -9.914449e-01 1.305262e-01 1.565475e-15
    outer loop
      vertex   -4.280000e+01 4.400000e+01 1.537500e+02
      vertex   -4.280000e+01 4.400000e+01 1.492500e+02
      vertex   -4.282555e+01 4.380589e+01 1.537500e+02
    endloop
  endfacet
  facet normal -9.914449e-01 1.305262e-01 0.000000e+00
    outer loop
      vertex   -4.282555e+01 4.380589e+01 1.537500e+02
      vertex   -4.280000e+01 4.400000e+01 1.492500e+02
      vertex   -4.282555e+01 4.380589e+01 1.492500e+02
    endloop
  endfacet
  facet normal -9.238795e-01 3.826834e-01 0.000000e+00
    outer loop
      vertex   -4.282555e+01 4.380589e+01 1.537500e+02
      vertex   -4.282555e+01 4.380589e+01 1.492500e+02
      vertex   -4.290048e+01 4.362500e+01 1.537500e+02
    endloop
  endfacet
  facet normal -9.238795e-01 3.826834e-01 -6.042510e-16
    outer loop
      vertex   -4.290048e+01 4.362500e+01 1.537500e+02
      vertex   -4.282555e+01 4.380589e+01 1.492500e+02
      vertex   -4.290048e+01 4.362500e+01 1.492500e+02
    endloop
  endfacet
  facet normal -7.933533e-01 6.087614e-01 -9.612245e-16
    outer loop
      vertex   -4.290048e+01 4.362500e+01 1.537500e+02
      vertex   -4.290048e+01 4.362500e+01 1.492500e+02
      vertex   -4.301967e+01 4.346967e+01 1.537500e+02
    endloop
  endfacet
  facet normal -7.933533e-01 6.087614e-01 0.000000e+00
    outer loop
      vertex   -4.301967e+01 4.346967e+01 1.537500e+02
      vertex   -4.290048e+01 4.362500e+01 1.492500e+02
      vertex   -4.301967e+01 4.346967e+01 1.492500e+02
    endloop
  endfacet
  facet normal -6.087614e-01 7.933533e-01 0.000000e+00
    outer loop
      vertex   -4.301967e+01 4.346967e+01 1.537500e+02
      vertex   -4.301967e+01 4.346967e+01 1.492500e+02
      vertex   -4.317500e+01 4.335048e+01 1.537500e+02
    endloop
  endfacet
  facet normal -6.087614e-01 7.933533e-01 9.612245e-16
    outer loop
      vertex   -4.317500e+01 4.335048e+01 1.537500e+02
      vertex   -4.301967e+01 4.346967e+01 1.492500e+02
      vertex   -4.317500e+01 4.335048e+01 1.492500e+02
    endloop
  endfacet
  facet normal -3.826834e-01 9.238795e-01 6.042510e-16
    outer loop
      vertex   -4.317500e+01 4.335048e+01 1.537500e+02
      vertex   -4.317500e+01 4.335048e+01 1.492500e+02
      vertex   -4.335589e+01 4.327556e+01 1.537500e+02
    endloop
  endfacet
  facet normal -3.826834e-01 9.238795e-01 0.000000e+00
    outer loop
      vertex   -4.335589e+01 4.327556e+01 1.537500e+02
      vertex   -4.317500e+01 4.335048e+01 1.492500e+02
      vertex   -4.335589e+01 4.327556e+01 1.492500e+02
    endloop
  endfacet
  facet normal -1.305262e-01 9.914449e-01 0.000000e+00
    outer loop
      vertex   -4.335589e+01 4.327556e+01 1.537500e+02
      vertex   -4.335589e+01 4.327556e+01 1.492500e+02
      vertex   -4.355000e+01 4.325000e+01 1.537500e+02
    endloop
  endfacet
  facet normal -1.305262e-01 9.914449e-01 0.000000e+00
    outer loop
      vertex   -4.355000e+01 4.325000e+01 1.537500e+02
      vertex   -4.335589e+01 4.327556e+01 1.492500e+02
      vertex   -4.355000e+01 4.325000e+01 1.492500e+02
    endloop
  endfacet
  facet normal 1.305262e-01 9.914449e-01 0.000000e+00
    outer loop
      vertex   -4.355000e+01 4.325000e+01 1.537500e+02
      vertex   -4.355000e+01 4.325000e+01 1.492500e+02
      vertex   -4.374411e+01 4.327556e+01 1.537500e+02
    endloop
  endfacet
  facet normal 1.305262e-01 9.914449e-01 0.000000e+00
    outer loop
      vertex   -4.374411e+01 4.327556e+01 1.537500e+02
      vertex   -4.355000e+01 4.325000e+01 1.492500e+02
      vertex   -4.374411e+01 4.327556e+01 1.492500e+02
    endloop
  endfacet
  facet normal 3.826834e-01 9.238795e-01 0.000000e+00
    outer loop
      vertex   -4.374411e+01 4.327556e+01 1.537500e+02
      vertex   -4.374411e+01 4.327556e+01 1.492500e+02
      vertex   -4.392500e+01 4.335048e+01 1.537500e+02
    endloop
  endfacet
  facet normal 3.826834e-01 9.238795e-01 -6.042510e-16
    outer loop
      vertex   -4.392500e+01 4.335048e+01 1.537500e+02
      vertex   -4.374411e+01 4.327556e+01 1.492500e+02
      vertex   -4.392500e+01 4.335048e+01 1.492500e+02
    endloop
  endfacet
  facet normal 6.087614e-01 7.933533e-01 -9.612245e-16
    outer loop
      vertex   -4.392500e+01 4.335048e+01 1.537500e+02
      vertex   -4.392500e+01 4.335048e+01 1.492500e+02
      vertex   -4.408033e+01 4.346967e+01 1.537500e+02
    endloop
  endfacet
  facet normal 6.087614e-01 7.933533e-01 0.000000e+00
    outer loop
      vertex   -4.408033e+01 4.346967e+01 1.537500e+02
      vertex   -4.392500e+01 4.335048e+01 1.492500e+02
      vertex   -4.408033e+01 4.346967e+01 1.492500e+02
    endloop
  endfacet
  facet normal 7.933533e-01 6.087614e-01 0.000000e+00
    outer loop
      vertex   -4.408033e+01 4.346967e+01 1.537500e+02
      vertex   -4.408033e+01 4.346967e+01 1.492500e+02
      vertex   -4.419952e+01 4.362500e+01 1.537500e+02
    endloop
  endfacet
  facet normal 7.933533e-01 6.087614e-01 9.612245e-16
    outer loop
      vertex   -4.419952e+01 4.362500e+01 1.537500e+02
      vertex   -4.408033e+01 4.346967e+01 1.492500e+02
      vertex   -4.419952e+01 4.362500e+01 1.492500e+02
    endloop
  endfacet
  facet normal 9.238795e-01 3.826834e-01 6.042510e-16
    outer loop
      vertex   -4.419952e+01 4.362500e+01 1.537500e+02
      vertex   -4.419952e+01 4.362500e+01 1.492500e+02
      vertex   -4.427444e+01 4.380589e+01 1.537500e+02
    endloop
  endfacet
  facet normal 9.238795e-01 3.826834e-01 0.000000e+00
    outer loop
      vertex   -4.427444e+01 4.380589e+01 1.537500e+02
      vertex   -4.419952e+01 4.362500e+01 1.492500e+02
      vertex   -4.427444e+01 4.380589e+01 1.492500e+02
    endloop
  endfacet
  facet normal -1.305262e-01 9.914449e-01 0.000000e+00
    outer loop
      vertex   -4.930589e+01 3.322556e+01 1.537500e+02
      vertex   -4.930589e+01 3.322556e+01 1.492500e+02
      vertex   -4.950000e+01 3.320000e+01 1.537500e+02
    endloop
  endfacet
  facet normal -1.305262e-01 9.914449e-01 0.000000e+00
    outer loop
      vertex   -4.950000e+01 3.320000e+01 1.537500e+02
      vertex   -4.930589e+01 3.322556e+01 1.492500e+02
      vertex   -4.950000e+01 3.320000e+01 1.492500e+02
    endloop
  endfacet
  facet normal 1.305262e-01 9.914449e-01 0.000000e+00
    outer loop
      vertex   -4.950000e+01 3.320000e+01 1.537500e+02
      vertex   -4.950000e+01 3.320000e+01 1.492500e+02
      vertex   -4.969411e+01 3.322556e+01 1.537500e+02
    endloop
  endfacet
  facet normal 1.305262e-01 9.914449e-01 0.000000e+00
    outer loop
      vertex   -4.969411e+01 3.322556e+01 1.537500e+02
      vertex   -4.950000e+01 3.320000e+01 1.492500e+02
      vertex   -4.969411e+01 3.322556e+01 1.492500e+02
    endloop
  endfacet
  facet normal 3.826834e-01 9.238795e-01 0.000000e+00
    outer loop
      vertex   -4.969411e+01 3.322556e+01 1.537500e+02
      vertex   -4.969411e+01 3.322556e+01 1.492500e+02
      vertex   -4.987500e+01 3.330048e+01 1.537500e+02
    endloop
  endfacet
  facet normal 3.826834e-01 9.238795e-01 -1.208502e-15
    outer loop
      vertex   -4.987500e+01 3.330048e+01 1.537500e+02
      vertex   -4.969411e+01 3.322556e+01 1.492500e+02
      vertex   -4.987500e+01 3.330048e+01 1.492500e+02
    endloop
  endfacet
  facet normal 6.087614e-01 7.933533e-01 -1.922449e-15
    outer loop
      vertex   -4.987500e+01 3.330048e+01 1.537500e+02
      vertex   -4.987500e+01 3.330048e+01 1.492500e+02
      vertex   -5.003033e+01 3.341967e+01 1.537500e+02
    endloop
  endfacet
  facet normal 6.087614e-01 7.933533e-01 1.252692e-15
    outer loop
      vertex   -5.003033e+01 3.341967e+01 1.537500e+02
      vertex   -4.987500e+01 3.330048e+01 1.492500e+02
      vertex   -5.003033e+01 3.341967e+01 1.492500e+02
    endloop
  endfacet
  facet normal 7.933533e-01 6.087614e-01 9.612245e-16
    outer loop
      vertex   -5.003033e+01 3.341967e+01 1.537500e+02
      vertex   -5.003033e+01 3.341967e+01 1.492500e+02
      vertex   -5.014952e+01 3.357500e+01 1.537500e+02
    endloop
  endfacet
  facet normal 7.933533e-01 6.087614e-01 0.000000e+00
    outer loop
      vertex   -5.014952e+01 3.357500e+01 1.537500e+02
      vertex   -5.003033e+01 3.341967e+01 1.492500e+02
      vertex   -5.014952e+01 3.357500e+01 1.492500e+02
    endloop
  endfacet
  facet normal 9.238795e-01 3.826834e-01 0.000000e+00
    outer loop
      vertex   -5.014952e+01 3.357500e+01 1.537500e+02
      vertex   -5.014952e+01 3.357500e+01 1.492500e+02
      vertex   -5.022444e+01 3.375589e+01 1.537500e+02
    endloop
  endfacet
  facet normal 9.238795e-01 3.826834e-01 0.000000e+00
    outer loop
      vertex   -5.022444e+01 3.375589e+01 1.537500e+02
      vertex   -5.014952e+01 3.357500e+01 1.492500e+02
      vertex   -5.022444e+01 3.375589e+01 1.492500e+02
    endloop
  endfacet
  facet normal 9.914449e-01 1.305262e-01 0.000000e+00
    outer loop
      vertex   -5.022444e+01 3.375589e+01 1.537500e+02
      vertex   -5.022444e+01 3.375589e+01 1.492500e+02
      vertex   -5.025000e+01 3.395000e+01 1.537500e+02
    endloop
  endfacet
  facet normal 9.914449e-01 1.305262e-01 0.000000e+00
    outer loop
      vertex   -5.025000e+01 3.395000e+01 1.537500e+02
      vertex   -5.022444e+01 3.375589e+01 1.492500e+02
      vertex   -5.025000e+01 3.395000e+01 1.492500e+02
    endloop
  endfacet
  facet normal 9.914449e-01 -1.305262e-01 0.000000e+00
    outer loop
      vertex   -5.025000e+01 3.395000e+01 1.537500e+02
      vertex   -5.025000e+01 3.395000e+01 1.492500e+02
      vertex   -5.022444e+01 3.414411e+01 1.537500e+02
    endloop
  endfacet
  facet normal 9.914449e-01 -1.305262e-01 0.000000e+00
    outer loop
      vertex   -5.022444e+01 3.414411e+01 1.537500e+02
      vertex   -5.025000e+01 3.395000e+01 1.492500e+02
      vertex   -5.022444e+01 3.414411e+01 1.492500e+02
    endloop
  endfacet
  facet normal 9.238795e-01 -3.826834e-01 0.000000e+00
    outer loop
      vertex   -5.022444e+01 3.414411e+01 1.537500e+02
      vertex   -5.022444e+01 3.414411e+01 1.492500e+02
      vertex   -5.014952e+01 3.432500e+01 1.537500e+02
    endloop
  endfacet
  facet normal 9.238795e-01 -3.826834e-01 0.000000e+00
    outer loop
      vertex   -5.014952e+01 3.432500e+01 1.537500e+02
      vertex   -5.022444e+01 3.414411e+01 1.492500e+02
      vertex   -5.014952e+01 3.432500e+01 1.492500e+02
    endloop
  endfacet
  facet normal 7.933533e-01 -6.087614e-01 0.000000e+00
    outer loop
      vertex   -5.014952e+01 3.432500e+01 1.537500e+02
      vertex   -5.014952e+01 3.432500e+01 1.492500e+02
      vertex   -5.003033e+01 3.448033e+01 1.537500e+02
    endloop
  endfacet
  facet normal 7.933533e-01 -6.087614e-01 0.000000e+00
    outer loop
      vertex   -5.003033e+01 3.448033e+01 1.537500e+02
      vertex   -5.014952e+01 3.432500e+01 1.492500e+02
      vertex   -5.003033e+01 3.448033e+01 1.492500e+02
    endloop
  endfacet
  facet normal 6.087614e-01 -7.933533e-01 0.000000e+00
    outer loop
      vertex   -5.003033e+01 3.448033e+01 1.537500e+02
      vertex   -5.003033e+01 3.448033e+01 1.492500e+02
      vertex   -4.987500e+01 3.459952e+01 1.537500e+02
    endloop
  endfacet
  facet normal 6.087614e-01 -7.933533e-01 1.922449e-15
    outer loop
      vertex   -4.987500e+01 3.459952e+01 1.537500e+02
      vertex   -5.003033e+01 3.448033e+01 1.492500e+02
      vertex   -4.987500e+01 3.459952e+01 1.492500e+02
    endloop
  endfacet
  facet normal 3.826834e-01 -9.238795e-01 1.208502e-15
    outer loop
      vertex   -4.987500e+01 3.459952e+01 1.537500e+02
      vertex   -4.987500e+01 3.459952e+01 1.492500e+02
      vertex   -4.969411e+01 3.467444e+01 1.537500e+02
    endloop
  endfacet
  facet normal 3.826834e-01 -9.238795e-01 0.000000e+00
    outer loop
      vertex   -4.969411e+01 3.467444e+01 1.537500e+02
      vertex   -4.987500e+01 3.459952e+01 1.492500e+02
      vertex   -4.969411e+01 3.467444e+01 1.492500e+02
    endloop
  endfacet
  facet normal 1.305262e-01 -9.914449e-01 0.000000e+00
    outer loop
      vertex   -4.969411e+01 3.467444e+01 1.537500e+02
      vertex   -4.969411e+01 3.467444e+01 1.492500e+02
      vertex   -4.950000e+01 3.470000e+01 1.537500e+02
    endloop
  endfacet
  facet normal 1.305262e-01 -9.914449e-01 0.000000e+00
    outer loop
      vertex   -4.950000e+01 3.470000e+01 1.537500e+02
      vertex   -4.969411e+01 3.467444e+01 1.492500e+02
      vertex   -4.950000e+01 3.470000e+01 1.492500e+02
    endloop
  endfacet
  facet normal -1.305262e-01 -9.914449e-01 -0.000000e+00
    outer loop
      vertex   -4.950000e+01 3.470000e+01 1.537500e+02
      vertex   -4.950000e+01 3.470000e+01 1.492500e+02
      vertex   -4.930589e+01 3.467444e+01 1.537500e+02
    endloop
  endfacet
  facet normal -1.305262e-01 -9.914449e-01 -0.000000e+00
    outer loop
      vertex   -4.930589e+01 3.467444e+01 1.537500e+02
      vertex   -4.950000e+01 3.470000e+01 1.492500e+02
      vertex   -4.930589e+01 3.467444e+01 1.492500e+02
    endloop
  endfacet
  facet normal -3.826834e-01 -9.238795e-01 -0.000000e+00
    outer loop
      vertex   -4.930589e+01 3.467444e+01 1.537500e+02
      vertex   -4.930589e+01 3.467444e+01 1.492500e+02
      vertex   -4.912500e+01 3.459952e+01 1.537500e+02
    endloop
  endfacet
  facet normal -3.826834e-01 -9.238795e-01 -1.208502e-15
    outer loop
      vertex   -4.912500e+01 3.459952e+01 1.537500e+02
      vertex   -4.930589e+01 3.467444e+01 1.492500e+02
      vertex   -4.912500e+01 3.459952e+01 1.492500e+02
    endloop
  endfacet
  facet normal -6.087614e-01 -7.933533e-01 -1.922449e-15
    outer loop
      vertex   -4.912500e+01 3.459952e+01 1.537500e+02
      vertex   -4.912500e+01 3.459952e+01 1.492500e+02
      vertex   -4.896967e+01 3.448033e+01 1.537500e+02
    endloop
  endfacet
  facet normal -6.087614e-01 -7.933533e-01 -0.000000e+00
    outer loop
      vertex   -4.896967e+01 3.448033e+01 1.537500e+02
      vertex   -4.912500e+01 3.459952e+01 1.492500e+02
      vertex   -4.896967e+01 3.448033e+01 1.492500e+02
    endloop
  endfacet
  facet normal -7.933533e-01 -6.087614e-01 -0.000000e+00
    outer loop
      vertex   -4.896967e+01 3.448033e+01 1.537500e+02
      vertex   -4.896967e+01 3.448033e+01 1.492500e+02
      vertex   -4.885048e+01 3.432500e+01 1.537500e+02
    endloop
  endfacet
  facet normal -7.933533e-01 -6.087614e-01 -0.000000e+00
    outer loop
      vertex   -4.885048e+01 3.432500e+01 1.537500e+02
      vertex   -4.896967e+01 3.448033e+01 1.492500e+02
      vertex   -4.885048e+01 3.432500e+01 1.492500e+02
    endloop
  endfacet
  facet normal -9.238795e-01 -3.826834e-01 -0.000000e+00
    outer loop
      vertex   -4.885048e+01 3.432500e+01 1.537500e+02
      vertex   -4.885048e+01 3.432500e+01 1.492500e+02
      vertex   -4.877556e+01 3.414411e+01 1.537500e+02
    endloop
  endfacet
  facet normal -9.238795e-01 -3.826834e-01 -0.000000e+00
    outer loop
      vertex   -4.877556e+01 3.414411e+01 1.537500e+02
      vertex   -4.885048e+01 3.432500e+01 1.492500e+02
      vertex   -4.877556e+01 3.414411e+01 1.492500e+02
    endloop
  endfacet
  facet normal -9.914449e-01 -1.305262e-01 -0.000000e+00
    outer loop
      vertex   -4.877556e+01 3.414411e+01 1.537500e+02
      vertex   -4.877556e+01 3.414411e+01 1.492500e+02
      vertex   -4.875000e+01 3.395000e+01 1.537500e+02
    endloop
  endfacet
  facet normal -9.914449e-01 -1.305262e-01 1.565475e-15
    outer loop
      vertex   -4.875000e+01 3.395000e+01 1.537500e+02
      vertex   -4.877556e+01 3.414411e+01 1.492500e+02
      vertex   -4.875000e+01 3.395000e+01 1.492500e+02
    endloop
  endfacet
  facet normal -9.914449e-01 1.305262e-01 1.565475e-15
    outer loop
      vertex   -4.875000e+01 3.395000e+01 1.537500e+02
      vertex   -4.875000e+01 3.395000e+01 1.492500e+02
      vertex   -4.877556e+01 3.375589e+01 1.537500e+02
    endloop
  endfacet
  facet normal -9.914449e-01 1.305262e-01 0.000000e+00
    outer loop
      vertex   -4.877556e+01 3.375589e+01 1.537500e+02
      vertex   -4.875000e+01 3.395000e+01 1.492500e+02
      vertex   -4.877556e+01 3.375589e+01 1.492500e+02
    endloop
  endfacet
  facet normal -9.238795e-01 3.826834e-01 0.000000e+00
    outer loop
      vertex   -4.877556e+01 3.375589e+01 1.537500e+02
      vertex   -4.877556e+01 3.375589e+01 1.492500e+02
      vertex   -4.885048e+01 3.357500e+01 1.537500e+02
    endloop
  endfacet
  facet normal -9.238795e-01 3.826834e-01 0.000000e+00
    outer loop
      vertex   -4.885048e+01 3.357500e+01 1.537500e+02
      vertex   -4.877556e+01 3.375589e+01 1.492500e+02
      vertex   -4.885048e+01 3.357500e+01 1.492500e+02
    endloop
  endfacet
  facet normal -7.933533e-01 6.087614e-01 0.000000e+00
    outer loop
      vertex   -4.885048e+01 3.357500e+01 1.537500e+02
      vertex   -4.885048e+01 3.357500e+01 1.492500e+02
      vertex   -4.896967e+01 3.341967e+01 1.537500e+02
    endloop
  endfacet
  facet normal -7.933533e-01 6.087614e-01 0.000000e+00
    outer loop
      vertex   -4.896967e+01 3.341967e+01 1.537500e+02
      vertex   -4.885048e+01 3.357500e+01 1.492500e+02
      vertex   -4.896967e+01 3.341967e+01 1.492500e+02
    endloop
  endfacet
  facet normal -6.087614e-01 7.933533e-01 0.000000e+00
    outer loop
      vertex   -4.896967e+01 3.341967e+01 1.537500e+02
      vertex   -4.896967e+01 3.341967e+01 1.492500e+02
      vertex   -4.912500e+01 3.330048e+01 1.537500e+02
    endloop
  endfacet
  facet normal -6.087614e-01 7.933533e-01 1.922449e-15
    outer loop
      vertex   -4.912500e+01 3.330048e+01 1.537500e+02
      vertex   -4.896967e+01 3.341967e+01 1.492500e+02
      vertex   -4.912500e+01 3.330048e+01 1.492500e+02
    endloop
  endfacet
  facet normal -3.826834e-01 9.238795e-01 1.208502e-15
    outer loop
      vertex   -4.912500e+01 3.330048e+01 1.537500e+02
      vertex   -4.912500e+01 3.330048e+01 1.492500e+02
      vertex   -4.930589e+01 3.322556e+01 1.537500e+02
    endloop
  endfacet
  facet normal -3.826834e-01 9.238795e-01 0.000000e+00
    outer loop
      vertex   -4.930589e+01 3.322556e+01 1.537500e+02
      vertex   -4.912500e+01 3.330048e+01 1.492500e+02
      vertex   -4.930589e+01 3.322556e+01 1.492500e+02
    endloop
  endfacet
  facet normal 1.305262e-01 -9.914449e-01 0.000000e+00
    outer loop
      vertex   -4.969411e+01 5.477445e+01 1.537500e+02
      vertex   -4.969411e+01 5.477445e+01 1.492500e+02
      vertex   -4.950000e+01 5.480000e+01 1.537500e+02
    endloop
  endfacet
  facet normal 1.305262e-01 -9.914449e-01 0.000000e+00
    outer loop
      vertex   -4.950000e+01 5.480000e+01 1.537500e+02
      vertex   -4.969411e+01 5.477445e+01 1.492500e+02
      vertex   -4.950000e+01 5.480000e+01 1.492500e+02
    endloop
  endfacet
  facet normal -1.305262e-01 -9.914449e-01 -0.000000e+00
    outer loop
      vertex   -4.950000e+01 5.480000e+01 1.537500e+02
      vertex   -4.950000e+01 5.480000e+01 1.492500e+02
      vertex   -4.930589e+01 5.477445e+01 1.537500e+02
    endloop
  endfacet
  facet normal -1.305262e-01 -9.914449e-01 -0.000000e+00
    outer loop
      vertex   -4.930589e+01 5.477445e+01 1.537500e+02
      vertex   -4.950000e+01 5.480000e+01 1.492500e+02
      vertex   -4.930589e+01 5.477445e+01 1.492500e+02
    endloop
  endfacet
  facet normal -3.826834e-01 -9.238795e-01 -0.000000e+00
    outer loop
      vertex   -4.930589e+01 5.477445e+01 1.537500e+02
      vertex   -4.930589e+01 5.477445e+01 1.492500e+02
      vertex   -4.912500e+01 5.469952e+01 1.537500e+02
    endloop
  endfacet
  facet normal -3.826834e-01 -9.238795e-01 -1.208502e-15
    outer loop
      vertex   -4.912500e+01 5.469952e+01 1.537500e+02
      vertex   -4.930589e+01 5.477445e+01 1.492500e+02
      vertex   -4.912500e+01 5.469952e+01 1.492500e+02
    endloop
  endfacet
  facet normal -6.087614e-01 -7.933533e-01 -1.922449e-15
    outer loop
      vertex   -4.912500e+01 5.469952e+01 1.537500e+02
      vertex   -4.912500e+01 5.469952e+01 1.492500e+02
      vertex   -4.896967e+01 5.458033e+01 1.537500e+02
    endloop
  endfacet
  facet normal -6.087614e-01 -7.933533e-01 -0.000000e+00
    outer loop
      vertex   -4.896967e+01 5.458033e+01 1.537500e+02
      vertex   -4.912500e+01 5.469952e+01 1.492500e+02
      vertex   -4.896967e+01 5.458033e+01 1.492500e+02
    endloop
  endfacet
  facet normal -7.933533e-01 -6.087614e-01 -0.000000e+00
    outer loop
      vertex   -4.896967e+01 5.458033e+01 1.537500e+02
      vertex   -4.896967e+01 5.458033e+01 1.492500e+02
      vertex   -4.885048e+01 5.442500e+01 1.537500e+02
    endloop
  endfacet
  facet normal -7.933533e-01 -6.087614e-01 9.612245e-16
    outer loop
      vertex   -4.885048e+01 5.442500e+01 1.537500e+02
      vertex   -4.896967e+01 5.458033e+01 1.492500e+02
      vertex   -4.885048e+01 5.442500e+01 1.492500e+02
    endloop
  endfacet
  facet normal -9.238795e-01 -3.826834e-01 6.042510e-16
    outer loop
      vertex   -4.885048e+01 5.442500e+01 1.537500e+02
      vertex   -4.885048e+01 5.442500e+01 1.492500e+02
      vertex   -4.877556e+01 5.424412e+01 1.537500e+02
    endloop
  endfacet
  facet normal -9.238795e-01 -3.826834e-01 -0.000000e+00
    outer loop
      vertex   -4.877556e+01 5.424412e+01 1.537500e+02
      vertex   -4.885048e+01 5.442500e+01 1.492500e+02
      vertex   -4.877556e+01 5.424412e+01 1.492500e+02
    endloop
  endfacet
  facet normal -9.914449e-01 -1.305262e-01 -0.000000e+00
    outer loop
      vertex   -4.877556e+01 5.424412e+01 1.537500e+02
      vertex   -4.877556e+01 5.424412e+01 1.492500e+02
      vertex   -4.875000e+01 5.405000e+01 1.537500e+02
    endloop
  endfacet
  facet normal -9.914449e-01 -1.305262e-01 -1.565475e-15
    outer loop
      vertex   -4.875000e+01 5.405000e+01 1.537500e+02
      vertex   -4.877556e+01 5.424412e+01 1.492500e+02
      vertex   -4.875000e+01 5.405000e+01 1.492500e+02
    endloop
  endfacet
  facet normal -9.914449e-01 1.305262e-01 -1.565475e-15
    outer loop
      vertex   -4.875000e+01 5.405000e+01 1.537500e+02
      vertex   -4.875000e+01 5.405000e+01 1.492500e+02
      vertex   -4.877556e+01 5.385589e+01 1.537500e+02
    endloop
  endfacet
  facet normal -9.914449e-01 1.305262e-01 0.000000e+00
    outer loop
      vertex   -4.877556e+01 5.385589e+01 1.537500e+02
      vertex   -4.875000e+01 5.405000e+01 1.492500e+02
      vertex   -4.877556e+01 5.385589e+01 1.492500e+02
    endloop
  endfacet
  facet normal -9.238795e-01 3.826834e-01 0.000000e+00
    outer loop
      vertex   -4.877556e+01 5.385589e+01 1.537500e+02
      vertex   -4.877556e+01 5.385589e+01 1.492500e+02
      vertex   -4.885048e+01 5.367500e+01 1.537500e+02
    endloop
  endfacet
  facet normal -9.238795e-01 3.826834e-01 -6.042510e-16
    outer loop
      vertex   -4.885048e+01 5.367500e+01 1.537500e+02
      vertex   -4.877556e+01 5.385589e+01 1.492500e+02
      vertex   -4.885048e+01 5.367500e+01 1.492500e+02
    endloop
  endfacet
  facet normal -7.933533e-01 6.087614e-01 -9.612245e-16
    outer loop
      vertex   -4.885048e+01 5.367500e+01 1.537500e+02
      vertex   -4.885048e+01 5.367500e+01 1.492500e+02
      vertex   -4.896967e+01 5.351967e+01 1.537500e+02
    endloop
  endfacet
  facet normal -7.933533e-01 6.087614e-01 0.000000e+00
    outer loop
      vertex   -4.896967e+01 5.351967e+01 1.537500e+02
      vertex   -4.885048e+01 5.367500e+01 1.492500e+02
      vertex   -4.896967e+01 5.351967e+01 1.492500e+02
    endloop
  endfacet
  facet normal -6.087614e-01 7.933533e-01 0.000000e+00
    outer loop
      vertex   -4.896967e+01 5.351967e+01 1.537500e+02
      vertex   -4.896967e+01 5.351967e+01 1.492500e+02
      vertex   -4.912500e+01 5.340048e+01 1.537500e+02
    endloop
  endfacet
  facet normal -6.087614e-01 7.933533e-01 1.922449e-15
    outer loop
      vertex   -4.912500e+01 5.340048e+01 1.537500e+02
      vertex   -4.896967e+01 5.351967e+01 1.492500e+02
      vertex   -4.912500e+01 5.340048e+01 1.492500e+02
    endloop
  endfacet
  facet normal -3.826834e-01 9.238795e-01 1.208502e-15
    outer loop
      vertex   -4.912500e+01 5.340048e+01 1.537500e+02
      vertex   -4.912500e+01 5.340048e+01 1.492500e+02
      vertex   -4.930589e+01 5.332556e+01 1.537500e+02
    endloop
  endfacet
  facet normal -3.826834e-01 9.238795e-01 0.000000e+00
    outer loop
      vertex   -4.930589e+01 5.332556e+01 1.537500e+02
      vertex   -4.912500e+01 5.340048e+01 1.492500e+02
      vertex   -4.930589e+01 5.332556e+01 1.492500e+02
    endloop
  endfacet
  facet normal -1.305262e-01 9.914449e-01 0.000000e+00
    outer loop
      vertex   -4.930589e+01 5.332556e+01 1.537500e+02
      vertex   -4.930589e+01 5.332556e+01 1.492500e+02
      vertex   -4.950000e+01 5.330000e+01 1.537500e+02
    endloop
  endfacet
  facet normal -1.305262e-01 9.914449e-01 0.000000e+00
    outer loop
      vertex   -4.950000e+01 5.330000e+01 1.537500e+02
      vertex   -4.930589e+01 5.332556e+01 1.492500e+02
      vertex   -4.950000e+01 5.330000e+01 1.492500e+02
    endloop
  endfacet
  facet normal 1.305262e-01 9.914449e-01 0.000000e+00
    outer loop
      vertex   -4.950000e+01 5.330000e+01 1.537500e+02
      vertex   -4.950000e+01 5.330000e+01 1.492500e+02
      vertex   -4.969411e+01 5.332556e+01 1.537500e+02
    endloop
  endfacet
  facet normal 1.305262e-01 9.914449e-01 0.000000e+00
    outer loop
      vertex   -4.969411e+01 5.332556e+01 1.537500e+02
      vertex   -4.950000e+01 5.330000e+01 1.492500e+02
      vertex   -4.969411e+01 5.332556e+01 1.492500e+02
    endloop
  endfacet
  facet normal 3.826834e-01 9.238795e-01 0.000000e+00
    outer loop
      vertex   -4.969411e+01 5.332556e+01 1.537500e+02
      vertex   -4.969411e+01 5.332556e+01 1.492500e+02
      vertex   -4.987500e+01 5.340048e+01 1.537500e+02
    endloop
  endfacet
  facet normal 3.826834e-01 9.238795e-01 -1.208502e-15
    outer loop
      vertex   -4.987500e+01 5.340048e+01 1.537500e+02
      vertex   -4.969411e+01 5.332556e+01 1.492500e+02
      vertex   -4.987500e+01 5.340048e+01 1.492500e+02
    endloop
  endfacet
  facet normal 6.087614e-01 7.933533e-01 -1.922449e-15
    outer loop
      vertex   -4.987500e+01 5.340048e+01 1.537500e+02
      vertex   -4.987500e+01 5.340048e+01 1.492500e+02
      vertex   -5.003033e+01 5.351967e+01 1.537500e+02
    endloop
  endfacet
  facet normal 6.087614e-01 7.933533e-01 0.000000e+00
    outer loop
      vertex   -5.003033e+01 5.351967e+01 1.537500e+02
      vertex   -4.987500e+01 5.340048e+01 1.492500e+02
      vertex   -5.003033e+01 5.351967e+01 1.492500e+02
    endloop
  endfacet
  facet normal 7.933533e-01 6.087614e-01 0.000000e+00
    outer loop
      vertex   -5.003033e+01 5.351967e+01 1.537500e+02
      vertex   -5.003033e+01 5.351967e+01 1.492500e+02
      vertex   -5.014952e+01 5.367500e+01 1.537500e+02
    endloop
  endfacet
  facet normal 7.933533e-01 6.087614e-01 9.612245e-16
    outer loop
      vertex   -5.014952e+01 5.367500e+01 1.537500e+02
      vertex   -5.003033e+01 5.351967e+01 1.492500e+02
      vertex   -5.014952e+01 5.367500e+01 1.492500e+02
    endloop
  endfacet
  facet normal 9.238795e-01 3.826834e-01 6.042510e-16
    outer loop
      vertex   -5.014952e+01 5.367500e+01 1.537500e+02
      vertex   -5.014952e+01 5.367500e+01 1.492500e+02
      vertex   -5.022444e+01 5.385589e+01 1.537500e+02
    endloop
  endfacet
  facet normal 9.238795e-01 3.826834e-01 0.000000e+00
    outer loop
      vertex   -5.022444e+01 5.385589e+01 1.537500e+02
      vertex   -5.014952e+01 5.367500e+01 1.492500e+02
      vertex   -5.022444e+01 5.385589e+01 1.492500e+02
    endloop
  endfacet
  facet normal 9.914449e-01 1.305262e-01 0.000000e+00
    outer loop
      vertex   -5.022444e+01 5.385589e+01 1.537500e+02
      vertex   -5.022444e+01 5.385589e+01 1.492500e+02
      vertex   -5.025000e+01 5.405000e+01 1.537500e+02
    endloop
  endfacet
  facet normal 9.914449e-01 1.305262e-01 0.000000e+00
    outer loop
      vertex   -5.025000e+01 5.405000e+01 1.537500e+02
      vertex   -5.022444e+01 5.385589e+01 1.492500e+02
      vertex   -5.025000e+01 5.405000e+01 1.492500e+02
    endloop
  endfacet
  facet normal 9.914449e-01 -1.305262e-01 0.000000e+00
    outer loop
      vertex   -5.025000e+01 5.405000e+01 1.537500e+02
      vertex   -5.025000e+01 5.405000e+01 1.492500e+02
      vertex   -5.022444e+01 5.424412e+01 1.537500e+02
    endloop
  endfacet
  facet normal 9.914449e-01 -1.305262e-01 0.000000e+00
    outer loop
      vertex   -5.022444e+01 5.424412e+01 1.537500e+02
      vertex   -5.025000e+01 5.405000e+01 1.492500e+02
      vertex   -5.022444e+01 5.424412e+01 1.492500e+02
    endloop
  endfacet
  facet normal 9.238795e-01 -3.826834e-01 0.000000e+00
    outer loop
      vertex   -5.022444e+01 5.424412e+01 1.537500e+02
      vertex   -5.022444e+01 5.424412e+01 1.492500e+02
      vertex   -5.014952e+01 5.442500e+01 1.537500e+02
    endloop
  endfacet
  facet normal 9.238795e-01 -3.826834e-01 -6.042510e-16
    outer loop
      vertex   -5.014952e+01 5.442500e+01 1.537500e+02
      vertex   -5.022444e+01 5.424412e+01 1.492500e+02
      vertex   -5.014952e+01 5.442500e+01 1.492500e+02
    endloop
  endfacet
  facet normal 7.933533e-01 -6.087614e-01 -9.612245e-16
    outer loop
      vertex   -5.014952e+01 5.442500e+01 1.537500e+02
      vertex   -5.014952e+01 5.442500e+01 1.492500e+02
      vertex   -5.003033e+01 5.458033e+01 1.537500e+02
    endloop
  endfacet
  facet normal 7.933533e-01 -6.087614e-01 0.000000e+00
    outer loop
      vertex   -5.003033e+01 5.458033e+01 1.537500e+02
      vertex   -5.014952e+01 5.442500e+01 1.492500e+02
      vertex   -5.003033e+01 5.458033e+01 1.492500e+02
    endloop
  endfacet
  facet normal 6.087614e-01 -7.933533e-01 0.000000e+00
    outer loop
      vertex   -5.003033e+01 5.458033e+01 1.537500e+02
      vertex   -5.003033e+01 5.458033e+01 1.492500e+02
      vertex   -4.987500e+01 5.469952e+01 1.537500e+02
    endloop
  endfacet
  facet normal 6.087614e-01 -7.933533e-01 1.922449e-15
    outer loop
      vertex   -4.987500e+01 5.469952e+01 1.537500e+02
      vertex   -5.003033e+01 5.458033e+01 1.492500e+02
      vertex   -4.987500e+01 5.469952e+01 1.492500e+02
    endloop
  endfacet
  facet normal 3.826834e-01 -9.238795e-01 1.208502e-15
    outer loop
      vertex   -4.987500e+01 5.469952e+01 1.537500e+02
      vertex   -4.987500e+01 5.469952e+01 1.492500e+02
      vertex   -4.969411e+01 5.477445e+01 1.537500e+02
    endloop
  endfacet
  facet normal 3.826834e-01 -9.238795e-01 0.000000e+00
    outer loop
      vertex   -4.969411e+01 5.477445e+01 1.537500e+02
      vertex   -4.987500e+01 5.469952e+01 1.492500e+02
      vertex   -4.969411e+01 5.477445e+01 1.492500e+02
    endloop
  endfacet
  facet normal 0.000000e+00 0.000000e+00 1.000000e+00
    outer loop
      vertex   -6.030000e+01 4.400000e+01 1.537500e+02
      vertex   -6.024620e+01 4.345375e+01 1.537500e+02
      vertex   -6.027445e+01 4.380589e+01 1.537500e+02
    endloop
  endfacet
  facet normal 0.000000e+00 0.000000e+00 1.000000e+00
    outer loop
      vertex   -6.027445e+01 4.380589e+01 1.537500e+02
      vertex   -6.024620e+01 4.345375e+01 1.537500e+02
      vertex   -6.019952e+01 4.362500e+01 1.537500e+02
    endloop
  endfacet
  facet normal 0.000000e+00 0.000000e+00 1.000000e+00
    outer loop
      vertex   -6.019952e+01 4.362500e+01 1.537500e+02
      vertex   -6.024620e+01 4.345375e+01 1.537500e+02
      vertex   -6.008033e+01 4.346967e+01 1.537500e+02
    endloop
  endfacet
  facet normal 0.000000e+00 0.000000e+00 1.000000e+00
    outer loop
      vertex   -6.008033e+01 4.346967e+01 1.537500e+02
      vertex   -6.024620e+01 4.345375e+01 1.537500e+02
      vertex   -6.008686e+01 4.292849e+01 1.537500e+02
    endloop
  endfacet
  facet normal 0.000000e+00 0.000000e+00 1.000000e+00
    outer loop
      vertex   -6.008033e+01 4.346967e+01 1.537500e+02
      vertex   -6.008686e+01 4.292849e+01 1.537500e+02
      vertex   -5.992500e+01 4.335048e+01 1.537500e+02
    endloop
  endfacet
  facet normal 0.000000e+00 0.000000e+00 1.000000e+00
    outer loop
      vertex   -5.992500e+01 4.335048e+01 1.537500e+02
      vertex   -6.008686e+01 4.292849e+01 1.537500e+02
      vertex   -5.974411e+01 4.327556e+01 1.537500e+02
    endloop
  endfacet
  facet normal 0.000000e+00 0.000000e+00 1.000000e+00
    outer loop
      vertex   -5.974411e+01 4.327556e+01 1.537500e+02
      vertex   -6.008686e+01 4.292849e+01 1.537500e+02
      vertex   -5.955000e+01 4.325000e+01 1.537500e+02
    endloop
  endfacet
  facet normal 0.000000e+00 0.000000e+00 1.000000e+00
    outer loop
      vertex   -5.955000e+01 4.325000e+01 1.537500e+02
      vertex   -6.008686e+01 4.292849e+01 1.537500e+02
      vertex   -5.982812e+01 4.244440e+01 1.537500e+02
    endloop
  endfacet
  facet normal -0.000000e+00 0.000000e+00 1.000000e+00
    outer loop
      vertex   -5.955000e+01 4.325000e+01 1.537500e+02
      vertex   -5.982812e+01 4.244440e+01 1.537500e+02
      vertex   -5.935589e+01 4.327556e+01 1.537500e+02
    endloop
  endfacet
  facet normal 0.000000e+00 0.000000e+00 1.000000e+00
    outer loop
      vertex   -5.935589e+01 4.327556e+01 1.537500e+02
      vertex   -5.982812e+01 4.244440e+01 1.537500e+02
      vertex   -5.947990e+01 4.202010e+01 1.537500e+02
    endloop
  endfacet
  facet normal -0.000000e+00 0.000000e+00 1.000000e+00
    outer loop
      vertex   -5.935589e+01 4.327556e+01 1.537500e+02
      vertex   -5.947990e+01 4.202010e+01 1.537500e+02
      vertex   -5.917500e+01 4.335048e+01 1.537500e+02
    endloop
  endfacet
  facet normal 0.000000e+00 0.000000e+00 1.000000e+00
    outer loop
      vertex   -5.917500e+01 4.335048e+01 1.537500e+02
      vertex   -5.947990e+01 4.202010e+01 1.537500e+02
      vertex   -5.905560e+01 4.167189e+01 1.537500e+02
    endloop
  endfacet
  facet normal -0.000000e+00 0.000000e+00 1.000000e+00
    outer loop
      vertex   -5.917500e+01 4.335048e+01 1.537500e+02
      vertex   -5.905560e+01 4.167189e+01 1.537500e+02
      vertex   -5.901967e+01 4.346967e+01 1.537500e+02
    endloop
  endfacet
  facet normal 0.000000e+00 0.000000e+00 1.000000e+00
    outer loop
      vertex   -5.901967e+01 4.346967e+01 1.537500e+02
      vertex   -5.905560e+01 4.167189e+01 1.537500e+02
      vertex   -5.857151e+01 4.141314e+01 1.537500e+02
    endloop
  endfacet
  facet normal 0.000000e+00 0.000000e+00 1.000000e+00
    outer loop
      vertex   -5.901967e+01 4.346967e+01 1.537500e+02
      vertex   -5.857151e+01 4.141314e+01 1.537500e+02
      vertex   -5.804625e+01 4.125380e+01 1.537500e+02
    endloop
  endfacet
  facet normal -0.000000e+00 0.000000e+00 1.000000e+00
    outer loop
      vertex   -5.901967e+01 4.346967e+01 1.537500e+02
      vertex   -5.804625e+01 4.125380e+01 1.537500e+02
      vertex   -5.890048e+01 4.362500e+01 1.537500e+02
    endloop
  endfacet
  facet normal 0.000000e+00 0.000000e+00 1.000000e+00
    outer loop
      vertex   -5.890048e+01 4.362500e+01 1.537500e+02
      vertex   -5.804625e+01 4.125380e+01 1.537500e+02
      vertex   -5.750000e+01 4.120000e+01 1.537500e+02
    endloop
  endfacet
  facet normal 0.000000e+00 0.000000e+00 1.000000e+00
    outer loop
      vertex   -5.890048e+01 4.362500e+01 1.537500e+02
      vertex   -5.750000e+01 4.120000e+01 1.537500e+02
      vertex   -5.609952e+01 4.362500e+01 1.537500e+02
    endloop
  endfacet
  facet normal 0.000000e+00 0.000000e+00 1.000000e+00
    outer loop
      vertex   -5.609952e+01 4.362500e+01 1.537500e+02
      vertex   -5.750000e+01 4.120000e+01 1.537500e+02
      vertex   -5.695375e+01 4.125380e+01 1.537500e+02
    endloop
  endfacet
  facet normal 0.000000e+00 0.000000e+00 1.000000e+00
    outer loop
      vertex   -5.609952e+01 4.362500e+01 1.537500e+02
      vertex   -5.695375e+01 4.125380e+01 1.537500e+02
      vertex   -5.598033e+01 4.346967e+01 1.537500e+02
    endloop
  endfacet
  facet normal 0.000000e+00 0.000000e+00 1.000000e+00
    outer loop
      vertex   -5.598033e+01 4.346967e+01 1.537500e+02
      vertex   -5.695375e+01 4.125380e+01 1.537500e+02
      vertex   -5.642849e+01 4.141314e+01 1.537500e+02
    endloop
  endfacet
  facet normal 0.000000e+00 0.000000e+00 1.000000e+00
    outer loop
      vertex   -5.598033e+01 4.346967e+01 1.537500e+02
      vertex   -5.642849e+01 4.141314e+01 1.537500e+02
      vertex   -5.594440e+01 4.167189e+01 1.537500e+02
    endloop
  endfacet
  facet normal 0.000000e+00 0.000000e+00 1.000000e+00
    outer loop
      vertex   -5.598033e+01 4.346967e+01 1.537500e+02
      vertex   -5.594440e+01 4.167189e+01 1.537500e+02
      vertex   -5.582500e+01 4.335048e+01 1.537500e+02
    endloop
  endfacet
  facet normal 0.000000e+00 0.000000e+00 1.000000e+00
    outer loop
      vertex   -5.582500e+01 4.335048e+01 1.537500e+02
      vertex   -5.594440e+01 4.167189e+01 1.537500e+02
      vertex   -5.552010e+01 4.202010e+01 1.537500e+02
    endloop
  endfacet
  facet normal 0.000000e+00 0.000000e+00 1.000000e+00
    outer loop
      vertex   -5.582500e+01 4.335048e+01 1.537500e+02
      vertex   -5.552010e+01 4.202010e+01 1.537500e+02
      vertex   -5.564411e+01 4.327556e+01 1.537500e+02
    endloop
  endfacet
  facet normal 0.000000e+00 0.000000e+00 1.000000e+00
    outer loop
      vertex   -5.564411e+01 4.327556e+01 1.537500e+02
      vertex   -5.552010e+01 4.202010e+01 1.537500e+02
      vertex   -5.517189e+01 4.244440e+01 1.537500e+02
    endloop
  endfacet
  facet normal 0.000000e+00 0.000000e+00 1.000000e+00
    outer loop
      vertex   -5.564411e+01 4.327556e+01 1.537500e+02
      vertex   -5.517189e+01 4.244440e+01 1.537500e+02
      vertex   -5.545000e+01 4.325000e+01 1.537500e+02
    endloop
  endfacet
  facet normal 0.000000e+00 0.000000e+00 1.000000e+00
    outer loop
      vertex   -5.545000e+01 4.325000e+01 1.537500e+02
      vertex   -5.517189e+01 4.244440e+01 1.537500e+02
      vertex   -5.491314e+01 4.292849e+01 1.537500e+02
    endloop
  endfacet
  facet normal -0.000000e+00 0.000000e+00 1.000000e+00
    outer loop
      vertex   -5.545000e+01 4.325000e+01 1.537500e+02
      vertex   -5.491314e+01 4.292849e+01 1.537500e+02
      vertex   -5.525589e+01 4.327556e+01 1.537500e+02
    endloop
  endfacet
  facet normal -0.000000e+00 0.000000e+00 1.000000e+00
    outer loop
      vertex   -5.525589e+01 4.327556e+01 1.537500e+02
      vertex   -5.491314e+01 4.292849e+01 1.537500e+02
      vertex   -5.507500e+01 4.335048e+01 1.537500e+02
    endloop
  endfacet
  facet normal -0.000000e+00 0.000000e+00 1.000000e+00
    outer loop
      vertex   -5.507500e+01 4.335048e+01 1.537500e+02
      vertex   -5.491314e+01 4.292849e+01 1.537500e+02
      vertex   -5.491967e+01 4.346967e+01 1.537500e+02
    endloop
  endfacet
  facet normal 0.000000e+00 0.000000e+00 1.000000e+00
    outer loop
      vertex   -5.491967e+01 4.346967e+01 1.537500e+02
      vertex   -5.491314e+01 4.292849e+01 1.537500e+02
      vertex   -5.475380e+01 4.345375e+01 1.537500e+02
    endloop
  endfacet
  facet normal -0.000000e+00 0.000000e+00 1.000000e+00
    outer loop
      vertex   -5.491967e+01 4.346967e+01 1.537500e+02
      vertex   -5.475380e+01 4.345375e+01 1.537500e+02
      vertex   -5.480048e+01 4.362500e+01 1.537500e+02
    endloop
  endfacet
  facet normal -0.000000e+00 0.000000e+00 1.000000e+00
    outer loop
      vertex   -5.480048e+01 4.362500e+01 1.537500e+02
      vertex   -5.475380e+01 4.345375e+01 1.537500e+02
      vertex   -5.472556e+01 4.380589e+01 1.537500e+02
    endloop
  endfacet
  facet normal -0.000000e+00 0.000000e+00 1.000000e+00
    outer loop
      vertex   -5.472556e+01 4.380589e+01 1.537500e+02
      vertex   -5.475380e+01 4.345375e+01 1.537500e+02
      vertex   -5.470000e+01 4.400000e+01 1.537500e+02
    endloop
  endfacet
  facet normal -0.000000e+00 0.000000e+00 1.000000e+00
    outer loop
      vertex   -5.890048e+01 4.362500e+01 1.537500e+02
      vertex   -5.609952e+01 4.362500e+01 1.537500e+02
      vertex   -5.882556e+01 4.380589e+01 1.537500e+02
    endloop
  endfacet
  facet normal -0.000000e+00 0.000000e+00 1.000000e+00
    outer loop
      vertex   -5.882556e+01 4.380589e+01 1.537500e+02
      vertex   -5.609952e+01 4.362500e+01 1.537500e+02
      vertex   -5.617445e+01 4.380589e+01 1.537500e+02
    endloop
  endfacet
  facet normal 0.000000e+00 0.000000e+00 1.000000e+00
    outer loop
      vertex   -5.882556e+01 4.380589e+01 1.537500e+02
      vertex   -5.617445e+01 4.380589e+01 1.537500e+02
      vertex   -5.880000e+01 4.400000e+01 1.537500e+02
    endloop
  endfacet
  facet normal -0.000000e+00 0.000000e+00 1.000000e+00
    outer loop
      vertex   -5.880000e+01 4.400000e+01 1.537500e+02
      vertex   -5.617445e+01 4.380589e+01 1.537500e+02
      vertex   -5.620000e+01 4.400000e+01 1.537500e+02
    endloop
  endfacet
  facet normal 0.000000e+00 -0.000000e+00 1.000000e+00
    outer loop
      vertex   -5.880000e+01 4.400000e+01 1.537500e+02
      vertex   -5.620000e+01 4.400000e+01 1.537500e+02
      vertex   -5.882556e+01 4.419411e+01 1.537500e+02
    endloop
  endfacet
  facet normal -0.000000e+00 0.000000e+00 1.000000e+00
    outer loop
      vertex   -5.882556e+01 4.419411e+01 1.537500e+02
      vertex   -5.620000e+01 4.400000e+01 1.537500e+02
      vertex   -5.617445e+01 4.419411e+01 1.537500e+02
    endloop
  endfacet
  facet normal 0.000000e+00 -0.000000e+00 1.000000e+00
    outer loop
      vertex   -5.882556e+01 4.419411e+01 1.537500e+02
      vertex   -5.617445e+01 4.419411e+01 1.537500e+02
      vertex   -5.890048e+01 4.437500e+01 1.537500e+02
    endloop
  endfacet
  facet normal 0.000000e+00 0.000000e+00 1.000000e+00
    outer loop
      vertex   -5.890048e+01 4.437500e+01 1.537500e+02
      vertex   -5.617445e+01 4.419411e+01 1.537500e+02
      vertex   -5.609952e+01 4.437500e+01 1.537500e+02
    endloop
  endfacet
  facet normal -0.000000e+00 0.000000e+00 1.000000e+00
    outer loop
      vertex   -5.890048e+01 4.437500e+01 1.537500e+02
      vertex   -5.609952e+01 4.437500e+01 1.537500e+02
      vertex   -5.750000e+01 4.680000e+01 1.537500e+02
    endloop
  endfacet
  facet normal 0.000000e+00 0.000000e+00 1.000000e+00
    outer loop
      vertex   -5.750000e+01 4.680000e+01 1.537500e+02
      vertex   -5.609952e+01 4.437500e+01 1.537500e+02
      vertex   -5.695375e+01 4.674620e+01 1.537500e+02
    endloop
  endfacet
  facet normal 0.000000e+00 0.000000e+00 1.000000e+00
    outer loop
      vertex   -5.695375e+01 4.674620e+01 1.537500e+02
      vertex   -5.609952e+01 4.437500e+01 1.537500e+02
      vertex   -5.598033e+01 4.453033e+01 1.537500e+02
    endloop
  endfacet
  facet normal 0.000000e+00 0.000000e+00 1.000000e+00
    outer loop
      vertex   -5.695375e+01 4.674620e+01 1.537500e+02
      vertex   -5.598033e+01 4.453033e+01 1.537500e+02
      vertex   -5.642849e+01 4.658686e+01 1.537500e+02
    endloop
  endfacet
  facet normal 0.000000e+00 0.000000e+00 1.000000e+00
    outer loop
      vertex   -5.642849e+01 4.658686e+01 1.537500e+02
      vertex   -5.598033e+01 4.453033e+01 1.537500e+02
      vertex   -5.594440e+01 4.632812e+01 1.537500e+02
    endloop
  endfacet
  facet normal 0.000000e+00 0.000000e+00 1.000000e+00
    outer loop
      vertex   -5.594440e+01 4.632812e+01 1.537500e+02
      vertex   -5.598033e+01 4.453033e+01 1.537500e+02
      vertex   -5.582500e+01 4.464952e+01 1.537500e+02
    endloop
  endfacet
  facet normal 0.000000e+00 0.000000e+00 1.000000e+00
    outer loop
      vertex   -5.594440e+01 4.632812e+01 1.537500e+02
      vertex   -5.582500e+01 4.464952e+01 1.537500e+02
      vertex   -5.552010e+01 4.597990e+01 1.537500e+02
    endloop
  endfacet
  facet normal 0.000000e+00 0.000000e+00 1.000000e+00
    outer loop
      vertex   -5.552010e+01 4.597990e+01 1.537500e+02
      vertex   -5.582500e+01 4.464952e+01 1.537500e+02
      vertex   -5.564411e+01 4.472444e+01 1.537500e+02
    endloop
  endfacet
  facet normal 0.000000e+00 0.000000e+00 1.000000e+00
    outer loop
      vertex   -5.552010e+01 4.597990e+01 1.537500e+02
      vertex   -5.564411e+01 4.472444e+01 1.537500e+02
      vertex   -5.517189e+01 4.555560e+01 1.537500e+02
    endloop
  endfacet
  facet normal 0.000000e+00 0.000000e+00 1.000000e+00
    outer loop
      vertex   -5.517189e+01 4.555560e+01 1.537500e+02
      vertex   -5.564411e+01 4.472444e+01 1.537500e+02
      vertex   -5.545000e+01 4.475000e+01 1.537500e+02
    endloop
  endfacet
  facet normal 0.000000e+00 0.000000e+00 1.000000e+00
    outer loop
      vertex   -5.517189e+01 4.555560e+01 1.537500e+02
      vertex   -5.545000e+01 4.475000e+01 1.537500e+02
      vertex   -5.491314e+01 4.507151e+01 1.537500e+02
    endloop
  endfacet
  facet normal 0.000000e+00 0.000000e+00 1.000000e+00
    outer loop
      vertex   -5.491314e+01 4.507151e+01 1.537500e+02
      vertex   -5.545000e+01 4.475000e+01 1.537500e+02
      vertex   -5.525589e+01 4.472444e+01 1.537500e+02
    endloop
  endfacet
  facet normal 0.000000e+00 0.000000e+00 1.000000e+00
    outer loop
      vertex   -5.491314e+01 4.507151e+01 1.537500e+02
      vertex   -5.525589e+01 4.472444e+01 1.537500e+02
      vertex   -5.507500e+01 4.464952e+01 1.537500e+02
    endloop
  endfacet
  facet normal -0.000000e+00 0.000000e+00 1.000000e+00
    outer loop
      vertex   -5.507500e+01 4.464952e+01 1.537500e+02
      vertex   -5.491967e+01 4.453033e+01 1.537500e+02
      vertex   -5.491314e+01 4.507151e+01 1.537500e+02
    endloop
  endfacet
  facet normal 0.000000e+00 0.000000e+00 1.000000e+00
    outer loop
      vertex   -5.491314e+01 4.507151e+01 1.537500e+02
      vertex   -5.491967e+01 4.453033e+01 1.537500e+02
      vertex   -5.475380e+01 4.454625e+01 1.537500e+02
    endloop
  endfacet
  facet normal 0.000000e+00 0.000000e+00 1.000000e+00
    outer loop
      vertex   -5.475380e+01 4.454625e+01 1.537500e+02
      vertex   -5.491967e+01 4.453033e+01 1.537500e+02
      vertex   -5.480048e+01 4.437500e+01 1.537500e+02
    endloop
  endfacet
  facet normal 0.000000e+00 0.000000e+00 1.000000e+00
    outer loop
      vertex   -5.475380e+01 4.454625e+01 1.537500e+02
      vertex   -5.480048e+01 4.437500e+01 1.537500e+02
      vertex   -5.472556e+01 4.419411e+01 1.537500e+02
    endloop
  endfacet
  facet normal -0.000000e+00 -0.000000e+00 1.000000e+00
    outer loop
      vertex   -5.472556e+01 4.419411e+01 1.537500e+02
      vertex   -5.470000e+01 4.400000e+01 1.537500e+02
      vertex   -5.475380e+01 4.454625e+01 1.537500e+02
    endloop
  endfacet
  facet normal 0.000000e+00 0.000000e+00 1.000000e+00
    outer loop
      vertex   -5.750000e+01 4.680000e+01 1.537500e+02
      vertex   -5.804625e+01 4.674620e+01 1.537500e+02
      vertex   -5.890048e+01 4.437500e+01 1.537500e+02
    endloop
  endfacet
  facet normal 0.000000e+00 -0.000000e+00 1.000000e+00
    outer loop
      vertex   -5.890048e+01 4.437500e+01 1.537500e+02
      vertex   -5.804625e+01 4.674620e+01 1.537500e+02
      vertex   -5.901967e+01 4.453033e+01 1.537500e+02
    endloop
  endfacet
  facet normal 0.000000e+00 0.000000e+00 1.000000e+00
    outer loop
      vertex   -5.901967e+01 4.453033e+01 1.537500e+02
      vertex   -5.804625e+01 4.674620e+01 1.537500e+02
      vertex   -5.857151e+01 4.658686e+01 1.537500e+02
    endloop
  endfacet
  facet normal 0.000000e+00 -0.000000e+00 1.000000e+00
    outer loop
      vertex   -5.901967e+01 4.453033e+01 1.537500e+02
      vertex   -5.857151e+01 4.658686e+01 1.537500e+02
      vertex   -5.905560e+01 4.632812e+01 1.537500e+02
    endloop
  endfacet
  facet normal 0.000000e+00 0.000000e+00 1.000000e+00
    outer loop
      vertex   -5.901967e+01 4.453033e+01 1.537500e+02
      vertex   -5.905560e+01 4.632812e+01 1.537500e+02
      vertex   -5.917500e+01 4.464952e+01 1.537500e+02
    endloop
  endfacet
  facet normal 0.000000e+00 -0.000000e+00 1.000000e+00
    outer loop
      vertex   -5.917500e+01 4.464952e+01 1.537500e+02
      vertex   -5.905560e+01 4.632812e+01 1.537500e+02
      vertex   -5.947990e+01 4.597990e+01 1.537500e+02
    endloop
  endfacet
  facet normal 0.000000e+00 0.000000e+00 1.000000e+00
    outer loop
      vertex   -5.917500e+01 4.464952e+01 1.537500e+02
      vertex   -5.947990e+01 4.597990e+01 1.537500e+02
      vertex   -5.935589e+01 4.472444e+01 1.537500e+02
    endloop
  endfacet
  facet normal 0.000000e+00 0.000000e+00 1.000000e+00
    outer loop
      vertex   -5.935589e+01 4.472444e+01 1.537500e+02
      vertex   -5.947990e+01 4.597990e+01 1.537500e+02
      vertex   -5.982812e+01 4.555560e+01 1.537500e+02
    endloop
  endfacet
  facet normal 0.000000e+00 0.000000e+00 1.000000e+00
    outer loop
      vertex   -5.935589e+01 4.472444e+01 1.537500e+02
      vertex   -5.982812e+01 4.555560e+01 1.537500e+02
      vertex   -5.955000e+01 4.475000e+01 1.537500e+02
    endloop
  endfacet
  facet normal 0.000000e+00 0.000000e+00 1.000000e+00
    outer loop
      vertex   -5.955000e+01 4.475000e+01 1.537500e+02
      vertex   -5.982812e+01 4.555560e+01 1.537500e+02
      vertex   -6.008686e+01 4.507151e+01 1.537500e+02
    endloop
  endfacet
  facet normal 0.000000e+00 0.000000e+00 1.000000e+00
    outer loop
      vertex   -5.955000e+01 4.475000e+01 1.537500e+02
      vertex   -6.008686e+01 4.507151e+01 1.537500e+02
      vertex   -5.974411e+01 4.472444e+01 1.537500e+02
    endloop
  endfacet
  facet normal 0.000000e+00 0.000000e+00 1.000000e+00
    outer loop
      vertex   -5.974411e+01 4.472444e+01 1.537500e+02
      vertex   -6.008686e+01 4.507151e+01 1.537500e+02
      vertex   -5.992500e+01 4.464952e+01 1.537500e+02
    endloop
  endfacet
  facet normal 0.000000e+00 0.000000e+00 1.000000e+00
    outer loop
      vertex   -5.992500e+01 4.464952e+01 1.537500e+02
      vertex   -6.008686e+01 4.507151e+01 1.537500e+02
      vertex   -6.008033e+01 4.453033e+01 1.537500e+02
    endloop
  endfacet
  facet normal 0.000000e+00 0.000000e+00 1.000000e+00
    outer loop
      vertex   -6.008033e+01 4.453033e+01 1.537500e+02
      vertex   -6.008686e+01 4.507151e+01 1.537500e+02
      vertex   -6.024620e+01 4.454625e+01 1.537500e+02
    endloop
  endfacet
  facet normal 0.000000e+00 0.000000e+00 1.000000e+00
    outer loop
      vertex   -6.008033e+01 4.453033e+01 1.537500e+02
      vertex   -6.024620e+01 4.454625e+01 1.537500e+02
      vertex   -6.019952e+01 4.437500e+01 1.537500e+02
    endloop
  endfacet
  facet normal 0.000000e+00 0.000000e+00 1.000000e+00
    outer loop
      vertex   -6.019952e+01 4.437500e+01 1.537500e+02
      vertex   -6.024620e+01 4.454625e+01 1.537500e+02
      vertex   -6.027445e+01 4.419411e+01 1.537500e+02
    endloop
  endfacet
  facet normal 0.000000e+00 -0.000000e+00 1.000000e+00
    outer loop
      vertex   -6.027445e+01 4.419411e+01 1.537500e+02
      vertex   -6.024620e+01 4.454625e+01 1.537500e+02
      vertex   -6.030000e+01 4.400000e+01 1.537500e+02
    endloop
  endfacet
  facet normal 9.951847e-01 -9.801714e-02 0.000000e+00
    outer loop
      vertex   -6.024620e+01 4.454625e+01 1.537500e+02
      vertex   -6.024620e+01 4.454625e+01 1.557500e+02
      vertex   -6.030000e+01 4.400000e+01 1.537500e+02
    endloop
  endfacet
  facet normal 9.951847e-01 -9.801714e-02 0.000000e+00
    outer loop
      vertex   -6.030000e+01 4.400000e+01 1.537500e+02
      vertex   -6.024620e+01 4.454625e+01 1.557500e+02
      vertex   -6.030000e+01 4.400000e+01 1.557500e+02
    endloop
  endfacet
  facet normal 9.951847e-01 9.801714e-02 -0.000000e+00
    outer loop
      vertex   -6.030000e+01 4.400000e+01 1.537500e+02
      vertex   -6.030000e+01 4.400000e+01 1.557500e+02
      vertex   -6.024620e+01 4.345375e+01 1.537500e+02
    endloop
  endfacet
  facet normal 9.951847e-01 9.801714e-02 -0.000000e+00
    outer loop
      vertex   -6.024620e+01 4.345375e+01 1.537500e+02
      vertex   -6.030000e+01 4.400000e+01 1.557500e+02
      vertex   -6.024620e+01 4.345375e+01 1.557500e+02
    endloop
  endfacet
  facet normal 9.569403e-01 2.902847e-01 -0.000000e+00
    outer loop
      vertex   -6.024620e+01 4.345375e+01 1.537500e+02
      vertex   -6.024620e+01 4.345375e+01 1.557500e+02
      vertex   -6.008686e+01 4.292849e+01 1.537500e+02
    endloop
  endfacet
  facet normal 9.569403e-01 2.902847e-01 -0.000000e+00
    outer loop
      vertex   -6.008686e+01 4.292849e+01 1.537500e+02
      vertex   -6.024620e+01 4.345375e+01 1.557500e+02
      vertex   -6.008686e+01 4.292849e+01 1.557500e+02
    endloop
  endfacet
  facet normal 8.819213e-01 4.713967e-01 -0.000000e+00
    outer loop
      vertex   -6.008686e+01 4.292849e+01 1.537500e+02
      vertex   -6.008686e+01 4.292849e+01 1.557500e+02
      vertex   -5.982812e+01 4.244440e+01 1.537500e+02
    endloop
  endfacet
  facet normal 8.819213e-01 4.713967e-01 -0.000000e+00
    outer loop
      vertex   -5.982812e+01 4.244440e+01 1.537500e+02
      vertex   -6.008686e+01 4.292849e+01 1.557500e+02
      vertex   -5.982812e+01 4.244440e+01 1.557500e+02
    endloop
  endfacet
  facet normal 7.730105e-01 6.343933e-01 -0.000000e+00
    outer loop
      vertex   -5.982812e+01 4.244440e+01 1.537500e+02
      vertex   -5.982812e+01 4.244440e+01 1.557500e+02
      vertex   -5.947990e+01 4.202010e+01 1.537500e+02
    endloop
  endfacet
  facet normal 7.730105e-01 6.343933e-01 -0.000000e+00
    outer loop
      vertex   -5.947990e+01 4.202010e+01 1.537500e+02
      vertex   -5.982812e+01 4.244440e+01 1.557500e+02
      vertex   -5.947990e+01 4.202010e+01 1.557500e+02
    endloop
  endfacet
  facet normal 6.343933e-01 7.730105e-01 -0.000000e+00
    outer loop
      vertex   -5.947990e+01 4.202010e+01 1.537500e+02
      vertex   -5.947990e+01 4.202010e+01 1.557500e+02
      vertex   -5.905560e+01 4.167189e+01 1.537500e+02
    endloop
  endfacet
  facet normal 6.343933e-01 7.730105e-01 -0.000000e+00
    outer loop
      vertex   -5.905560e+01 4.167189e+01 1.537500e+02
      vertex   -5.947990e+01 4.202010e+01 1.557500e+02
      vertex   -5.905560e+01 4.167189e+01 1.557500e+02
    endloop
  endfacet
  facet normal 4.713967e-01 8.819213e-01 -0.000000e+00
    outer loop
      vertex   -5.905560e+01 4.167189e+01 1.537500e+02
      vertex   -5.905560e+01 4.167189e+01 1.557500e+02
      vertex   -5.857151e+01 4.141314e+01 1.537500e+02
    endloop
  endfacet
  facet normal 4.713967e-01 8.819213e-01 -0.000000e+00
    outer loop
      vertex   -5.857151e+01 4.141314e+01 1.537500e+02
      vertex   -5.905560e+01 4.167189e+01 1.557500e+02
      vertex   -5.857151e+01 4.141314e+01 1.557500e+02
    endloop
  endfacet
  facet normal 2.902847e-01 9.569403e-01 -0.000000e+00
    outer loop
      vertex   -5.857151e+01 4.141314e+01 1.537500e+02
      vertex   -5.857151e+01 4.141314e+01 1.557500e+02
      vertex   -5.804625e+01 4.125380e+01 1.537500e+02
    endloop
  endfacet
  facet normal 2.902847e-01 9.569403e-01 -0.000000e+00
    outer loop
      vertex   -5.804625e+01 4.125380e+01 1.537500e+02
      vertex   -5.857151e+01 4.141314e+01 1.557500e+02
      vertex   -5.804625e+01 4.125380e+01 1.557500e+02
    endloop
  endfacet
  facet normal 9.801714e-02 9.951847e-01 -0.000000e+00
    outer loop
      vertex   -5.804625e+01 4.125380e+01 1.537500e+02
      vertex   -5.804625e+01 4.125380e+01 1.557500e+02
      vertex   -5.750000e+01 4.120000e+01 1.537500e+02
    endloop
  endfacet
  facet normal 9.801714e-02 9.951847e-01 -0.000000e+00
    outer loop
      vertex   -5.750000e+01 4.120000e+01 1.537500e+02
      vertex   -5.804625e+01 4.125380e+01 1.557500e+02
      vertex   -5.750000e+01 4.120000e+01 1.557500e+02
    endloop
  endfacet
  facet normal -9.801714e-02 9.951847e-01 0.000000e+00
    outer loop
      vertex   -5.750000e+01 4.120000e+01 1.537500e+02
      vertex   -5.750000e+01 4.120000e+01 1.557500e+02
      vertex   -5.695375e+01 4.125380e+01 1.537500e+02
    endloop
  endfacet
  facet normal -9.801714e-02 9.951847e-01 0.000000e+00
    outer loop
      vertex   -5.695375e+01 4.125380e+01 1.537500e+02
      vertex   -5.750000e+01 4.120000e+01 1.557500e+02
      vertex   -5.695375e+01 4.125380e+01 1.557500e+02
    endloop
  endfacet
  facet normal -2.902847e-01 9.569403e-01 0.000000e+00
    outer loop
      vertex   -5.695375e+01 4.125380e+01 1.537500e+02
      vertex   -5.695375e+01 4.125380e+01 1.557500e+02
      vertex   -5.642849e+01 4.141314e+01 1.537500e+02
    endloop
  endfacet
  facet normal -2.902847e-01 9.569403e-01 0.000000e+00
    outer loop
      vertex   -5.642849e+01 4.141314e+01 1.537500e+02
      vertex   -5.695375e+01 4.125380e+01 1.557500e+02
      vertex   -5.642849e+01 4.141314e+01 1.557500e+02
    endloop
  endfacet
  facet normal -4.713967e-01 8.819213e-01 0.000000e+00
    outer loop
      vertex   -5.642849e+01 4.141314e+01 1.537500e+02
      vertex   -5.642849e+01 4.141314e+01 1.557500e+02
      vertex   -5.594440e+01 4.167189e+01 1.537500e+02
    endloop
  endfacet
  facet normal -4.713967e-01 8.819213e-01 0.000000e+00
    outer loop
      vertex   -5.594440e+01 4.167189e+01 1.537500e+02
      vertex   -5.642849e+01 4.141314e+01 1.557500e+02
      vertex   -5.594440e+01 4.167189e+01 1.557500e+02
    endloop
  endfacet
  facet normal -6.343933e-01 7.730105e-01 0.000000e+00
    outer loop
      vertex   -5.594440e+01 4.167189e+01 1.537500e+02
      vertex   -5.594440e+01 4.167189e+01 1.557500e+02
      vertex   -5.552010e+01 4.202010e+01 1.537500e+02
    endloop
  endfacet
  facet normal -6.343933e-01 7.730105e-01 0.000000e+00
    outer loop
      vertex   -5.552010e+01 4.202010e+01 1.537500e+02
      vertex   -5.594440e+01 4.167189e+01 1.557500e+02
      vertex   -5.552010e+01 4.202010e+01 1.557500e+02
    endloop
  endfacet
  facet normal -7.730105e-01 6.343933e-01 0.000000e+00
    outer loop
      vertex   -5.552010e+01 4.202010e+01 1.537500e+02
      vertex   -5.552010e+01 4.202010e+01 1.557500e+02
      vertex   -5.517189e+01 4.244440e+01 1.537500e+02
    endloop
  endfacet
  facet normal -7.730105e-01 6.343933e-01 0.000000e+00
    outer loop
      vertex   -5.517189e+01 4.244440e+01 1.537500e+02
      vertex   -5.552010e+01 4.202010e+01 1.557500e+02
      vertex   -5.517189e+01 4.244440e+01 1.557500e+02
    endloop
  endfacet
  facet normal -8.819213e-01 4.713967e-01 0.000000e+00
    outer loop
      vertex   -5.517189e+01 4.244440e+01 1.537500e+02
      vertex   -5.517189e+01 4.244440e+01 1.557500e+02
      vertex   -5.491314e+01 4.292849e+01 1.537500e+02
    endloop
  endfacet
  facet normal -8.819213e-01 4.713967e-01 0.000000e+00
    outer loop
      vertex   -5.491314e+01 4.292849e+01 1.537500e+02
      vertex   -5.517189e+01 4.244440e+01 1.557500e+02
      vertex   -5.491314e+01 4.292849e+01 1.557500e+02
    endloop
  endfacet
  facet normal -9.569403e-01 2.902847e-01 0.000000e+00
    outer loop
      vertex   -5.491314e+01 4.292849e+01 1.537500e+02
      vertex   -5.491314e+01 4.292849e+01 1.557500e+02
      vertex   -5.475380e+01 4.345375e+01 1.537500e+02
    endloop
  endfacet
  facet normal -9.569403e-01 2.902847e-01 0.000000e+00
    outer loop
      vertex   -5.475380e+01 4.345375e+01 1.537500e+02
      vertex   -5.491314e+01 4.292849e+01 1.557500e+02
      vertex   -5.475380e+01 4.345375e+01 1.557500e+02
    endloop
  endfacet
  facet normal -9.951847e-01 9.801714e-02 0.000000e+00
    outer loop
      vertex   -5.475380e+01 4.345375e+01 1.537500e+02
      vertex   -5.475380e+01 4.345375e+01 1.557500e+02
      vertex   -5.470000e+01 4.400000e+01 1.537500e+02
    endloop
  endfacet
  facet normal -9.951847e-01 9.801714e-02 0.000000e+00
    outer loop
      vertex   -5.470000e+01 4.400000e+01 1.537500e+02
      vertex   -5.475380e+01 4.345375e+01 1.557500e+02
      vertex   -5.470000e+01 4.400000e+01 1.557500e+02
    endloop
  endfacet
  facet normal -9.951847e-01 -9.801714e-02 0.000000e+00
    outer loop
      vertex   -5.470000e+01 4.400000e+01 1.537500e+02
      vertex   -5.470000e+01 4.400000e+01 1.557500e+02
      vertex   -5.475380e+01 4.454625e+01 1.537500e+02
    endloop
  endfacet
  facet normal -9.951847e-01 -9.801714e-02 0.000000e+00
    outer loop
      vertex   -5.475380e+01 4.454625e+01 1.537500e+02
      vertex   -5.470000e+01 4.400000e+01 1.557500e+02
      vertex   -5.475380e+01 4.454625e+01 1.557500e+02
    endloop
  endfacet
  facet normal -9.569403e-01 -2.902847e-01 0.000000e+00
    outer loop
      vertex   -5.475380e+01 4.454625e+01 1.537500e+02
      vertex   -5.475380e+01 4.454625e+01 1.557500e+02
      vertex   -5.491314e+01 4.507151e+01 1.537500e+02
    endloop
  endfacet
  facet normal -9.569403e-01 -2.902847e-01 0.000000e+00
    outer loop
      vertex   -5.491314e+01 4.507151e+01 1.537500e+02
      vertex   -5.475380e+01 4.454625e+01 1.557500e+02
      vertex   -5.491314e+01 4.507151e+01 1.557500e+02
    endloop
  endfacet
  facet normal -8.819213e-01 -4.713967e-01 0.000000e+00
    outer loop
      vertex   -5.491314e+01 4.507151e+01 1.537500e+02
      vertex   -5.491314e+01 4.507151e+01 1.557500e+02
      vertex   -5.517189e+01 4.555560e+01 1.537500e+02
    endloop
  endfacet
  facet normal -8.819213e-01 -4.713967e-01 0.000000e+00
    outer loop
      vertex   -5.517189e+01 4.555560e+01 1.537500e+02
      vertex   -5.491314e+01 4.507151e+01 1.557500e+02
      vertex   -5.517189e+01 4.555560e+01 1.557500e+02
    endloop
  endfacet
  facet normal -7.730105e-01 -6.343933e-01 0.000000e+00
    outer loop
      vertex   -5.517189e+01 4.555560e+01 1.537500e+02
      vertex   -5.517189e+01 4.555560e+01 1.557500e+02
      vertex   -5.552010e+01 4.597990e+01 1.537500e+02
    endloop
  endfacet
  facet normal -7.730105e-01 -6.343933e-01 0.000000e+00
    outer loop
      vertex   -5.552010e+01 4.597990e+01 1.537500e+02
      vertex   -5.517189e+01 4.555560e+01 1.557500e+02
      vertex   -5.552010e+01 4.597990e+01 1.557500e+02
    endloop
  endfacet
  facet normal -6.343933e-01 -7.730105e-01 0.000000e+00
    outer loop
      vertex   -5.552010e+01 4.597990e+01 1.537500e+02
      vertex   -5.552010e+01 4.597990e+01 1.557500e+02
      vertex   -5.594440e+01 4.632812e+01 1.537500e+02
    endloop
  endfacet
  facet normal -6.343933e-01 -7.730105e-01 0.000000e+00
    outer loop
      vertex   -5.594440e+01 4.632812e+01 1.537500e+02
      vertex   -5.552010e+01 4.597990e+01 1.557500e+02
      vertex   -5.594440e+01 4.632812e+01 1.557500e+02
    endloop
  endfacet
  facet normal -4.713967e-01 -8.819213e-01 0.000000e+00
    outer loop
      vertex   -5.594440e+01 4.632812e+01 1.537500e+02
      vertex   -5.594440e+01 4.632812e+01 1.557500e+02
      vertex   -5.642849e+01 4.658686e+01 1.537500e+02
    endloop
  endfacet
  facet normal -4.713967e-01 -8.819213e-01 0.000000e+00
    outer loop
      vertex   -5.642849e+01 4.658686e+01 1.537500e+02
      vertex   -5.594440e+01 4.632812e+01 1.557500e+02
      vertex   -5.642849e+01 4.658686e+01 1.557500e+02
    endloop
  endfacet
  facet normal -2.902847e-01 -9.569403e-01 0.000000e+00
    outer loop
      vertex   -5.642849e+01 4.658686e+01 1.537500e+02
      vertex   -5.642849e+01 4.658686e+01 1.557500e+02
      vertex   -5.695375e+01 4.674620e+01 1.537500e+02
    endloop
  endfacet
  facet normal -2.902847e-01 -9.569403e-01 0.000000e+00
    outer loop
      vertex   -5.695375e+01 4.674620e+01 1.537500e+02
      vertex   -5.642849e+01 4.658686e+01 1.557500e+02
      vertex   -5.695375e+01 4.674620e+01 1.557500e+02
    endloop
  endfacet
  facet normal -9.801714e-02 -9.951847e-01 0.000000e+00
    outer loop
      vertex   -5.695375e+01 4.674620e+01 1.537500e+02
      vertex   -5.695375e+01 4.674620e+01 1.557500e+02
      vertex   -5.750000e+01 4.680000e+01 1.537500e+02
    endloop
  endfacet
  facet normal -9.801714e-02 -9.951847e-01 0.000000e+00
    outer loop
      vertex   -5.750000e+01 4.680000e+01 1.537500e+02
      vertex   -5.695375e+01 4.674620e+01 1.557500e+02
      vertex   -5.750000e+01 4.680000e+01 1.557500e+02
    endloop
  endfacet
  facet normal 9.801714e-02 -9.951847e-01 0.000000e+00
    outer loop
      vertex   -5.750000e+01 4.680000e+01 1.537500e+02
      vertex   -5.750000e+01 4.680000e+01 1.557500e+02
      vertex   -5.804625e+01 4.674620e+01 1.537500e+02
    endloop
  endfacet
  facet normal 9.801714e-02 -9.951847e-01 0.000000e+00
    outer loop
      vertex   -5.804625e+01 4.674620e+01 1.537500e+02
      vertex   -5.750000e+01 4.680000e+01 1.557500e+02
      vertex   -5.804625e+01 4.674620e+01 1.557500e+02
    endloop
  endfacet
  facet normal 2.902847e-01 -9.569403e-01 0.000000e+00
    outer loop
      vertex   -5.804625e+01 4.674620e+01 1.537500e+02
      vertex   -5.804625e+01 4.674620e+01 1.557500e+02
      vertex   -5.857151e+01 4.658686e+01 1.537500e+02
    endloop
  endfacet
  facet normal 2.902847e-01 -9.569403e-01 0.000000e+00
    outer loop
      vertex   -5.857151e+01 4.658686e+01 1.537500e+02
      vertex   -5.804625e+01 4.674620e+01 1.557500e+02
      vertex   -5.857151e+01 4.658686e+01 1.557500e+02
    endloop
  endfacet
  facet normal 4.713967e-01 -8.819213e-01 0.000000e+00
    outer loop
      vertex   -5.857151e+01 4.658686e+01 1.537500e+02
      vertex   -5.857151e+01 4.658686e+01 1.557500e+02
      vertex   -5.905560e+01 4.632812e+01 1.537500e+02
    endloop
  endfacet
  facet normal 4.713967e-01 -8.819213e-01 0.000000e+00
    outer loop
      vertex   -5.905560e+01 4.632812e+01 1.537500e+02
      vertex   -5.857151e+01 4.658686e+01 1.557500e+02
      vertex   -5.905560e+01 4.632812e+01 1.557500e+02
    endloop
  endfacet
  facet normal 6.343933e-01 -7.730105e-01 0.000000e+00
    outer loop
      vertex   -5.905560e+01 4.632812e+01 1.537500e+02
      vertex   -5.905560e+01 4.632812e+01 1.557500e+02
      vertex   -5.947990e+01 4.597990e+01 1.537500e+02
    endloop
  endfacet
  facet normal 6.343933e-01 -7.730105e-01 0.000000e+00
    outer loop
      vertex   -5.947990e+01 4.597990e+01 1.537500e+02
      vertex   -5.905560e+01 4.632812e+01 1.557500e+02
      vertex   -5.947990e+01 4.597990e+01 1.557500e+02
    endloop
  endfacet
  facet normal 7.730105e-01 -6.343933e-01 0.000000e+00
    outer loop
      vertex   -5.947990e+01 4.597990e+01 1.537500e+02
      vertex   -5.947990e+01 4.597990e+01 1.557500e+02
      vertex   -5.982812e+01 4.555560e+01 1.537500e+02
    endloop
  endfacet
  facet normal 7.730105e-01 -6.343933e-01 0.000000e+00
    outer loop
      vertex   -5.982812e+01 4.555560e+01 1.537500e+02
      vertex   -5.947990e+01 4.597990e+01 1.557500e+02
      vertex   -5.982812e+01 4.555560e+01 1.557500e+02
    endloop
  endfacet
  facet normal 8.819213e-01 -4.713967e-01 0.000000e+00
    outer loop
      vertex   -5.982812e+01 4.555560e+01 1.537500e+02
      vertex   -5.982812e+01 4.555560e+01 1.557500e+02
      vertex   -6.008686e+01 4.507151e+01 1.537500e+02
    endloop
  endfacet
  facet normal 8.819213e-01 -4.713967e-01 0.000000e+00
    outer loop
      vertex   -6.008686e+01 4.507151e+01 1.537500e+02
      vertex   -5.982812e+01 4.555560e+01 1.557500e+02
      vertex   -6.008686e+01 4.507151e+01 1.557500e+02
    endloop
  endfacet
  facet normal 9.569403e-01 -2.902847e-01 0.000000e+00
    outer loop
      vertex   -6.008686e+01 4.507151e+01 1.537500e+02
      vertex   -6.008686e+01 4.507151e+01 1.557500e+02
      vertex   -6.024620e+01 4.454625e+01 1.537500e+02
    endloop
  endfacet
  facet normal 9.569403e-01 -2.902847e-01 0.000000e+00
    outer loop
      vertex   -6.024620e+01 4.454625e+01 1.537500e+02
      vertex   -6.008686e+01 4.507151e+01 1.557500e+02
      vertex   -6.024620e+01 4.454625e+01 1.557500e+02
    endloop
  endfacet
  facet normal 0.000000e+00 0.000000e+00 1.000000e+00
    outer loop
      vertex   -4.430000e+01 4.400000e+01 1.537500e+02
      vertex   -4.424620e+01 4.345375e+01 1.537500e+02
      vertex   -4.427444e+01 4.380589e+01 1.537500e+02
    endloop
  endfacet
  facet normal 0.000000e+00 0.000000e+00 1.000000e+00
    outer loop
      vertex   -4.427444e+01 4.380589e+01 1.537500e+02
      vertex   -4.424620e+01 4.345375e+01 1.537500e+02
      vertex   -4.419952e+01 4.362500e+01 1.537500e+02
    endloop
  endfacet
  facet normal 0.000000e+00 0.000000e+00 1.000000e+00
    outer loop
      vertex   -4.419952e+01 4.362500e+01 1.537500e+02
      vertex   -4.424620e+01 4.345375e+01 1.537500e+02
      vertex   -4.408033e+01 4.346967e+01 1.537500e+02
    endloop
  endfacet
  facet normal 0.000000e+00 0.000000e+00 1.000000e+00
    outer loop
      vertex   -4.408033e+01 4.346967e+01 1.537500e+02
      vertex   -4.424620e+01 4.345375e+01 1.537500e+02
      vertex   -4.408686e+01 4.292849e+01 1.537500e+02
    endloop
  endfacet
  facet normal 0.000000e+00 0.000000e+00 1.000000e+00
    outer loop
      vertex   -4.408033e+01 4.346967e+01 1.537500e+02
      vertex   -4.408686e+01 4.292849e+01 1.537500e+02
      vertex   -4.392500e+01 4.335048e+01 1.537500e+02
    endloop
  endfacet
  facet normal 0.000000e+00 0.000000e+00 1.000000e+00
    outer loop
      vertex   -4.392500e+01 4.335048e+01 1.537500e+02
      vertex   -4.408686e+01 4.292849e+01 1.537500e+02
      vertex   -4.374411e+01 4.327556e+01 1.537500e+02
    endloop
  endfacet
  facet normal 0.000000e+00 0.000000e+00 1.000000e+00
    outer loop
      vertex   -4.374411e+01 4.327556e+01 1.537500e+02
      vertex   -4.408686e+01 4.292849e+01 1.537500e+02
      vertex   -4.355000e+01 4.325000e+01 1.537500e+02
    endloop
  endfacet
  facet normal 0.000000e+00 0.000000e+00 1.000000e+00
    outer loop
      vertex   -4.355000e+01 4.325000e+01 1.537500e+02
      vertex   -4.408686e+01 4.292849e+01 1.537500e+02
      vertex   -4.382811e+01 4.244440e+01 1.537500e+02
    endloop
  endfacet
  facet normal -0.000000e+00 0.000000e+00 1.000000e+00
    outer loop
      vertex   -4.355000e+01 4.325000e+01 1.537500e+02
      vertex   -4.382811e+01 4.244440e+01 1.537500e+02
      vertex   -4.335589e+01 4.327556e+01 1.537500e+02
    endloop
  endfacet
  facet normal 0.000000e+00 0.000000e+00 1.000000e+00
    outer loop
      vertex   -4.335589e+01 4.327556e+01 1.537500e+02
      vertex   -4.382811e+01 4.244440e+01 1.537500e+02
      vertex   -4.347990e+01 4.202010e+01 1.537500e+02
    endloop
  endfacet
  facet normal -0.000000e+00 0.000000e+00 1.000000e+00
    outer loop
      vertex   -4.335589e+01 4.327556e+01 1.537500e+02
      vertex   -4.347990e+01 4.202010e+01 1.537500e+02
      vertex   -4.317500e+01 4.335048e+01 1.537500e+02
    endloop
  endfacet
  facet normal 0.000000e+00 0.000000e+00 1.000000e+00
    outer loop
      vertex   -4.317500e+01 4.335048e+01 1.537500e+02
      vertex   -4.347990e+01 4.202010e+01 1.537500e+02
      vertex   -4.305560e+01 4.167189e+01 1.537500e+02
    endloop
  endfacet
  facet normal -0.000000e+00 0.000000e+00 1.000000e+00
    outer loop
      vertex   -4.317500e+01 4.335048e+01 1.537500e+02
      vertex   -4.305560e+01 4.167189e+01 1.537500e+02
      vertex   -4.301967e+01 4.346967e+01 1.537500e+02
    endloop
  endfacet
  facet normal 0.000000e+00 0.000000e+00 1.000000e+00
    outer loop
      vertex   -4.301967e+01 4.346967e+01 1.537500e+02
      vertex   -4.305560e+01 4.167189e+01 1.537500e+02
      vertex   -4.257151e+01 4.141314e+01 1.537500e+02
    endloop
  endfacet
  facet normal 0.000000e+00 0.000000e+00 1.000000e+00
    outer loop
      vertex   -4.301967e+01 4.346967e+01 1.537500e+02
      vertex   -4.257151e+01 4.141314e+01 1.537500e+02
      vertex   -4.204625e+01 4.125380e+01 1.537500e+02
    endloop
  endfacet
  facet normal -0.000000e+00 0.000000e+00 1.000000e+00
    outer loop
      vertex   -4.301967e+01 4.346967e+01 1.537500e+02
      vertex   -4.204625e+01 4.125380e+01 1.537500e+02
      vertex   -4.290048e+01 4.362500e+01 1.537500e+02
    endloop
  endfacet
  facet normal 0.000000e+00 0.000000e+00 1.000000e+00
    outer loop
      vertex   -4.290048e+01 4.362500e+01 1.537500e+02
      vertex   -4.204625e+01 4.125380e+01 1.537500e+02
      vertex   -4.150000e+01 4.120000e+01 1.537500e+02
    endloop
  endfacet
  facet normal 0.000000e+00 0.000000e+00 1.000000e+00
    outer loop
      vertex   -4.290048e+01 4.362500e+01 1.537500e+02
      vertex   -4.150000e+01 4.120000e+01 1.537500e+02
      vertex   -4.009952e+01 4.362500e+01 1.537500e+02
    endloop
  endfacet
  facet normal 0.000000e+00 0.000000e+00 1.000000e+00
    outer loop
      vertex   -4.009952e+01 4.362500e+01 1.537500e+02
      vertex   -4.150000e+01 4.120000e+01 1.537500e+02
      vertex   -4.095375e+01 4.125380e+01 1.537500e+02
    endloop
  endfacet
  facet normal 0.000000e+00 0.000000e+00 1.000000e+00
    outer loop
      vertex   -4.009952e+01 4.362500e+01 1.537500e+02
      vertex   -4.095375e+01 4.125380e+01 1.537500e+02
      vertex   -3.998033e+01 4.346967e+01 1.537500e+02
    endloop
  endfacet
  facet normal 0.000000e+00 0.000000e+00 1.000000e+00
    outer loop
      vertex   -3.998033e+01 4.346967e+01 1.537500e+02
      vertex   -4.095375e+01 4.125380e+01 1.537500e+02
      vertex   -4.042849e+01 4.141314e+01 1.537500e+02
    endloop
  endfacet
  facet normal 0.000000e+00 0.000000e+00 1.000000e+00
    outer loop
      vertex   -3.998033e+01 4.346967e+01 1.537500e+02
      vertex   -4.042849e+01 4.141314e+01 1.537500e+02
      vertex   -3.994440e+01 4.167189e+01 1.537500e+02
    endloop
  endfacet
  facet normal 0.000000e+00 0.000000e+00 1.000000e+00
    outer loop
      vertex   -3.998033e+01 4.346967e+01 1.537500e+02
      vertex   -3.994440e+01 4.167189e+01 1.537500e+02
      vertex   -3.982500e+01 4.335048e+01 1.537500e+02
    endloop
  endfacet
  facet normal 0.000000e+00 0.000000e+00 1.000000e+00
    outer loop
      vertex   -3.982500e+01 4.335048e+01 1.537500e+02
      vertex   -3.994440e+01 4.167189e+01 1.537500e+02
      vertex   -3.952010e+01 4.202010e+01 1.537500e+02
    endloop
  endfacet
  facet normal 0.000000e+00 0.000000e+00 1.000000e+00
    outer loop
      vertex   -3.982500e+01 4.335048e+01 1.537500e+02
      vertex   -3.952010e+01 4.202010e+01 1.537500e+02
      vertex   -3.964411e+01 4.327556e+01 1.537500e+02
    endloop
  endfacet
  facet normal 0.000000e+00 0.000000e+00 1.000000e+00
    outer loop
      vertex   -3.964411e+01 4.327556e+01 1.537500e+02
      vertex   -3.952010e+01 4.202010e+01 1.537500e+02
      vertex   -3.917188e+01 4.244440e+01 1.537500e+02
    endloop
  endfacet
  facet normal 0.000000e+00 0.000000e+00 1.000000e+00
    outer loop
      vertex   -3.964411e+01 4.327556e+01 1.537500e+02
      vertex   -3.917188e+01 4.244440e+01 1.537500e+02
      vertex   -3.945000e+01 4.325000e+01 1.537500e+02
    endloop
  endfacet
  facet normal 0.000000e+00 0.000000e+00 1.000000e+00
    outer loop
      vertex   -3.945000e+01 4.325000e+01 1.537500e+02
      vertex   -3.917188e+01 4.244440e+01 1.537500e+02
      vertex   -3.891314e+01 4.292849e+01 1.537500e+02
    endloop
  endfacet
  facet normal -0.000000e+00 0.000000e+00 1.000000e+00
    outer loop
      vertex   -3.945000e+01 4.325000e+01 1.537500e+02
      vertex   -3.891314e+01 4.292849e+01 1.537500e+02
      vertex   -3.925589e+01 4.327556e+01 1.537500e+02
    endloop
  endfacet
  facet normal -0.000000e+00 0.000000e+00 1.000000e+00
    outer loop
      vertex   -3.925589e+01 4.327556e+01 1.537500e+02
      vertex   -3.891314e+01 4.292849e+01 1.537500e+02
      vertex   -3.907500e+01 4.335048e+01 1.537500e+02
    endloop
  endfacet
  facet normal -0.000000e+00 0.000000e+00 1.000000e+00
    outer loop
      vertex   -3.907500e+01 4.335048e+01 1.537500e+02
      vertex   -3.891314e+01 4.292849e+01 1.537500e+02
      vertex   -3.891967e+01 4.346967e+01 1.537500e+02
    endloop
  endfacet
  facet normal 0.000000e+00 0.000000e+00 1.000000e+00
    outer loop
      vertex   -3.891967e+01 4.346967e+01 1.537500e+02
      vertex   -3.891314e+01 4.292849e+01 1.537500e+02
      vertex   -3.875380e+01 4.345375e+01 1.537500e+02
    endloop
  endfacet
  facet normal -0.000000e+00 0.000000e+00 1.000000e+00
    outer loop
      vertex   -3.891967e+01 4.346967e+01 1.537500e+02
      vertex   -3.875380e+01 4.345375e+01 1.537500e+02
      vertex   -3.880048e+01 4.362500e+01 1.537500e+02
    endloop
  endfacet
  facet normal -0.000000e+00 0.000000e+00 1.000000e+00
    outer loop
      vertex   -3.880048e+01 4.362500e+01 1.537500e+02
      vertex   -3.875380e+01 4.345375e+01 1.537500e+02
      vertex   -3.872555e+01 4.380589e+01 1.537500e+02
    endloop
  endfacet
  facet normal -0.000000e+00 0.000000e+00 1.000000e+00
    outer loop
      vertex   -3.872555e+01 4.380589e+01 1.537500e+02
      vertex   -3.875380e+01 4.345375e+01 1.537500e+02
      vertex   -3.870000e+01 4.400000e+01 1.537500e+02
    endloop
  endfacet
  facet normal -0.000000e+00 0.000000e+00 1.000000e+00
    outer loop
      vertex   -4.290048e+01 4.362500e+01 1.537500e+02
      vertex   -4.009952e+01 4.362500e+01 1.537500e+02
      vertex   -4.282555e+01 4.380589e+01 1.537500e+02
    endloop
  endfacet
  facet normal -0.000000e+00 0.000000e+00 1.000000e+00
    outer loop
      vertex   -4.282555e+01 4.380589e+01 1.537500e+02
      vertex   -4.009952e+01 4.362500e+01 1.537500e+02
      vertex   -4.017444e+01 4.380589e+01 1.537500e+02
    endloop
  endfacet
  facet normal 0.000000e+00 0.000000e+00 1.000000e+00
    outer loop
      vertex   -4.282555e+01 4.380589e+01 1.537500e+02
      vertex   -4.017444e+01 4.380589e+01 1.537500e+02
      vertex   -4.280000e+01 4.400000e+01 1.537500e+02
    endloop
  endfacet
  facet normal -0.000000e+00 0.000000e+00 1.000000e+00
    outer loop
      vertex   -4.280000e+01 4.400000e+01 1.537500e+02
      vertex   -4.017444e+01 4.380589e+01 1.537500e+02
      vertex   -4.020000e+01 4.400000e+01 1.537500e+02
    endloop
  endfacet
  facet normal 0.000000e+00 -0.000000e+00 1.000000e+00
    outer loop
      vertex   -4.280000e+01 4.400000e+01 1.537500e+02
      vertex   -4.020000e+01 4.400000e+01 1.537500e+02
      vertex   -4.282555e+01 4.419411e+01 1.537500e+02
    endloop
  endfacet
  facet normal -0.000000e+00 0.000000e+00 1.000000e+00
    outer loop
      vertex   -4.282555e+01 4.419411e+01 1.537500e+02
      vertex   -4.020000e+01 4.400000e+01 1.537500e+02
      vertex   -4.017444e+01 4.419411e+01 1.537500e+02
    endloop
  endfacet
  facet normal 0.000000e+00 -0.000000e+00 1.000000e+00
    outer loop
      vertex   -4.282555e+01 4.419411e+01 1.537500e+02
      vertex   -4.017444e+01 4.419411e+01 1.537500e+02
      vertex   -4.290048e+01 4.437500e+01 1.537500e+02
    endloop
  endfacet
  facet normal 0.000000e+00 0.000000e+00 1.000000e+00
    outer loop
      vertex   -4.290048e+01 4.437500e+01 1.537500e+02
      vertex   -4.017444e+01 4.419411e+01 1.537500e+02
      vertex   -4.009952e+01 4.437500e+01 1.537500e+02
    endloop
  endfacet
  facet normal -0.000000e+00 0.000000e+00 1.000000e+00
    outer loop
      vertex   -4.290048e+01 4.437500e+01 1.537500e+02
      vertex   -4.009952e+01 4.437500e+01 1.537500e+02
      vertex   -4.150000e+01 4.680000e+01 1.537500e+02
    endloop
  endfacet
  facet normal 0.000000e+00 0.000000e+00 1.000000e+00
    outer loop
      vertex   -4.150000e+01 4.680000e+01 1.537500e+02
      vertex   -4.009952e+01 4.437500e+01 1.537500e+02
      vertex   -4.095375e+01 4.674620e+01 1.537500e+02
    endloop
  endfacet
  facet normal 0.000000e+00 0.000000e+00 1.000000e+00
    outer loop
      vertex   -4.095375e+01 4.674620e+01 1.537500e+02
      vertex   -4.009952e+01 4.437500e+01 1.537500e+02
      vertex   -3.998033e+01 4.453033e+01 1.537500e+02
    endloop
  endfacet
  facet normal 0.000000e+00 0.000000e+00 1.000000e+00
    outer loop
      vertex   -4.095375e+01 4.674620e+01 1.537500e+02
      vertex   -3.998033e+01 4.453033e+01 1.537500e+02
      vertex   -4.042849e+01 4.658686e+01 1.537500e+02
    endloop
  endfacet
  facet normal 0.000000e+00 0.000000e+00 1.000000e+00
    outer loop
      vertex   -4.042849e+01 4.658686e+01 1.537500e+02
      vertex   -3.998033e+01 4.453033e+01 1.537500e+02
      vertex   -3.994440e+01 4.632812e+01 1.537500e+02
    endloop
  endfacet
  facet normal 0.000000e+00 0.000000e+00 1.000000e+00
    outer loop
      vertex   -3.994440e+01 4.632812e+01 1.537500e+02
      vertex   -3.998033e+01 4.453033e+01 1.537500e+02
      vertex   -3.982500e+01 4.464952e+01 1.537500e+02
    endloop
  endfacet
  facet normal 0.000000e+00 0.000000e+00 1.000000e+00
    outer loop
      vertex   -3.994440e+01 4.632812e+01 1.537500e+02
      vertex   -3.982500e+01 4.464952e+01 1.537500e+02
      vertex   -3.952010e+01 4.597990e+01 1.537500e+02
    endloop
  endfacet
  facet normal 0.000000e+00 0.000000e+00 1.000000e+00
    outer loop
      vertex   -3.952010e+01 4.597990e+01 1.537500e+02
      vertex   -3.982500e+01 4.464952e+01 1.537500e+02
      vertex   -3.964411e+01 4.472444e+01 1.537500e+02
    endloop
  endfacet
  facet normal 0.000000e+00 0.000000e+00 1.000000e+00
    outer loop
      vertex   -3.952010e+01 4.597990e+01 1.537500e+02
      vertex   -3.964411e+01 4.472444e+01 1.537500e+02
      vertex   -3.917188e+01 4.555560e+01 1.537500e+02
    endloop
  endfacet
  facet normal 0.000000e+00 0.000000e+00 1.000000e+00
    outer loop
      vertex   -3.917188e+01 4.555560e+01 1.537500e+02
      vertex   -3.964411e+01 4.472444e+01 1.537500e+02
      vertex   -3.945000e+01 4.475000e+01 1.537500e+02
    endloop
  endfacet
  facet normal 0.000000e+00 0.000000e+00 1.000000e+00
    outer loop
      vertex   -3.917188e+01 4.555560e+01 1.537500e+02
      vertex   -3.945000e+01 4.475000e+01 1.537500e+02
      vertex   -3.891314e+01 4.507151e+01 1.537500e+02
    endloop
  endfacet
  facet normal 0.000000e+00 0.000000e+00 1.000000e+00
    outer loop
      vertex   -3.891314e+01 4.507151e+01 1.537500e+02
      vertex   -3.945000e+01 4.475000e+01 1.537500e+02
      vertex   -3.925589e+01 4.472444e+01 1.537500e+02
    endloop
  endfacet
  facet normal 0.000000e+00 0.000000e+00 1.000000e+00
    outer loop
      vertex   -3.891314e+01 4.507151e+01 1.537500e+02
      vertex   -3.925589e+01 4.472444e+01 1.537500e+02
      vertex   -3.907500e+01 4.464952e+01 1.537500e+02
    endloop
  endfacet
  facet normal -0.000000e+00 0.000000e+00 1.000000e+00
    outer loop
      vertex   -3.907500e+01 4.464952e+01 1.537500e+02
      vertex   -3.891967e+01 4.453033e+01 1.537500e+02
      vertex   -3.891314e+01 4.507151e+01 1.537500e+02
    endloop
  endfacet
  facet normal 0.000000e+00 0.000000e+00 1.000000e+00
    outer loop
      vertex   -3.891314e+01 4.507151e+01 1.537500e+02
      vertex   -3.891967e+01 4.453033e+01 1.537500e+02
      vertex   -3.875380e+01 4.454625e+01 1.537500e+02
    endloop
  endfacet
  facet normal 0.000000e+00 0.000000e+00 1.000000e+00
    outer loop
      vertex   -3.875380e+01 4.454625e+01 1.537500e+02
      vertex   -3.891967e+01 4.453033e+01 1.537500e+02
      vertex   -3.880048e+01 4.437500e+01 1.537500e+02
    endloop
  endfacet
  facet normal 0.000000e+00 0.000000e+00 1.000000e+00
    outer loop
      vertex   -3.875380e+01 4.454625e+01 1.537500e+02
      vertex   -3.880048e+01 4.437500e+01 1.537500e+02
      vertex   -3.872555e+01 4.419411e+01 1.537500e+02
    endloop
  endfacet
  facet normal -0.000000e+00 -0.000000e+00 1.000000e+00
    outer loop
      vertex   -3.872555e+01 4.419411e+01 1.537500e+02
      vertex   -3.870000e+01 4.400000e+01 1.537500e+02
      vertex   -3.875380e+01 4.454625e+01 1.537500e+02
    endloop
  endfacet
  facet normal 0.000000e+00 0.000000e+00 1.000000e+00
    outer loop
      vertex   -4.150000e+01 4.680000e+01 1.537500e+02
      vertex   -4.204625e+01 4.674620e+01 1.537500e+02
      vertex   -4.290048e+01 4.437500e+01 1.537500e+02
    endloop
  endfacet
  facet normal 0.000000e+00 -0.000000e+00 1.000000e+00
    outer loop
      vertex   -4.290048e+01 4.437500e+01 1.537500e+02
      vertex   -4.204625e+01 4.674620e+01 1.537500e+02
      vertex   -4.301967e+01 4.453033e+01 1.537500e+02
    endloop
  endfacet
  facet normal 0.000000e+00 0.000000e+00 1.000000e+00
    outer loop
      vertex   -4.301967e+01 4.453033e+01 1.537500e+02
      vertex   -4.204625e+01 4.674620e+01 1.537500e+02
      vertex   -4.257151e+01 4.658686e+01 1.537500e+02
    endloop
  endfacet
  facet normal 0.000000e+00 -0.000000e+00 1.000000e+00
    outer loop
      vertex   -4.301967e+01 4.453033e+01 1.537500e+02
      vertex   -4.257151e+01 4.658686e+01 1.537500e+02
      vertex   -4.305560e+01 4.632812e+01 1.537500e+02
    endloop
  endfacet
  facet normal 0.000000e+00 0.000000e+00 1.000000e+00
    outer loop
      vertex   -4.301967e+01 4.453033e+01 1.537500e+02
      vertex   -4.305560e+01 4.632812e+01 1.537500e+02
      vertex   -4.317500e+01 4.464952e+01 1.537500e+02
    endloop
  endfacet
  facet normal 0.000000e+00 -0.000000e+00 1.000000e+00
    outer loop
      vertex   -4.317500e+01 4.464952e+01 1.537500e+02
      vertex   -4.305560e+01 4.632812e+01 1.537500e+02
      vertex   -4.347990e+01 4.597990e+01 1.537500e+02
    endloop
  endfacet
  facet normal 0.000000e+00 0.000000e+00 1.000000e+00
    outer loop
      vertex   -4.317500e+01 4.464952e+01 1.537500e+02
      vertex   -4.347990e+01 4.597990e+01 1.537500e+02
      vertex   -4.335589e+01 4.472444e+01 1.537500e+02
    endloop
  endfacet
  facet normal 0.000000e+00 0.000000e+00 1.000000e+00
    outer loop
      vertex   -4.335589e+01 4.472444e+01 1.537500e+02
      vertex   -4.347990e+01 4.597990e+01 1.537500e+02
      vertex   -4.382811e+01 4.555560e+01 1.537500e+02
    endloop
  endfacet
  facet normal 0.000000e+00 0.000000e+00 1.000000e+00
    outer loop
      vertex   -4.335589e+01 4.472444e+01 1.537500e+02
      vertex   -4.382811e+01 4.555560e+01 1.537500e+02
      vertex   -4.355000e+01 4.475000e+01 1.537500e+02
    endloop
  endfacet
  facet normal 0.000000e+00 0.000000e+00 1.000000e+00
    outer loop
      vertex   -4.355000e+01 4.475000e+01 1.537500e+02
      vertex   -4.382811e+01 4.555560e+01 1.537500e+02
      vertex   -4.408686e+01 4.507151e+01 1.537500e+02
    endloop
  endfacet
  facet normal 0.000000e+00 0.000000e+00 1.000000e+00
    outer loop
      vertex   -4.355000e+01 4.475000e+01 1.537500e+02
      vertex   -4.408686e+01 4.507151e+01 1.537500e+02
      vertex   -4.374411e+01 4.472444e+01 1.537500e+02
    endloop
  endfacet
  facet normal 0.000000e+00 0.000000e+00 1.000000e+00
    outer loop
      vertex   -4.374411e+01 4.472444e+01 1.537500e+02
      vertex   -4.408686e+01 4.507151e+01 1.537500e+02
      vertex   -4.392500e+01 4.464952e+01 1.537500e+02
    endloop
  endfacet
  facet normal 0.000000e+00 0.000000e+00 1.000000e+00
    outer loop
      vertex   -4.392500e+01 4.464952e+01 1.537500e+02
      vertex   -4.408686e+01 4.507151e+01 1.537500e+02
      vertex   -4.408033e+01 4.453033e+01 1.537500e+02
    endloop
  endfacet
  facet normal 0.000000e+00 0.000000e+00 1.000000e+00
    outer loop
      vertex   -4.408033e+01 4.453033e+01 1.537500e+02
      vertex   -4.408686e+01 4.507151e+01 1.537500e+02
      vertex   -4.424620e+01 4.454625e+01 1.537500e+02
    endloop
  endfacet
  facet normal 0.000000e+00 0.000000e+00 1.000000e+00
    outer loop
      vertex   -4.408033e+01 4.453033e+01 1.537500e+02
      vertex   -4.424620e+01 4.454625e+01 1.537500e+02
      vertex   -4.419952e+01 4.437500e+01 1.537500e+02
    endloop
  endfacet
  facet normal 0.000000e+00 0.000000e+00 1.000000e+00
    outer loop
      vertex   -4.419952e+01 4.437500e+01 1.537500e+02
      vertex   -4.424620e+01 4.454625e+01 1.537500e+02
      vertex   -4.427444e+01 4.419411e+01 1.537500e+02
    endloop
  endfacet
  facet normal 0.000000e+00 -0.000000e+00 1.000000e+00
    outer loop
      vertex   -4.427444e+01 4.419411e+01 1.537500e+02
      vertex   -4.424620e+01 4.454625e+01 1.537500e+02
      vertex   -4.430000e+01 4.400000e+01 1.537500e+02
    endloop
  endfacet
  facet normal -9.951847e-01 9.801714e-02 0.000000e+00
    outer loop
      vertex   -3.875380e+01 4.345375e+01 1.537500e+02
      vertex   -3.875380e+01 4.345375e+01 1.557500e+02
      vertex   -3.870000e+01 4.400000e+01 1.537500e+02
    endloop
  endfacet
  facet normal -9.951847e-01 9.801714e-02 0.000000e+00
    outer loop
      vertex   -3.870000e+01 4.400000e+01 1.537500e+02
      vertex   -3.875380e+01 4.345375e+01 1.557500e+02
      vertex   -3.870000e+01 4.400000e+01 1.557500e+02
    endloop
  endfacet
  facet normal -9.951847e-01 -9.801714e-02 0.000000e+00
    outer loop
      vertex   -3.870000e+01 4.400000e+01 1.537500e+02
      vertex   -3.870000e+01 4.400000e+01 1.557500e+02
      vertex   -3.875380e+01 4.454625e+01 1.537500e+02
    endloop
  endfacet
  facet normal -9.951847e-01 -9.801714e-02 0.000000e+00
    outer loop
      vertex   -3.875380e+01 4.454625e+01 1.537500e+02
      vertex   -3.870000e+01 4.400000e+01 1.557500e+02
      vertex   -3.875380e+01 4.454625e+01 1.557500e+02
    endloop
  endfacet
  facet normal -9.569403e-01 -2.902847e-01 0.000000e+00
    outer loop
      vertex   -3.875380e+01 4.454625e+01 1.537500e+02
      vertex   -3.875380e+01 4.454625e+01 1.557500e+02
      vertex   -3.891314e+01 4.507151e+01 1.537500e+02
    endloop
  endfacet
  facet normal -9.569403e-01 -2.902847e-01 0.000000e+00
    outer loop
      vertex   -3.891314e+01 4.507151e+01 1.537500e+02
      vertex   -3.875380e+01 4.454625e+01 1.557500e+02
      vertex   -3.891314e+01 4.507151e+01 1.557500e+02
    endloop
  endfacet
  facet normal -8.819213e-01 -4.713967e-01 0.000000e+00
    outer loop
      vertex   -3.891314e+01 4.507151e+01 1.537500e+02
      vertex   -3.891314e+01 4.507151e+01 1.557500e+02
      vertex   -3.917188e+01 4.555560e+01 1.537500e+02
    endloop
  endfacet
  facet normal -8.819213e-01 -4.713967e-01 0.000000e+00
    outer loop
      vertex   -3.917188e+01 4.555560e+01 1.537500e+02
      vertex   -3.891314e+01 4.507151e+01 1.557500e+02
      vertex   -3.917188e+01 4.555560e+01 1.557500e+02
    endloop
  endfacet
  facet normal -7.730105e-01 -6.343933e-01 0.000000e+00
    outer loop
      vertex   -3.917188e+01 4.555560e+01 1.537500e+02
      vertex   -3.917188e+01 4.555560e+01 1.557500e+02
      vertex   -3.952010e+01 4.597990e+01 1.537500e+02
    endloop
  endfacet
  facet normal -7.730105e-01 -6.343933e-01 0.000000e+00
    outer loop
      vertex   -3.952010e+01 4.597990e+01 1.537500e+02
      vertex   -3.917188e+01 4.555560e+01 1.557500e+02
      vertex   -3.952010e+01 4.597990e+01 1.557500e+02
    endloop
  endfacet
  facet normal -6.343933e-01 -7.730105e-01 0.000000e+00
    outer loop
      vertex   -3.952010e+01 4.597990e+01 1.537500e+02
      vertex   -3.952010e+01 4.597990e+01 1.557500e+02
      vertex   -3.994440e+01 4.632812e+01 1.537500e+02
    endloop
  endfacet
  facet normal -6.343933e-01 -7.730105e-01 0.000000e+00
    outer loop
      vertex   -3.994440e+01 4.632812e+01 1.537500e+02
      vertex   -3.952010e+01 4.597990e+01 1.557500e+02
      vertex   -3.994440e+01 4.632812e+01 1.557500e+02
    endloop
  endfacet
  facet normal -4.713967e-01 -8.819213e-01 0.000000e+00
    outer loop
      vertex   -3.994440e+01 4.632812e+01 1.537500e+02
      vertex   -3.994440e+01 4.632812e+01 1.557500e+02
      vertex   -4.042849e+01 4.658686e+01 1.537500e+02
    endloop
  endfacet
  facet normal -4.713967e-01 -8.819213e-01 0.000000e+00
    outer loop
      vertex   -4.042849e+01 4.658686e+01 1.537500e+02
      vertex   -3.994440e+01 4.632812e+01 1.557500e+02
      vertex   -4.042849e+01 4.658686e+01 1.557500e+02
    endloop
  endfacet
  facet normal -2.902847e-01 -9.569403e-01 0.000000e+00
    outer loop
      vertex   -4.042849e+01 4.658686e+01 1.537500e+02
      vertex   -4.042849e+01 4.658686e+01 1.557500e+02
      vertex   -4.095375e+01 4.674620e+01 1.537500e+02
    endloop
  endfacet
  facet normal -2.902847e-01 -9.569403e-01 0.000000e+00
    outer loop
      vertex   -4.095375e+01 4.674620e+01 1.537500e+02
      vertex   -4.042849e+01 4.658686e+01 1.557500e+02
      vertex   -4.095375e+01 4.674620e+01 1.557500e+02
    endloop
  endfacet
  facet normal -9.801714e-02 -9.951847e-01 0.000000e+00
    outer loop
      vertex   -4.095375e+01 4.674620e+01 1.537500e+02
      vertex   -4.095375e+01 4.674620e+01 1.557500e+02
      vertex   -4.150000e+01 4.680000e+01 1.537500e+02
    endloop
  endfacet
  facet normal -9.801714e-02 -9.951847e-01 0.000000e+00
    outer loop
      vertex   -4.150000e+01 4.680000e+01 1.537500e+02
      vertex   -4.095375e+01 4.674620e+01 1.557500e+02
      vertex   -4.150000e+01 4.680000e+01 1.557500e+02
    endloop
  endfacet
  facet normal 9.801714e-02 -9.951847e-01 0.000000e+00
    outer loop
      vertex   -4.150000e+01 4.680000e+01 1.537500e+02
      vertex   -4.150000e+01 4.680000e+01 1.557500e+02
      vertex   -4.204625e+01 4.674620e+01 1.537500e+02
    endloop
  endfacet
  facet normal 9.801714e-02 -9.951847e-01 0.000000e+00
    outer loop
      vertex   -4.204625e+01 4.674620e+01 1.537500e+02
      vertex   -4.150000e+01 4.680000e+01 1.557500e+02
      vertex   -4.204625e+01 4.674620e+01 1.557500e+02
    endloop
  endfacet
  facet normal 2.902847e-01 -9.569403e-01 0.000000e+00
    outer loop
      vertex   -4.204625e+01 4.674620e+01 1.537500e+02
      vertex   -4.204625e+01 4.674620e+01 1.557500e+02
      vertex   -4.257151e+01 4.658686e+01 1.537500e+02
    endloop
  endfacet
  facet normal 2.902847e-01 -9.569403e-01 0.000000e+00
    outer loop
      vertex   -4.257151e+01 4.658686e+01 1.537500e+02
      vertex   -4.204625e+01 4.674620e+01 1.557500e+02
      vertex   -4.257151e+01 4.658686e+01 1.557500e+02
    endloop
  endfacet
  facet normal 4.713967e-01 -8.819213e-01 0.000000e+00
    outer loop
      vertex   -4.257151e+01 4.658686e+01 1.537500e+02
      vertex   -4.257151e+01 4.658686e+01 1.557500e+02
      vertex   -4.305560e+01 4.632812e+01 1.537500e+02
    endloop
  endfacet
  facet normal 4.713967e-01 -8.819213e-01 0.000000e+00
    outer loop
      vertex   -4.305560e+01 4.632812e+01 1.537500e+02
      vertex   -4.257151e+01 4.658686e+01 1.557500e+02
      vertex   -4.305560e+01 4.632812e+01 1.557500e+02
    endloop
  endfacet
  facet normal 6.343933e-01 -7.730105e-01 0.000000e+00
    outer loop
      vertex   -4.305560e+01 4.632812e+01 1.537500e+02
      vertex   -4.305560e+01 4.632812e+01 1.557500e+02
      vertex   -4.347990e+01 4.597990e+01 1.537500e+02
    endloop
  endfacet
  facet normal 6.343933e-01 -7.730105e-01 0.000000e+00
    outer loop
      vertex   -4.347990e+01 4.597990e+01 1.537500e+02
      vertex   -4.305560e+01 4.632812e+01 1.557500e+02
      vertex   -4.347990e+01 4.597990e+01 1.557500e+02
    endloop
  endfacet
  facet normal 7.730105e-01 -6.343933e-01 0.000000e+00
    outer loop
      vertex   -4.347990e+01 4.597990e+01 1.537500e+02
      vertex   -4.347990e+01 4.597990e+01 1.557500e+02
      vertex   -4.382811e+01 4.555560e+01 1.537500e+02
    endloop
  endfacet
  facet normal 7.730105e-01 -6.343933e-01 0.000000e+00
    outer loop
      vertex   -4.382811e+01 4.555560e+01 1.537500e+02
      vertex   -4.347990e+01 4.597990e+01 1.557500e+02
      vertex   -4.382811e+01 4.555560e+01 1.557500e+02
    endloop
  endfacet
  facet normal 8.819213e-01 -4.713967e-01 0.000000e+00
    outer loop
      vertex   -4.382811e+01 4.555560e+01 1.537500e+02
      vertex   -4.382811e+01 4.555560e+01 1.557500e+02
      vertex   -4.408686e+01 4.507151e+01 1.537500e+02
    endloop
  endfacet
  facet normal 8.819213e-01 -4.713967e-01 0.000000e+00
    outer loop
      vertex   -4.408686e+01 4.507151e+01 1.537500e+02
      vertex   -4.382811e+01 4.555560e+01 1.557500e+02
      vertex   -4.408686e+01 4.507151e+01 1.557500e+02
    endloop
  endfacet
  facet normal 9.569403e-01 -2.902847e-01 0.000000e+00
    outer loop
      vertex   -4.408686e+01 4.507151e+01 1.537500e+02
      vertex   -4.408686e+01 4.507151e+01 1.557500e+02
      vertex   -4.424620e+01 4.454625e+01 1.537500e+02
    endloop
  endfacet
  facet normal 9.569403e-01 -2.902847e-01 0.000000e+00
    outer loop
      vertex   -4.424620e+01 4.454625e+01 1.537500e+02
      vertex   -4.408686e+01 4.507151e+01 1.557500e+02
      vertex   -4.424620e+01 4.454625e+01 1.557500e+02
    endloop
  endfacet
  facet normal 9.951847e-01 -9.801714e-02 0.000000e+00
    outer loop
      vertex   -4.424620e+01 4.454625e+01 1.537500e+02
      vertex   -4.424620e+01 4.454625e+01 1.557500e+02
      vertex   -4.430000e+01 4.400000e+01 1.537500e+02
    endloop
  endfacet
  facet normal 9.951847e-01 -9.801714e-02 0.000000e+00
    outer loop
      vertex   -4.430000e+01 4.400000e+01 1.537500e+02
      vertex   -4.424620e+01 4.454625e+01 1.557500e+02
      vertex   -4.430000e+01 4.400000e+01 1.557500e+02
    endloop
  endfacet
  facet normal 9.951847e-01 9.801714e-02 -0.000000e+00
    outer loop
      vertex   -4.430000e+01 4.400000e+01 1.537500e+02
      vertex   -4.430000e+01 4.400000e+01 1.557500e+02
      vertex   -4.424620e+01 4.345375e+01 1.537500e+02
    endloop
  endfacet
  facet normal 9.951847e-01 9.801714e-02 -0.000000e+00
    outer loop
      vertex   -4.424620e+01 4.345375e+01 1.537500e+02
      vertex   -4.430000e+01 4.400000e+01 1.557500e+02
      vertex   -4.424620e+01 4.345375e+01 1.557500e+02
    endloop
  endfacet
  facet normal 9.569403e-01 2.902847e-01 -0.000000e+00
    outer loop
      vertex   -4.424620e+01 4.345375e+01 1.537500e+02
      vertex   -4.424620e+01 4.345375e+01 1.557500e+02
      vertex   -4.408686e+01 4.292849e+01 1.537500e+02
    endloop
  endfacet
  facet normal 9.569403e-01 2.902847e-01 -0.000000e+00
    outer loop
      vertex   -4.408686e+01 4.292849e+01 1.537500e+02
      vertex   -4.424620e+01 4.345375e+01 1.557500e+02
      vertex   -4.408686e+01 4.292849e+01 1.557500e+02
    endloop
  endfacet
  facet normal 8.819213e-01 4.713967e-01 -0.000000e+00
    outer loop
      vertex   -4.408686e+01 4.292849e+01 1.537500e+02
      vertex   -4.408686e+01 4.292849e+01 1.557500e+02
      vertex   -4.382811e+01 4.244440e+01 1.537500e+02
    endloop
  endfacet
  facet normal 8.819213e-01 4.713967e-01 -0.000000e+00
    outer loop
      vertex   -4.382811e+01 4.244440e+01 1.537500e+02
      vertex   -4.408686e+01 4.292849e+01 1.557500e+02
      vertex   -4.382811e+01 4.244440e+01 1.557500e+02
    endloop
  endfacet
  facet normal 7.730105e-01 6.343933e-01 -0.000000e+00
    outer loop
      vertex   -4.382811e+01 4.244440e+01 1.537500e+02
      vertex   -4.382811e+01 4.244440e+01 1.557500e+02
      vertex   -4.347990e+01 4.202010e+01 1.537500e+02
    endloop
  endfacet
  facet normal 7.730105e-01 6.343933e-01 -0.000000e+00
    outer loop
      vertex   -4.347990e+01 4.202010e+01 1.537500e+02
      vertex   -4.382811e+01 4.244440e+01 1.557500e+02
      vertex   -4.347990e+01 4.202010e+01 1.557500e+02
    endloop
  endfacet
  facet normal 6.343933e-01 7.730105e-01 -0.000000e+00
    outer loop
      vertex   -4.347990e+01 4.202010e+01 1.537500e+02
      vertex   -4.347990e+01 4.202010e+01 1.557500e+02
      vertex   -4.305560e+01 4.167189e+01 1.537500e+02
    endloop
  endfacet
  facet normal 6.343933e-01 7.730105e-01 -0.000000e+00
    outer loop
      vertex   -4.305560e+01 4.167189e+01 1.537500e+02
      vertex   -4.347990e+01 4.202010e+01 1.557500e+02
      vertex   -4.305560e+01 4.167189e+01 1.557500e+02
    endloop
  endfacet
  facet normal 4.713967e-01 8.819213e-01 -0.000000e+00
    outer loop
      vertex   -4.305560e+01 4.167189e+01 1.537500e+02
      vertex   -4.305560e+01 4.167189e+01 1.557500e+02
      vertex   -4.257151e+01 4.141314e+01 1.537500e+02
    endloop
  endfacet
  facet normal 4.713967e-01 8.819213e-01 -0.000000e+00
    outer loop
      vertex   -4.257151e+01 4.141314e+01 1.537500e+02
      vertex   -4.305560e+01 4.167189e+01 1.557500e+02
      vertex   -4.257151e+01 4.141314e+01 1.557500e+02
    endloop
  endfacet
  facet normal 2.902847e-01 9.569403e-01 -0.000000e+00
    outer loop
      vertex   -4.257151e+01 4.141314e+01 1.537500e+02
      vertex   -4.257151e+01 4.141314e+01 1.557500e+02
      vertex   -4.204625e+01 4.125380e+01 1.537500e+02
    endloop
  endfacet
  facet normal 2.902847e-01 9.569403e-01 -0.000000e+00
    outer loop
      vertex   -4.204625e+01 4.125380e+01 1.537500e+02
      vertex   -4.257151e+01 4.141314e+01 1.557500e+02
      vertex   -4.204625e+01 4.125380e+01 1.557500e+02
    endloop
  endfacet
  facet normal 9.801714e-02 9.951847e-01 -0.000000e+00
    outer loop
      vertex   -4.204625e+01 4.125380e+01 1.537500e+02
      vertex   -4.204625e+01 4.125380e+01 1.557500e+02
      vertex   -4.150000e+01 4.120000e+01 1.537500e+02
    endloop
  endfacet
  facet normal 9.801714e-02 9.951847e-01 -0.000000e+00
    outer loop
      vertex   -4.150000e+01 4.120000e+01 1.537500e+02
      vertex   -4.204625e+01 4.125380e+01 1.557500e+02
      vertex   -4.150000e+01 4.120000e+01 1.557500e+02
    endloop
  endfacet
  facet normal -9.801714e-02 9.951847e-01 0.000000e+00
    outer loop
      vertex   -4.150000e+01 4.120000e+01 1.537500e+02
      vertex   -4.150000e+01 4.120000e+01 1.557500e+02
      vertex   -4.095375e+01 4.125380e+01 1.537500e+02
    endloop
  endfacet
  facet normal -9.801714e-02 9.951847e-01 0.000000e+00
    outer loop
      vertex   -4.095375e+01 4.125380e+01 1.537500e+02
      vertex   -4.150000e+01 4.120000e+01 1.557500e+02
      vertex   -4.095375e+01 4.125380e+01 1.557500e+02
    endloop
  endfacet
  facet normal -2.902847e-01 9.569403e-01 0.000000e+00
    outer loop
      vertex   -4.095375e+01 4.125380e+01 1.537500e+02
      vertex   -4.095375e+01 4.125380e+01 1.557500e+02
      vertex   -4.042849e+01 4.141314e+01 1.537500e+02
    endloop
  endfacet
  facet normal -2.902847e-01 9.569403e-01 0.000000e+00
    outer loop
      vertex   -4.042849e+01 4.141314e+01 1.537500e+02
      vertex   -4.095375e+01 4.125380e+01 1.557500e+02
      vertex   -4.042849e+01 4.141314e+01 1.557500e+02
    endloop
  endfacet
  facet normal -4.713967e-01 8.819213e-01 0.000000e+00
    outer loop
      vertex   -4.042849e+01 4.141314e+01 1.537500e+02
      vertex   -4.042849e+01 4.141314e+01 1.557500e+02
      vertex   -3.994440e+01 4.167189e+01 1.537500e+02
    endloop
  endfacet
  facet normal -4.713967e-01 8.819213e-01 0.000000e+00
    outer loop
      vertex   -3.994440e+01 4.167189e+01 1.537500e+02
      vertex   -4.042849e+01 4.141314e+01 1.557500e+02
      vertex   -3.994440e+01 4.167189e+01 1.557500e+02
    endloop
  endfacet
  facet normal -6.343933e-01 7.730105e-01 0.000000e+00
    outer loop
      vertex   -3.994440e+01 4.167189e+01 1.537500e+02
      vertex   -3.994440e+01 4.167189e+01 1.557500e+02
      vertex   -3.952010e+01 4.202010e+01 1.537500e+02
    endloop
  endfacet
  facet normal -6.343933e-01 7.730105e-01 0.000000e+00
    outer loop
      vertex   -3.952010e+01 4.202010e+01 1.537500e+02
      vertex   -3.994440e+01 4.167189e+01 1.557500e+02
      vertex   -3.952010e+01 4.202010e+01 1.557500e+02
    endloop
  endfacet
  facet normal -7.730105e-01 6.343933e-01 0.000000e+00
    outer loop
      vertex   -3.952010e+01 4.202010e+01 1.537500e+02
      vertex   -3.952010e+01 4.202010e+01 1.557500e+02
      vertex   -3.917188e+01 4.244440e+01 1.537500e+02
    endloop
  endfacet
  facet normal -7.730105e-01 6.343933e-01 0.000000e+00
    outer loop
      vertex   -3.917188e+01 4.244440e+01 1.537500e+02
      vertex   -3.952010e+01 4.202010e+01 1.557500e+02
      vertex   -3.917188e+01 4.244440e+01 1.557500e+02
    endloop
  endfacet
  facet normal -8.819213e-01 4.713967e-01 0.000000e+00
    outer loop
      vertex   -3.917188e+01 4.244440e+01 1.537500e+02
      vertex   -3.917188e+01 4.244440e+01 1.557500e+02
      vertex   -3.891314e+01 4.292849e+01 1.537500e+02
    endloop
  endfacet
  facet normal -8.819213e-01 4.713967e-01 0.000000e+00
    outer loop
      vertex   -3.891314e+01 4.292849e+01 1.537500e+02
      vertex   -3.917188e+01 4.244440e+01 1.557500e+02
      vertex   -3.891314e+01 4.292849e+01 1.557500e+02
    endloop
  endfacet
  facet normal -9.569403e-01 2.902847e-01 0.000000e+00
    outer loop
      vertex   -3.891314e+01 4.292849e+01 1.537500e+02
      vertex   -3.891314e+01 4.292849e+01 1.557500e+02
      vertex   -3.875380e+01 4.345375e+01 1.537500e+02
    endloop
  endfacet
  facet normal -9.569403e-01 2.902847e-01 0.000000e+00
    outer loop
      vertex   -3.875380e+01 4.345375e+01 1.537500e+02
      vertex   -3.891314e+01 4.292849e+01 1.557500e+02
      vertex   -3.875380e+01 4.345375e+01 1.557500e+02
    endloop
  endfacet
  facet normal 0.000000e+00 0.000000e+00 1.000000e+00
    outer loop
      vertex   -4.950000e+01 3.320000e+01 1.537500e+02
      vertex   -4.895375e+01 3.325380e+01 1.537500e+02
      vertex   -4.930589e+01 3.322556e+01 1.537500e+02
    endloop
  endfacet
  facet normal 0.000000e+00 0.000000e+00 1.000000e+00
    outer loop
      vertex   -4.930589e+01 3.322556e+01 1.537500e+02
      vertex   -4.895375e+01 3.325380e+01 1.537500e+02
      vertex   -4.912500e+01 3.330048e+01 1.537500e+02
    endloop
  endfacet
  facet normal -0.000000e+00 0.000000e+00 1.000000e+00
    outer loop
      vertex   -4.912500e+01 3.330048e+01 1.537500e+02
      vertex   -4.895375e+01 3.325380e+01 1.537500e+02
      vertex   -4.896967e+01 3.341967e+01 1.537500e+02
    endloop
  endfacet
  facet normal 0.000000e+00 0.000000e+00 1.000000e+00
    outer loop
      vertex   -4.896967e+01 3.341967e+01 1.537500e+02
      vertex   -4.895375e+01 3.325380e+01 1.537500e+02
      vertex   -4.842849e+01 3.341314e+01 1.537500e+02
    endloop
  endfacet
  facet normal -0.000000e+00 0.000000e+00 1.000000e+00
    outer loop
      vertex   -4.896967e+01 3.341967e+01 1.537500e+02
      vertex   -4.842849e+01 3.341314e+01 1.537500e+02
      vertex   -4.885048e+01 3.357500e+01 1.537500e+02
    endloop
  endfacet
  facet normal -0.000000e+00 0.000000e+00 1.000000e+00
    outer loop
      vertex   -4.885048e+01 3.357500e+01 1.537500e+02
      vertex   -4.842849e+01 3.341314e+01 1.537500e+02
      vertex   -4.877556e+01 3.375589e+01 1.537500e+02
    endloop
  endfacet
  facet normal -0.000000e+00 0.000000e+00 1.000000e+00
    outer loop
      vertex   -4.877556e+01 3.375589e+01 1.537500e+02
      vertex   -4.842849e+01 3.341314e+01 1.537500e+02
      vertex   -4.875000e+01 3.395000e+01 1.537500e+02
    endloop
  endfacet
  facet normal 0.000000e+00 0.000000e+00 1.000000e+00
    outer loop
      vertex   -4.875000e+01 3.395000e+01 1.537500e+02
      vertex   -4.842849e+01 3.341314e+01 1.537500e+02
      vertex   -4.794440e+01 3.367188e+01 1.537500e+02
    endloop
  endfacet
  facet normal -0.000000e+00 -0.000000e+00 1.000000e+00
    outer loop
      vertex   -4.875000e+01 3.395000e+01 1.537500e+02
      vertex   -4.794440e+01 3.367188e+01 1.537500e+02
      vertex   -4.877556e+01 3.414411e+01 1.537500e+02
    endloop
  endfacet
  facet normal 0.000000e+00 0.000000e+00 1.000000e+00
    outer loop
      vertex   -4.877556e+01 3.414411e+01 1.537500e+02
      vertex   -4.794440e+01 3.367188e+01 1.537500e+02
      vertex   -4.752010e+01 3.402010e+01 1.537500e+02
    endloop
  endfacet
  facet normal -0.000000e+00 -0.000000e+00 1.000000e+00
    outer loop
      vertex   -4.877556e+01 3.414411e+01 1.537500e+02
      vertex   -4.752010e+01 3.402010e+01 1.537500e+02
      vertex   -4.885048e+01 3.432500e+01 1.537500e+02
    endloop
  endfacet
  facet normal -0.000000e+00 0.000000e+00 1.000000e+00
    outer loop
      vertex   -4.885048e+01 3.432500e+01 1.537500e+02
      vertex   -4.752010e+01 3.402010e+01 1.537500e+02
      vertex   -4.717189e+01 3.444440e+01 1.537500e+02
    endloop
  endfacet
  facet normal 0.000000e+00 -0.000000e+00 1.000000e+00
    outer loop
      vertex   -4.885048e+01 3.432500e+01 1.537500e+02
      vertex   -4.717189e+01 3.444440e+01 1.537500e+02
      vertex   -4.896967e+01 3.448033e+01 1.537500e+02
    endloop
  endfacet
  facet normal -0.000000e+00 0.000000e+00 1.000000e+00
    outer loop
      vertex   -4.896967e+01 3.448033e+01 1.537500e+02
      vertex   -4.717189e+01 3.444440e+01 1.537500e+02
      vertex   -4.691314e+01 3.492849e+01 1.537500e+02
    endloop
  endfacet
  facet normal 0.000000e+00 0.000000e+00 1.000000e+00
    outer loop
      vertex   -4.896967e+01 3.448033e+01 1.537500e+02
      vertex   -4.691314e+01 3.492849e+01 1.537500e+02
      vertex   -4.675380e+01 3.545375e+01 1.537500e+02
    endloop
  endfacet
  facet normal 0.000000e+00 -0.000000e+00 1.000000e+00
    outer loop
      vertex   -4.896967e+01 3.448033e+01 1.537500e+02
      vertex   -4.675380e+01 3.545375e+01 1.537500e+02
      vertex   -4.912500e+01 3.459952e+01 1.537500e+02
    endloop
  endfacet
  facet normal 0.000000e+00 0.000000e+00 1.000000e+00
    outer loop
      vertex   -4.912500e+01 3.459952e+01 1.537500e+02
      vertex   -4.675380e+01 3.545375e+01 1.537500e+02
      vertex   -4.670000e+01 3.600000e+01 1.537500e+02
    endloop
  endfacet
  facet normal 0.000000e+00 0.000000e+00 1.000000e+00
    outer loop
      vertex   -4.912500e+01 3.459952e+01 1.537500e+02
      vertex   -4.670000e+01 3.600000e+01 1.537500e+02
      vertex   -4.912500e+01 3.740048e+01 1.537500e+02
    endloop
  endfacet
  facet normal 0.000000e+00 0.000000e+00 1.000000e+00
    outer loop
      vertex   -4.912500e+01 3.740048e+01 1.537500e+02
      vertex   -4.670000e+01 3.600000e+01 1.537500e+02
      vertex   -4.675380e+01 3.654625e+01 1.537500e+02
    endloop
  endfacet
  facet normal -0.000000e+00 0.000000e+00 1.000000e+00
    outer loop
      vertex   -4.912500e+01 3.740048e+01 1.537500e+02
      vertex   -4.675380e+01 3.654625e+01 1.537500e+02
      vertex   -4.896967e+01 3.751967e+01 1.537500e+02
    endloop
  endfacet
  facet normal 0.000000e+00 0.000000e+00 1.000000e+00
    outer loop
      vertex   -4.896967e+01 3.751967e+01 1.537500e+02
      vertex   -4.675380e+01 3.654625e+01 1.537500e+02
      vertex   -4.691314e+01 3.707151e+01 1.537500e+02
    endloop
  endfacet
  facet normal -0.000000e+00 0.000000e+00 1.000000e+00
    outer loop
      vertex   -4.896967e+01 3.751967e+01 1.537500e+02
      vertex   -4.691314e+01 3.707151e+01 1.537500e+02
      vertex   -4.717189e+01 3.755560e+01 1.537500e+02
    endloop
  endfacet
  facet normal 0.000000e+00 0.000000e+00 1.000000e+00
    outer loop
      vertex   -4.896967e+01 3.751967e+01 1.537500e+02
      vertex   -4.717189e+01 3.755560e+01 1.537500e+02
      vertex   -4.885048e+01 3.767500e+01 1.537500e+02
    endloop
  endfacet
  facet normal -0.000000e+00 0.000000e+00 1.000000e+00
    outer loop
      vertex   -4.885048e+01 3.767500e+01 1.537500e+02
      vertex   -4.717189e+01 3.755560e+01 1.537500e+02
      vertex   -4.752010e+01 3.797990e+01 1.537500e+02
    endloop
  endfacet
  facet normal 0.000000e+00 0.000000e+00 1.000000e+00
    outer loop
      vertex   -4.885048e+01 3.767500e+01 1.537500e+02
      vertex   -4.752010e+01 3.797990e+01 1.537500e+02
      vertex   -4.877556e+01 3.785589e+01 1.537500e+02
    endloop
  endfacet
  facet normal 0.000000e+00 0.000000e+00 1.000000e+00
    outer loop
      vertex   -4.877556e+01 3.785589e+01 1.537500e+02
      vertex   -4.752010e+01 3.797990e+01 1.537500e+02
      vertex   -4.794440e+01 3.832811e+01 1.537500e+02
    endloop
  endfacet
  facet normal 0.000000e+00 0.000000e+00 1.000000e+00
    outer loop
      vertex   -4.877556e+01 3.785589e+01 1.537500e+02
      vertex   -4.794440e+01 3.832811e+01 1.537500e+02
      vertex   -4.875000e+01 3.805000e+01 1.537500e+02
    endloop
  endfacet
  facet normal 0.000000e+00 0.000000e+00 1.000000e+00
    outer loop
      vertex   -4.875000e+01 3.805000e+01 1.537500e+02
      vertex   -4.794440e+01 3.832811e+01 1.537500e+02
      vertex   -4.842849e+01 3.858686e+01 1.537500e+02
    endloop
  endfacet
  facet normal 0.000000e+00 -0.000000e+00 1.000000e+00
    outer loop
      vertex   -4.875000e+01 3.805000e+01 1.537500e+02
      vertex   -4.842849e+01 3.858686e+01 1.537500e+02
      vertex   -4.877556e+01 3.824411e+01 1.537500e+02
    endloop
  endfacet
  facet normal 0.000000e+00 -0.000000e+00 1.000000e+00
    outer loop
      vertex   -4.877556e+01 3.824411e+01 1.537500e+02
      vertex   -4.842849e+01 3.858686e+01 1.537500e+02
      vertex   -4.885048e+01 3.842500e+01 1.537500e+02
    endloop
  endfacet
  facet normal 0.000000e+00 -0.000000e+00 1.000000e+00
    outer loop
      vertex   -4.885048e+01 3.842500e+01 1.537500e+02
      vertex   -4.842849e+01 3.858686e+01 1.537500e+02
      vertex   -4.896967e+01 3.858033e+01 1.537500e+02
    endloop
  endfacet
  facet normal 0.000000e+00 0.000000e+00 1.000000e+00
    outer loop
      vertex   -4.896967e+01 3.858033e+01 1.537500e+02
      vertex   -4.842849e+01 3.858686e+01 1.537500e+02
      vertex   -4.895375e+01 3.874620e+01 1.537500e+02
    endloop
  endfacet
  facet normal 0.000000e+00 -0.000000e+00 1.000000e+00
    outer loop
      vertex   -4.896967e+01 3.858033e+01 1.537500e+02
      vertex   -4.895375e+01 3.874620e+01 1.537500e+02
      vertex   -4.912500e+01 3.869952e+01 1.537500e+02
    endloop
  endfacet
  facet normal 0.000000e+00 -0.000000e+00 1.000000e+00
    outer loop
      vertex   -4.912500e+01 3.869952e+01 1.537500e+02
      vertex   -4.895375e+01 3.874620e+01 1.537500e+02
      vertex   -4.930589e+01 3.877444e+01 1.537500e+02
    endloop
  endfacet
  facet normal -0.000000e+00 -0.000000e+00 1.000000e+00
    outer loop
      vertex   -4.930589e+01 3.877444e+01 1.537500e+02
      vertex   -4.895375e+01 3.874620e+01 1.537500e+02
      vertex   -4.950000e+01 3.880000e+01 1.537500e+02
    endloop
  endfacet
  facet normal 0.000000e+00 0.000000e+00 1.000000e+00
    outer loop
      vertex   -4.912500e+01 3.740048e+01 1.537500e+02
      vertex   -4.930589e+01 3.732556e+01 1.537500e+02
      vertex   -4.912500e+01 3.459952e+01 1.537500e+02
    endloop
  endfacet
  facet normal 0.000000e+00 0.000000e+00 1.000000e+00
    outer loop
      vertex   -4.912500e+01 3.459952e+01 1.537500e+02
      vertex   -4.930589e+01 3.732556e+01 1.537500e+02
      vertex   -4.930589e+01 3.467444e+01 1.537500e+02
    endloop
  endfacet
  facet normal 0.000000e+00 -0.000000e+00 1.000000e+00
    outer loop
      vertex   -4.930589e+01 3.467444e+01 1.537500e+02
      vertex   -4.930589e+01 3.732556e+01 1.537500e+02
      vertex   -4.950000e+01 3.730000e+01 1.537500e+02
    endloop
  endfacet
  facet normal 0.000000e+00 0.000000e+00 1.000000e+00
    outer loop
      vertex   -4.930589e+01 3.467444e+01 1.537500e+02
      vertex   -4.950000e+01 3.730000e+01 1.537500e+02
      vertex   -4.950000e+01 3.470000e+01 1.537500e+02
    endloop
  endfacet
  facet normal 0.000000e+00 -0.000000e+00 1.000000e+00
    outer loop
      vertex   -4.950000e+01 3.470000e+01 1.537500e+02
      vertex   -4.950000e+01 3.730000e+01 1.537500e+02
      vertex   -4.969411e+01 3.732556e+01 1.537500e+02
    endloop
  endfacet
  facet normal 0.000000e+00 0.000000e+00 1.000000e+00
    outer loop
      vertex   -4.950000e+01 3.470000e+01 1.537500e+02
      vertex   -4.969411e+01 3.732556e+01 1.537500e+02
      vertex   -4.969411e+01 3.467444e+01 1.537500e+02
    endloop
  endfacet
  facet normal 0.000000e+00 -0.000000e+00 1.000000e+00
    outer loop
      vertex   -4.969411e+01 3.467444e+01 1.537500e+02
      vertex   -4.969411e+01 3.732556e+01 1.537500e+02
      vertex   -4.987500e+01 3.740048e+01 1.537500e+02
    endloop
  endfacet
  facet normal 0.000000e+00 0.000000e+00 1.000000e+00
    outer loop
      vertex   -4.969411e+01 3.467444e+01 1.537500e+02
      vertex   -4.987500e+01 3.740048e+01 1.537500e+02
      vertex   -4.987500e+01 3.459952e+01 1.537500e+02
    endloop
  endfacet
  facet normal 0.000000e+00 -0.000000e+00 1.000000e+00
    outer loop
      vertex   -4.987500e+01 3.459952e+01 1.537500e+02
      vertex   -4.987500e+01 3.740048e+01 1.537500e+02
      vertex   -5.230000e+01 3.600000e+01 1.537500e+02
    endloop
  endfacet
  facet normal 0.000000e+00 0.000000e+00 1.000000e+00
    outer loop
      vertex   -4.987500e+01 3.459952e+01 1.537500e+02
      vertex   -5.230000e+01 3.600000e+01 1.537500e+02
      vertex   -5.224620e+01 3.545375e+01 1.537500e+02
    endloop
  endfacet
  facet normal 0.000000e+00 0.000000e+00 1.000000e+00
    outer loop
      vertex   -5.230000e+01 3.600000e+01 1.537500e+02
      vertex   -4.987500e+01 3.740048e+01 1.537500e+02
      vertex   -5.224620e+01 3.654625e+01 1.537500e+02
    endloop
  endfacet
  facet normal 0.000000e+00 0.000000e+00 1.000000e+00
    outer loop
      vertex   -5.224620e+01 3.654625e+01 1.537500e+02
      vertex   -4.987500e+01 3.740048e+01 1.537500e+02
      vertex   -5.003033e+01 3.751967e+01 1.537500e+02
    endloop
  endfacet
  facet normal 0.000000e+00 0.000000e+00 1.000000e+00
    outer loop
      vertex   -5.224620e+01 3.654625e+01 1.537500e+02
      vertex   -5.003033e+01 3.751967e+01 1.537500e+02
      vertex   -5.208686e+01 3.707151e+01 1.537500e+02
    endloop
  endfacet
  facet normal 0.000000e+00 0.000000e+00 1.000000e+00
    outer loop
      vertex   -5.208686e+01 3.707151e+01 1.537500e+02
      vertex   -5.003033e+01 3.751967e+01 1.537500e+02
      vertex   -5.182811e+01 3.755560e+01 1.537500e+02
    endloop
  endfacet
  facet normal -0.000000e+00 0.000000e+00 1.000000e+00
    outer loop
      vertex   -5.182811e+01 3.755560e+01 1.537500e+02
      vertex   -5.003033e+01 3.751967e+01 1.537500e+02
      vertex   -5.014952e+01 3.767500e+01 1.537500e+02
    endloop
  endfacet
  facet normal 0.000000e+00 0.000000e+00 1.000000e+00
    outer loop
      vertex   -5.182811e+01 3.755560e+01 1.537500e+02
      vertex   -5.014952e+01 3.767500e+01 1.537500e+02
      vertex   -5.147990e+01 3.797990e+01 1.537500e+02
    endloop
  endfacet
  facet normal 0.000000e+00 0.000000e+00 1.000000e+00
    outer loop
      vertex   -5.147990e+01 3.797990e+01 1.537500e+02
      vertex   -5.014952e+01 3.767500e+01 1.537500e+02
      vertex   -5.022444e+01 3.785589e+01 1.537500e+02
    endloop
  endfacet
  facet normal -0.000000e+00 0.000000e+00 1.000000e+00
    outer loop
      vertex   -5.147990e+01 3.797990e+01 1.537500e+02
      vertex   -5.022444e+01 3.785589e+01 1.537500e+02
      vertex   -5.105560e+01 3.832811e+01 1.537500e+02
    endloop
  endfacet
  facet normal 0.000000e+00 0.000000e+00 1.000000e+00
    outer loop
      vertex   -5.105560e+01 3.832811e+01 1.537500e+02
      vertex   -5.022444e+01 3.785589e+01 1.537500e+02
      vertex   -5.025000e+01 3.805000e+01 1.537500e+02
    endloop
  endfacet
  facet normal -0.000000e+00 0.000000e+00 1.000000e+00
    outer loop
      vertex   -5.105560e+01 3.832811e+01 1.537500e+02
      vertex   -5.025000e+01 3.805000e+01 1.537500e+02
      vertex   -5.057151e+01 3.858686e+01 1.537500e+02
    endloop
  endfacet
  facet normal 0.000000e+00 0.000000e+00 1.000000e+00
    outer loop
      vertex   -5.057151e+01 3.858686e+01 1.537500e+02
      vertex   -5.025000e+01 3.805000e+01 1.537500e+02
      vertex   -5.022444e+01 3.824411e+01 1.537500e+02
    endloop
  endfacet
  facet normal 0.000000e+00 0.000000e+00 1.000000e+00
    outer loop
      vertex   -5.057151e+01 3.858686e+01 1.537500e+02
      vertex   -5.022444e+01 3.824411e+01 1.537500e+02
      vertex   -5.014952e+01 3.842500e+01 1.537500e+02
    endloop
  endfacet
  facet normal 0.000000e+00 -0.000000e+00 1.000000e+00
    outer loop
      vertex   -5.014952e+01 3.842500e+01 1.537500e+02
      vertex   -5.003033e+01 3.858033e+01 1.537500e+02
      vertex   -5.057151e+01 3.858686e+01 1.537500e+02
    endloop
  endfacet
  facet normal -0.000000e+00 0.000000e+00 1.000000e+00
    outer loop
      vertex   -5.057151e+01 3.858686e+01 1.537500e+02
      vertex   -5.003033e+01 3.858033e+01 1.537500e+02
      vertex   -5.004625e+01 3.874620e+01 1.537500e+02
    endloop
  endfacet
  facet normal 0.000000e+00 0.000000e+00 1.000000e+00
    outer loop
      vertex   -5.004625e+01 3.874620e+01 1.537500e+02
      vertex   -5.003033e+01 3.858033e+01 1.537500e+02
      vertex   -4.987500e+01 3.869952e+01 1.537500e+02
    endloop
  endfacet
  facet normal -0.000000e+00 0.000000e+00 1.000000e+00
    outer loop
      vertex   -5.004625e+01 3.874620e+01 1.537500e+02
      vertex   -4.987500e+01 3.869952e+01 1.537500e+02
      vertex   -4.969411e+01 3.877444e+01 1.537500e+02
    endloop
  endfacet
  facet normal 0.000000e+00 -0.000000e+00 1.000000e+00
    outer loop
      vertex   -4.969411e+01 3.877444e+01 1.537500e+02
      vertex   -4.950000e+01 3.880000e+01 1.537500e+02
      vertex   -5.004625e+01 3.874620e+01 1.537500e+02
    endloop
  endfacet
  facet normal 0.000000e+00 0.000000e+00 1.000000e+00
    outer loop
      vertex   -4.987500e+01 3.459952e+01 1.537500e+02
      vertex   -5.224620e+01 3.545375e+01 1.537500e+02
      vertex   -5.003033e+01 3.448033e+01 1.537500e+02
    endloop
  endfacet
  facet normal 0.000000e+00 0.000000e+00 1.000000e+00
    outer loop
      vertex   -5.003033e+01 3.448033e+01 1.537500e+02
      vertex   -5.224620e+01 3.545375e+01 1.537500e+02
      vertex   -5.208686e+01 3.492849e+01 1.537500e+02
    endloop
  endfacet
  facet normal 0.000000e+00 0.000000e+00 1.000000e+00
    outer loop
      vertex   -5.003033e+01 3.448033e+01 1.537500e+02
      vertex   -5.208686e+01 3.492849e+01 1.537500e+02
      vertex   -5.182811e+01 3.444440e+01 1.537500e+02
    endloop
  endfacet
  facet normal 0.000000e+00 0.000000e+00 1.000000e+00
    outer loop
      vertex   -5.003033e+01 3.448033e+01 1.537500e+02
      vertex   -5.182811e+01 3.444440e+01 1.537500e+02
      vertex   -5.014952e+01 3.432500e+01 1.537500e+02
    endloop
  endfacet
  facet normal 0.000000e+00 0.000000e+00 1.000000e+00
    outer loop
      vertex   -5.014952e+01 3.432500e+01 1.537500e+02
      vertex   -5.182811e+01 3.444440e+01 1.537500e+02
      vertex   -5.147990e+01 3.402010e+01 1.537500e+02
    endloop
  endfacet
  facet normal 0.000000e+00 0.000000e+00 1.000000e+00
    outer loop
      vertex   -5.014952e+01 3.432500e+01 1.537500e+02
      vertex   -5.147990e+01 3.402010e+01 1.537500e+02
      vertex   -5.022444e+01 3.414411e+01 1.537500e+02
    endloop
  endfacet
  facet normal 0.000000e+00 0.000000e+00 1.000000e+00
    outer loop
      vertex   -5.022444e+01 3.414411e+01 1.537500e+02
      vertex   -5.147990e+01 3.402010e+01 1.537500e+02
      vertex   -5.105560e+01 3.367188e+01 1.537500e+02
    endloop
  endfacet
  facet normal 0.000000e+00 0.000000e+00 1.000000e+00
    outer loop
      vertex   -5.022444e+01 3.414411e+01 1.537500e+02
      vertex   -5.105560e+01 3.367188e+01 1.537500e+02
      vertex   -5.025000e+01 3.395000e+01 1.537500e+02
    endloop
  endfacet
  facet normal 0.000000e+00 0.000000e+00 1.000000e+00
    outer loop
      vertex   -5.025000e+01 3.395000e+01 1.537500e+02
      vertex   -5.105560e+01 3.367188e+01 1.537500e+02
      vertex   -5.057151e+01 3.341314e+01 1.537500e+02
    endloop
  endfacet
  facet normal 0.000000e+00 0.000000e+00 1.000000e+00
    outer loop
      vertex   -5.025000e+01 3.395000e+01 1.537500e+02
      vertex   -5.057151e+01 3.341314e+01 1.537500e+02
      vertex   -5.022444e+01 3.375589e+01 1.537500e+02
    endloop
  endfacet
  facet normal 0.000000e+00 0.000000e+00 1.000000e+00
    outer loop
      vertex   -5.022444e+01 3.375589e+01 1.537500e+02
      vertex   -5.057151e+01 3.341314e+01 1.537500e+02
      vertex   -5.014952e+01 3.357500e+01 1.537500e+02
    endloop
  endfacet
  facet normal 0.000000e+00 0.000000e+00 1.000000e+00
    outer loop
      vertex   -5.014952e+01 3.357500e+01 1.537500e+02
      vertex   -5.057151e+01 3.341314e+01 1.537500e+02
      vertex   -5.003033e+01 3.341967e+01 1.537500e+02
    endloop
  endfacet
  facet normal 0.000000e+00 0.000000e+00 1.000000e+00
    outer loop
      vertex   -5.003033e+01 3.341967e+01 1.537500e+02
      vertex   -5.057151e+01 3.341314e+01 1.537500e+02
      vertex   -5.004625e+01 3.325380e+01 1.537500e+02
    endloop
  endfacet
  facet normal 0.000000e+00 0.000000e+00 1.000000e+00
    outer loop
      vertex   -5.003033e+01 3.341967e+01 1.537500e+02
      vertex   -5.004625e+01 3.325380e+01 1.537500e+02
      vertex   -4.987500e+01 3.330048e+01 1.537500e+02
    endloop
  endfacet
  facet normal 0.000000e+00 0.000000e+00 1.000000e+00
    outer loop
      vertex   -4.987500e+01 3.330048e+01 1.537500e+02
      vertex   -5.004625e+01 3.325380e+01 1.537500e+02
      vertex   -4.969411e+01 3.322556e+01 1.537500e+02
    endloop
  endfacet
  facet normal 0.000000e+00 0.000000e+00 1.000000e+00
    outer loop
      vertex   -4.969411e+01 3.322556e+01 1.537500e+02
      vertex   -5.004625e+01 3.325380e+01 1.537500e+02
      vertex   -4.950000e+01 3.320000e+01 1.537500e+02
    endloop
  endfacet
  facet normal -9.801714e-02 -9.951847e-01 0.000000e+00
    outer loop
      vertex   -4.895375e+01 3.874620e+01 1.537500e+02
      vertex   -4.895375e+01 3.874620e+01 1.557500e+02
      vertex   -4.950000e+01 3.880000e+01 1.537500e+02
    endloop
  endfacet
  facet normal -9.801714e-02 -9.951847e-01 0.000000e+00
    outer loop
      vertex   -4.950000e+01 3.880000e+01 1.537500e+02
      vertex   -4.895375e+01 3.874620e+01 1.557500e+02
      vertex   -4.950000e+01 3.880000e+01 1.557500e+02
    endloop
  endfacet
  facet normal 9.801714e-02 -9.951847e-01 0.000000e+00
    outer loop
      vertex   -4.950000e+01 3.880000e+01 1.537500e+02
      vertex   -4.950000e+01 3.880000e+01 1.557500e+02
      vertex   -5.004625e+01 3.874620e+01 1.537500e+02
    endloop
  endfacet
  facet normal 9.801714e-02 -9.951847e-01 0.000000e+00
    outer loop
      vertex   -5.004625e+01 3.874620e+01 1.537500e+02
      vertex   -4.950000e+01 3.880000e+01 1.557500e+02
      vertex   -5.004625e+01 3.874620e+01 1.557500e+02
    endloop
  endfacet
  facet normal 2.902847e-01 -9.569403e-01 0.000000e+00
    outer loop
      vertex   -5.004625e+01 3.874620e+01 1.537500e+02
      vertex   -5.004625e+01 3.874620e+01 1.557500e+02
      vertex   -5.057151e+01 3.858686e+01 1.537500e+02
    endloop
  endfacet
  facet normal 2.902847e-01 -9.569403e-01 0.000000e+00
    outer loop
      vertex   -5.057151e+01 3.858686e+01 1.537500e+02
      vertex   -5.004625e+01 3.874620e+01 1.557500e+02
      vertex   -5.057151e+01 3.858686e+01 1.557500e+02
    endloop
  endfacet
  facet normal 4.713967e-01 -8.819213e-01 0.000000e+00
    outer loop
      vertex   -5.057151e+01 3.858686e+01 1.537500e+02
      vertex   -5.057151e+01 3.858686e+01 1.557500e+02
      vertex   -5.105560e+01 3.832811e+01 1.537500e+02
    endloop
  endfacet
  facet normal 4.713967e-01 -8.819213e-01 0.000000e+00
    outer loop
      vertex   -5.105560e+01 3.832811e+01 1.537500e+02
      vertex   -5.057151e+01 3.858686e+01 1.557500e+02
      vertex   -5.105560e+01 3.832811e+01 1.557500e+02
    endloop
  endfacet
  facet normal 6.343933e-01 -7.730105e-01 0.000000e+00
    outer loop
      vertex   -5.105560e+01 3.832811e+01 1.537500e+02
      vertex   -5.105560e+01 3.832811e+01 1.557500e+02
      vertex   -5.147990e+01 3.797990e+01 1.537500e+02
    endloop
  endfacet
  facet normal 6.343933e-01 -7.730105e-01 0.000000e+00
    outer loop
      vertex   -5.147990e+01 3.797990e+01 1.537500e+02
      vertex   -5.105560e+01 3.832811e+01 1.557500e+02
      vertex   -5.147990e+01 3.797990e+01 1.557500e+02
    endloop
  endfacet
  facet normal 7.730105e-01 -6.343933e-01 0.000000e+00
    outer loop
      vertex   -5.147990e+01 3.797990e+01 1.537500e+02
      vertex   -5.147990e+01 3.797990e+01 1.557500e+02
      vertex   -5.182811e+01 3.755560e+01 1.537500e+02
    endloop
  endfacet
  facet normal 7.730105e-01 -6.343933e-01 0.000000e+00
    outer loop
      vertex   -5.182811e+01 3.755560e+01 1.537500e+02
      vertex   -5.147990e+01 3.797990e+01 1.557500e+02
      vertex   -5.182811e+01 3.755560e+01 1.557500e+02
    endloop
  endfacet
  facet normal 8.819213e-01 -4.713967e-01 0.000000e+00
    outer loop
      vertex   -5.182811e+01 3.755560e+01 1.537500e+02
      vertex   -5.182811e+01 3.755560e+01 1.557500e+02
      vertex   -5.208686e+01 3.707151e+01 1.537500e+02
    endloop
  endfacet
  facet normal 8.819213e-01 -4.713967e-01 0.000000e+00
    outer loop
      vertex   -5.208686e+01 3.707151e+01 1.537500e+02
      vertex   -5.182811e+01 3.755560e+01 1.557500e+02
      vertex   -5.208686e+01 3.707151e+01 1.557500e+02
    endloop
  endfacet
  facet normal 9.569403e-01 -2.902847e-01 0.000000e+00
    outer loop
      vertex   -5.208686e+01 3.707151e+01 1.537500e+02
      vertex   -5.208686e+01 3.707151e+01 1.557500e+02
      vertex   -5.224620e+01 3.654625e+01 1.537500e+02
    endloop
  endfacet
  facet normal 9.569403e-01 -2.902847e-01 0.000000e+00
    outer loop
      vertex   -5.224620e+01 3.654625e+01 1.537500e+02
      vertex   -5.208686e+01 3.707151e+01 1.557500e+02
      vertex   -5.224620e+01 3.654625e+01 1.557500e+02
    endloop
  endfacet
  facet normal 9.951847e-01 -9.801714e-02 0.000000e+00
    outer loop
      vertex   -5.224620e+01 3.654625e+01 1.537500e+02
      vertex   -5.224620e+01 3.654625e+01 1.557500e+02
      vertex   -5.230000e+01 3.600000e+01 1.537500e+02
    endloop
  endfacet
  facet normal 9.951847e-01 -9.801714e-02 0.000000e+00
    outer loop
      vertex   -5.230000e+01 3.600000e+01 1.537500e+02
      vertex   -5.224620e+01 3.654625e+01 1.557500e+02
      vertex   -5.230000e+01 3.600000e+01 1.557500e+02
    endloop
  endfacet
  facet normal 9.951847e-01 9.801714e-02 -0.000000e+00
    outer loop
      vertex   -5.230000e+01 3.600000e+01 1.537500e+02
      vertex   -5.230000e+01 3.600000e+01 1.557500e+02
      vertex   -5.224620e+01 3.545375e+01 1.537500e+02
    endloop
  endfacet
  facet normal 9.951847e-01 9.801714e-02 -0.000000e+00
    outer loop
      vertex   -5.224620e+01 3.545375e+01 1.537500e+02
      vertex   -5.230000e+01 3.600000e+01 1.557500e+02
      vertex   -5.224620e+01 3.545375e+01 1.557500e+02
    endloop
  endfacet
  facet normal 9.569403e-01 2.902847e-01 -0.000000e+00
    outer loop
      vertex   -5.224620e+01 3.545375e+01 1.537500e+02
      vertex   -5.224620e+01 3.545375e+01 1.557500e+02
      vertex   -5.208686e+01 3.492849e+01 1.537500e+02
    endloop
  endfacet
  facet normal 9.569403e-01 2.902847e-01 -0.000000e+00
    outer loop
      vertex   -5.208686e+01 3.492849e+01 1.537500e+02
      vertex   -5.224620e+01 3.545375e+01 1.557500e+02
      vertex   -5.208686e+01 3.492849e+01 1.557500e+02
    endloop
  endfacet
  facet normal 8.819213e-01 4.713967e-01 -0.000000e+00
    outer loop
      vertex   -5.208686e+01 3.492849e+01 1.537500e+02
      vertex   -5.208686e+01 3.492849e+01 1.557500e+02
      vertex   -5.182811e+01 3.444440e+01 1.537500e+02
    endloop
  endfacet
  facet normal 8.819213e-01 4.713967e-01 -0.000000e+00
    outer loop
      vertex   -5.182811e+01 3.444440e+01 1.537500e+02
      vertex   -5.208686e+01 3.492849e+01 1.557500e+02
      vertex   -5.182811e+01 3.444440e+01 1.557500e+02
    endloop
  endfacet
  facet normal 7.730105e-01 6.343933e-01 -0.000000e+00
    outer loop
      vertex   -5.182811e+01 3.444440e+01 1.537500e+02
      vertex   -5.182811e+01 3.444440e+01 1.557500e+02
      vertex   -5.147990e+01 3.402010e+01 1.537500e+02
    endloop
  endfacet
  facet normal 7.730105e-01 6.343933e-01 -0.000000e+00
    outer loop
      vertex   -5.147990e+01 3.402010e+01 1.537500e+02
      vertex   -5.182811e+01 3.444440e+01 1.557500e+02
      vertex   -5.147990e+01 3.402010e+01 1.557500e+02
    endloop
  endfacet
  facet normal 6.343933e-01 7.730105e-01 -0.000000e+00
    outer loop
      vertex   -5.147990e+01 3.402010e+01 1.537500e+02
      vertex   -5.147990e+01 3.402010e+01 1.557500e+02
      vertex   -5.105560e+01 3.367188e+01 1.537500e+02
    endloop
  endfacet
  facet normal 6.343933e-01 7.730105e-01 -0.000000e+00
    outer loop
      vertex   -5.105560e+01 3.367188e+01 1.537500e+02
      vertex   -5.147990e+01 3.402010e+01 1.557500e+02
      vertex   -5.105560e+01 3.367188e+01 1.557500e+02
    endloop
  endfacet
  facet normal 4.713967e-01 8.819213e-01 -0.000000e+00
    outer loop
      vertex   -5.105560e+01 3.367188e+01 1.537500e+02
      vertex   -5.105560e+01 3.367188e+01 1.557500e+02
      vertex   -5.057151e+01 3.341314e+01 1.537500e+02
    endloop
  endfacet
  facet normal 4.713967e-01 8.819213e-01 -0.000000e+00
    outer loop
      vertex   -5.057151e+01 3.341314e+01 1.537500e+02
      vertex   -5.105560e+01 3.367188e+01 1.557500e+02
      vertex   -5.057151e+01 3.341314e+01 1.557500e+02
    endloop
  endfacet
  facet normal 2.902847e-01 9.569403e-01 -0.000000e+00
    outer loop
      vertex   -5.057151e+01 3.341314e+01 1.537500e+02
      vertex   -5.057151e+01 3.341314e+01 1.557500e+02
      vertex   -5.004625e+01 3.325380e+01 1.537500e+02
    endloop
  endfacet
  facet normal 2.902847e-01 9.569403e-01 -0.000000e+00
    outer loop
      vertex   -5.004625e+01 3.325380e+01 1.537500e+02
      vertex   -5.057151e+01 3.341314e+01 1.557500e+02
      vertex   -5.004625e+01 3.325380e+01 1.557500e+02
    endloop
  endfacet
  facet normal 9.801714e-02 9.951847e-01 -0.000000e+00
    outer loop
      vertex   -5.004625e+01 3.325380e+01 1.537500e+02
      vertex   -5.004625e+01 3.325380e+01 1.557500e+02
      vertex   -4.950000e+01 3.320000e+01 1.537500e+02
    endloop
  endfacet
  facet normal 9.801714e-02 9.951847e-01 -0.000000e+00
    outer loop
      vertex   -4.950000e+01 3.320000e+01 1.537500e+02
      vertex   -5.004625e+01 3.325380e+01 1.557500e+02
      vertex   -4.950000e+01 3.320000e+01 1.557500e+02
    endloop
  endfacet
  facet normal -9.801714e-02 9.951847e-01 0.000000e+00
    outer loop
      vertex   -4.950000e+01 3.320000e+01 1.537500e+02
      vertex   -4.950000e+01 3.320000e+01 1.557500e+02
      vertex   -4.895375e+01 3.325380e+01 1.537500e+02
    endloop
  endfacet
  facet normal -9.801714e-02 9.951847e-01 0.000000e+00
    outer loop
      vertex   -4.895375e+01 3.325380e+01 1.537500e+02
      vertex   -4.950000e+01 3.320000e+01 1.557500e+02
      vertex   -4.895375e+01 3.325380e+01 1.557500e+02
    endloop
  endfacet
  facet normal -2.902847e-01 9.569403e-01 0.000000e+00
    outer loop
      vertex   -4.895375e+01 3.325380e+01 1.537500e+02
      vertex   -4.895375e+01 3.325380e+01 1.557500e+02
      vertex   -4.842849e+01 3.341314e+01 1.537500e+02
    endloop
  endfacet
  facet normal -2.902847e-01 9.569403e-01 0.000000e+00
    outer loop
      vertex   -4.842849e+01 3.341314e+01 1.537500e+02
      vertex   -4.895375e+01 3.325380e+01 1.557500e+02
      vertex   -4.842849e+01 3.341314e+01 1.557500e+02
    endloop
  endfacet
  facet normal -4.713967e-01 8.819213e-01 0.000000e+00
    outer loop
      vertex   -4.842849e+01 3.341314e+01 1.537500e+02
      vertex   -4.842849e+01 3.341314e+01 1.557500e+02
      vertex   -4.794440e+01 3.367188e+01 1.537500e+02
    endloop
  endfacet
  facet normal -4.713967e-01 8.819213e-01 0.000000e+00
    outer loop
      vertex   -4.794440e+01 3.367188e+01 1.537500e+02
      vertex   -4.842849e+01 3.341314e+01 1.557500e+02
      vertex   -4.794440e+01 3.367188e+01 1.557500e+02
    endloop
  endfacet
  facet normal -6.343933e-01 7.730105e-01 0.000000e+00
    outer loop
      vertex   -4.794440e+01 3.367188e+01 1.537500e+02
      vertex   -4.794440e+01 3.367188e+01 1.557500e+02
      vertex   -4.752010e+01 3.402010e+01 1.537500e+02
    endloop
  endfacet
  facet normal -6.343933e-01 7.730105e-01 0.000000e+00
    outer loop
      vertex   -4.752010e+01 3.402010e+01 1.537500e+02
      vertex   -4.794440e+01 3.367188e+01 1.557500e+02
      vertex   -4.752010e+01 3.402010e+01 1.557500e+02
    endloop
  endfacet
  facet normal -7.730105e-01 6.343933e-01 0.000000e+00
    outer loop
      vertex   -4.752010e+01 3.402010e+01 1.537500e+02
      vertex   -4.752010e+01 3.402010e+01 1.557500e+02
      vertex   -4.717189e+01 3.444440e+01 1.537500e+02
    endloop
  endfacet
  facet normal -7.730105e-01 6.343933e-01 0.000000e+00
    outer loop
      vertex   -4.717189e+01 3.444440e+01 1.537500e+02
      vertex   -4.752010e+01 3.402010e+01 1.557500e+02
      vertex   -4.717189e+01 3.444440e+01 1.557500e+02
    endloop
  endfacet
  facet normal -8.819213e-01 4.713967e-01 0.000000e+00
    outer loop
      vertex   -4.717189e+01 3.444440e+01 1.537500e+02
      vertex   -4.717189e+01 3.444440e+01 1.557500e+02
      vertex   -4.691314e+01 3.492849e+01 1.537500e+02
    endloop
  endfacet
  facet normal -8.819213e-01 4.713967e-01 0.000000e+00
    outer loop
      vertex   -4.691314e+01 3.492849e+01 1.537500e+02
      vertex   -4.717189e+01 3.444440e+01 1.557500e+02
      vertex   -4.691314e+01 3.492849e+01 1.557500e+02
    endloop
  endfacet
  facet normal -9.569403e-01 2.902847e-01 0.000000e+00
    outer loop
      vertex   -4.691314e+01 3.492849e+01 1.537500e+02
      vertex   -4.691314e+01 3.492849e+01 1.557500e+02
      vertex   -4.675380e+01 3.545375e+01 1.537500e+02
    endloop
  endfacet
  facet normal -9.569403e-01 2.902847e-01 0.000000e+00
    outer loop
      vertex   -4.675380e+01 3.545375e+01 1.537500e+02
      vertex   -4.691314e+01 3.492849e+01 1.557500e+02
      vertex   -4.675380e+01 3.545375e+01 1.557500e+02
    endloop
  endfacet
  facet normal -9.951847e-01 9.801714e-02 0.000000e+00
    outer loop
      vertex   -4.675380e+01 3.545375e+01 1.537500e+02
      vertex   -4.675380e+01 3.545375e+01 1.557500e+02
      vertex   -4.670000e+01 3.600000e+01 1.537500e+02
    endloop
  endfacet
  facet normal -9.951847e-01 9.801714e-02 0.000000e+00
    outer loop
      vertex   -4.670000e+01 3.600000e+01 1.537500e+02
      vertex   -4.675380e+01 3.545375e+01 1.557500e+02
      vertex   -4.670000e+01 3.600000e+01 1.557500e+02
    endloop
  endfacet
  facet normal -9.951847e-01 -9.801714e-02 0.000000e+00
    outer loop
      vertex   -4.670000e+01 3.600000e+01 1.537500e+02
      vertex   -4.670000e+01 3.600000e+01 1.557500e+02
      vertex   -4.675380e+01 3.654625e+01 1.537500e+02
    endloop
  endfacet
  facet normal -9.951847e-01 -9.801714e-02 0.000000e+00
    outer loop
      vertex   -4.675380e+01 3.654625e+01 1.537500e+02
      vertex   -4.670000e+01 3.600000e+01 1.557500e+02
      vertex   -4.675380e+01 3.654625e+01 1.557500e+02
    endloop
  endfacet
  facet normal -9.569403e-01 -2.902847e-01 0.000000e+00
    outer loop
      vertex   -4.675380e+01 3.654625e+01 1.537500e+02
      vertex   -4.675380e+01 3.654625e+01 1.557500e+02
      vertex   -4.691314e+01 3.707151e+01 1.537500e+02
    endloop
  endfacet
  facet normal -9.569403e-01 -2.902847e-01 0.000000e+00
    outer loop
      vertex   -4.691314e+01 3.707151e+01 1.537500e+02
      vertex   -4.675380e+01 3.654625e+01 1.557500e+02
      vertex   -4.691314e+01 3.707151e+01 1.557500e+02
    endloop
  endfacet
  facet normal -8.819213e-01 -4.713967e-01 0.000000e+00
    outer loop
      vertex   -4.691314e+01 3.707151e+01 1.537500e+02
      vertex   -4.691314e+01 3.707151e+01 1.557500e+02
      vertex   -4.717189e+01 3.755560e+01 1.537500e+02
    endloop
  endfacet
  facet normal -8.819213e-01 -4.713967e-01 0.000000e+00
    outer loop
      vertex   -4.717189e+01 3.755560e+01 1.537500e+02
      vertex   -4.691314e+01 3.707151e+01 1.557500e+02
      vertex   -4.717189e+01 3.755560e+01 1.557500e+02
    endloop
  endfacet
  facet normal -7.730105e-01 -6.343933e-01 0.000000e+00
    outer loop
      vertex   -4.717189e+01 3.755560e+01 1.537500e+02
      vertex   -4.717189e+01 3.755560e+01 1.557500e+02
      vertex   -4.752010e+01 3.797990e+01 1.537500e+02
    endloop
  endfacet
  facet normal -7.730105e-01 -6.343933e-01 0.000000e+00
    outer loop
      vertex   -4.752010e+01 3.797990e+01 1.537500e+02
      vertex   -4.717189e+01 3.755560e+01 1.557500e+02
      vertex   -4.752010e+01 3.797990e+01 1.557500e+02
    endloop
  endfacet
  facet normal -6.343933e-01 -7.730105e-01 0.000000e+00
    outer loop
      vertex   -4.752010e+01 3.797990e+01 1.537500e+02
      vertex   -4.752010e+01 3.797990e+01 1.557500e+02
      vertex   -4.794440e+01 3.832811e+01 1.537500e+02
    endloop
  endfacet
  facet normal -6.343933e-01 -7.730105e-01 0.000000e+00
    outer loop
      vertex   -4.794440e+01 3.832811e+01 1.537500e+02
      vertex   -4.752010e+01 3.797990e+01 1.557500e+02
      vertex   -4.794440e+01 3.832811e+01 1.557500e+02
    endloop
  endfacet
  facet normal -4.713967e-01 -8.819213e-01 0.000000e+00
    outer loop
      vertex   -4.794440e+01 3.832811e+01 1.537500e+02
      vertex   -4.794440e+01 3.832811e+01 1.557500e+02
      vertex   -4.842849e+01 3.858686e+01 1.537500e+02
    endloop
  endfacet
  facet normal -4.713967e-01 -8.819213e-01 0.000000e+00
    outer loop
      vertex   -4.842849e+01 3.858686e+01 1.537500e+02
      vertex   -4.794440e+01 3.832811e+01 1.557500e+02
      vertex   -4.842849e+01 3.858686e+01 1.557500e+02
    endloop
  endfacet
  facet normal -2.902847e-01 -9.569403e-01 0.000000e+00
    outer loop
      vertex   -4.842849e+01 3.858686e+01 1.537500e+02
      vertex   -4.842849e+01 3.858686e+01 1.557500e+02
      vertex   -4.895375e+01 3.874620e+01 1.537500e+02
    endloop
  endfacet
  facet normal -2.902847e-01 -9.569403e-01 0.000000e+00
    outer loop
      vertex   -4.895375e+01 3.874620e+01 1.537500e+02
      vertex   -4.842849e+01 3.858686e+01 1.557500e+02
      vertex   -4.895375e+01 3.874620e+01 1.557500e+02
    endloop
  endfacet
  facet normal 0.000000e+00 0.000000e+00 1.000000e+00
    outer loop
      vertex   -4.950000e+01 4.920000e+01 1.537500e+02
      vertex   -4.895375e+01 4.925380e+01 1.537500e+02
      vertex   -4.930589e+01 4.922556e+01 1.537500e+02
    endloop
  endfacet
  facet normal 0.000000e+00 0.000000e+00 1.000000e+00
    outer loop
      vertex   -4.930589e+01 4.922556e+01 1.537500e+02
      vertex   -4.895375e+01 4.925380e+01 1.537500e+02
      vertex   -4.912500e+01 4.930048e+01 1.537500e+02
    endloop
  endfacet
  facet normal -0.000000e+00 0.000000e+00 1.000000e+00
    outer loop
      vertex   -4.912500e+01 4.930048e+01 1.537500e+02
      vertex   -4.895375e+01 4.925380e+01 1.537500e+02
      vertex   -4.896967e+01 4.941967e+01 1.537500e+02
    endloop
  endfacet
  facet normal 0.000000e+00 0.000000e+00 1.000000e+00
    outer loop
      vertex   -4.896967e+01 4.941967e+01 1.537500e+02
      vertex   -4.895375e+01 4.925380e+01 1.537500e+02
      vertex   -4.842849e+01 4.941314e+01 1.537500e+02
    endloop
  endfacet
  facet normal -0.000000e+00 0.000000e+00 1.000000e+00
    outer loop
      vertex   -4.896967e+01 4.941967e+01 1.537500e+02
      vertex   -4.842849e+01 4.941314e+01 1.537500e+02
      vertex   -4.885048e+01 4.957500e+01 1.537500e+02
    endloop
  endfacet
  facet normal -0.000000e+00 0.000000e+00 1.000000e+00
    outer loop
      vertex   -4.885048e+01 4.957500e+01 1.537500e+02
      vertex   -4.842849e+01 4.941314e+01 1.537500e+02
      vertex   -4.877556e+01 4.975589e+01 1.537500e+02
    endloop
  endfacet
  facet normal -0.000000e+00 0.000000e+00 1.000000e+00
    outer loop
      vertex   -4.877556e+01 4.975589e+01 1.537500e+02
      vertex   -4.842849e+01 4.941314e+01 1.537500e+02
      vertex   -4.875000e+01 4.995000e+01 1.537500e+02
    endloop
  endfacet
  facet normal 0.000000e+00 0.000000e+00 1.000000e+00
    outer loop
      vertex   -4.875000e+01 4.995000e+01 1.537500e+02
      vertex   -4.842849e+01 4.941314e+01 1.537500e+02
      vertex   -4.794440e+01 4.967189e+01 1.537500e+02
    endloop
  endfacet
  facet normal -0.000000e+00 -0.000000e+00 1.000000e+00
    outer loop
      vertex   -4.875000e+01 4.995000e+01 1.537500e+02
      vertex   -4.794440e+01 4.967189e+01 1.537500e+02
      vertex   -4.877556e+01 5.014412e+01 1.537500e+02
    endloop
  endfacet
  facet normal 0.000000e+00 0.000000e+00 1.000000e+00
    outer loop
      vertex   -4.877556e+01 5.014412e+01 1.537500e+02
      vertex   -4.794440e+01 4.967189e+01 1.537500e+02
      vertex   -4.752010e+01 5.002010e+01 1.537500e+02
    endloop
  endfacet
  facet normal -0.000000e+00 -0.000000e+00 1.000000e+00
    outer loop
      vertex   -4.877556e+01 5.014412e+01 1.537500e+02
      vertex   -4.752010e+01 5.002010e+01 1.537500e+02
      vertex   -4.885048e+01 5.032500e+01 1.537500e+02
    endloop
  endfacet
  facet normal -0.000000e+00 0.000000e+00 1.000000e+00
    outer loop
      vertex   -4.885048e+01 5.032500e+01 1.537500e+02
      vertex   -4.752010e+01 5.002010e+01 1.537500e+02
      vertex   -4.717189e+01 5.044440e+01 1.537500e+02
    endloop
  endfacet
  facet normal 0.000000e+00 -0.000000e+00 1.000000e+00
    outer loop
      vertex   -4.885048e+01 5.032500e+01 1.537500e+02
      vertex   -4.717189e+01 5.044440e+01 1.537500e+02
      vertex   -4.896967e+01 5.048033e+01 1.537500e+02
    endloop
  endfacet
  facet normal -0.000000e+00 0.000000e+00 1.000000e+00
    outer loop
      vertex   -4.896967e+01 5.048033e+01 1.537500e+02
      vertex   -4.717189e+01 5.044440e+01 1.537500e+02
      vertex   -4.691314e+01 5.092849e+01 1.537500e+02
    endloop
  endfacet
  facet normal 0.000000e+00 0.000000e+00 1.000000e+00
    outer loop
      vertex   -4.896967e+01 5.048033e+01 1.537500e+02
      vertex   -4.691314e+01 5.092849e+01 1.537500e+02
      vertex   -4.675380e+01 5.145375e+01 1.537500e+02
    endloop
  endfacet
  facet normal 0.000000e+00 -0.000000e+00 1.000000e+00
    outer loop
      vertex   -4.896967e+01 5.048033e+01 1.537500e+02
      vertex   -4.675380e+01 5.145375e+01 1.537500e+02
      vertex   -4.912500e+01 5.059952e+01 1.537500e+02
    endloop
  endfacet
  facet normal 0.000000e+00 0.000000e+00 1.000000e+00
    outer loop
      vertex   -4.912500e+01 5.059952e+01 1.537500e+02
      vertex   -4.675380e+01 5.145375e+01 1.537500e+02
      vertex   -4.670000e+01 5.200000e+01 1.537500e+02
    endloop
  endfacet
  facet normal 0.000000e+00 0.000000e+00 1.000000e+00
    outer loop
      vertex   -4.912500e+01 5.059952e+01 1.537500e+02
      vertex   -4.670000e+01 5.200000e+01 1.537500e+02
      vertex   -4.912500e+01 5.340048e+01 1.537500e+02
    endloop
  endfacet
  facet normal 0.000000e+00 0.000000e+00 1.000000e+00
    outer loop
      vertex   -4.912500e+01 5.340048e+01 1.537500e+02
      vertex   -4.670000e+01 5.200000e+01 1.537500e+02
      vertex   -4.675380e+01 5.254625e+01 1.537500e+02
    endloop
  endfacet
  facet normal -0.000000e+00 0.000000e+00 1.000000e+00
    outer loop
      vertex   -4.912500e+01 5.340048e+01 1.537500e+02
      vertex   -4.675380e+01 5.254625e+01 1.537500e+02
      vertex   -4.896967e+01 5.351967e+01 1.537500e+02
    endloop
  endfacet
  facet normal 0.000000e+00 0.000000e+00 1.000000e+00
    outer loop
      vertex   -4.896967e+01 5.351967e+01 1.537500e+02
      vertex   -4.675380e+01 5.254625e+01 1.537500e+02
      vertex   -4.691314e+01 5.307151e+01 1.537500e+02
    endloop
  endfacet
  facet normal -0.000000e+00 0.000000e+00 1.000000e+00
    outer loop
      vertex   -4.896967e+01 5.351967e+01 1.537500e+02
      vertex   -4.691314e+01 5.307151e+01 1.537500e+02
      vertex   -4.717189e+01 5.355560e+01 1.537500e+02
    endloop
  endfacet
  facet normal 0.000000e+00 0.000000e+00 1.000000e+00
    outer loop
      vertex   -4.896967e+01 5.351967e+01 1.537500e+02
      vertex   -4.717189e+01 5.355560e+01 1.537500e+02
      vertex   -4.885048e+01 5.367500e+01 1.537500e+02
    endloop
  endfacet
  facet normal -0.000000e+00 0.000000e+00 1.000000e+00
    outer loop
      vertex   -4.885048e+01 5.367500e+01 1.537500e+02
      vertex   -4.717189e+01 5.355560e+01 1.537500e+02
      vertex   -4.752010e+01 5.397990e+01 1.537500e+02
    endloop
  endfacet
  facet normal 0.000000e+00 0.000000e+00 1.000000e+00
    outer loop
      vertex   -4.885048e+01 5.367500e+01 1.537500e+02
      vertex   -4.752010e+01 5.397990e+01 1.537500e+02
      vertex   -4.877556e+01 5.385589e+01 1.537500e+02
    endloop
  endfacet
  facet normal 0.000000e+00 0.000000e+00 1.000000e+00
    outer loop
      vertex   -4.877556e+01 5.385589e+01 1.537500e+02
      vertex   -4.752010e+01 5.397990e+01 1.537500e+02
      vertex   -4.794440e+01 5.432812e+01 1.537500e+02
    endloop
  endfacet
  facet normal 0.000000e+00 0.000000e+00 1.000000e+00
    outer loop
      vertex   -4.877556e+01 5.385589e+01 1.537500e+02
      vertex   -4.794440e+01 5.432812e+01 1.537500e+02
      vertex   -4.875000e+01 5.405000e+01 1.537500e+02
    endloop
  endfacet
  facet normal 0.000000e+00 0.000000e+00 1.000000e+00
    outer loop
      vertex   -4.875000e+01 5.405000e+01 1.537500e+02
      vertex   -4.794440e+01 5.432812e+01 1.537500e+02
      vertex   -4.842849e+01 5.458686e+01 1.537500e+02
    endloop
  endfacet
  facet normal 0.000000e+00 -0.000000e+00 1.000000e+00
    outer loop
      vertex   -4.875000e+01 5.405000e+01 1.537500e+02
      vertex   -4.842849e+01 5.458686e+01 1.537500e+02
      vertex   -4.877556e+01 5.424412e+01 1.537500e+02
    endloop
  endfacet
  facet normal 0.000000e+00 -0.000000e+00 1.000000e+00
    outer loop
      vertex   -4.877556e+01 5.424412e+01 1.537500e+02
      vertex   -4.842849e+01 5.458686e+01 1.537500e+02
      vertex   -4.885048e+01 5.442500e+01 1.537500e+02
    endloop
  endfacet
  facet normal 0.000000e+00 -0.000000e+00 1.000000e+00
    outer loop
      vertex   -4.885048e+01 5.442500e+01 1.537500e+02
      vertex   -4.842849e+01 5.458686e+01 1.537500e+02
      vertex   -4.896967e+01 5.458033e+01 1.537500e+02
    endloop
  endfacet
  facet normal 0.000000e+00 0.000000e+00 1.000000e+00
    outer loop
      vertex   -4.896967e+01 5.458033e+01 1.537500e+02
      vertex   -4.842849e+01 5.458686e+01 1.537500e+02
      vertex   -4.895375e+01 5.474620e+01 1.537500e+02
    endloop
  endfacet
  facet normal 0.000000e+00 -0.000000e+00 1.000000e+00
    outer loop
      vertex   -4.896967e+01 5.458033e+01 1.537500e+02
      vertex   -4.895375e+01 5.474620e+01 1.537500e+02
      vertex   -4.912500e+01 5.469952e+01 1.537500e+02
    endloop
  endfacet
  facet normal 0.000000e+00 -0.000000e+00 1.000000e+00
    outer loop
      vertex   -4.912500e+01 5.469952e+01 1.537500e+02
      vertex   -4.895375e+01 5.474620e+01 1.537500e+02
      vertex   -4.930589e+01 5.477445e+01 1.537500e+02
    endloop
  endfacet
  facet normal -0.000000e+00 -0.000000e+00 1.000000e+00
    outer loop
      vertex   -4.930589e+01 5.477445e+01 1.537500e+02
      vertex   -4.895375e+01 5.474620e+01 1.537500e+02
      vertex   -4.950000e+01 5.480000e+01 1.537500e+02
    endloop
  endfacet
  facet normal 0.000000e+00 0.000000e+00 1.000000e+00
    outer loop
      vertex   -4.912500e+01 5.340048e+01 1.537500e+02
      vertex   -4.930589e+01 5.332556e+01 1.537500e+02
      vertex   -4.912500e+01 5.059952e+01 1.537500e+02
    endloop
  endfacet
  facet normal 0.000000e+00 0.000000e+00 1.000000e+00
    outer loop
      vertex   -4.912500e+01 5.059952e+01 1.537500e+02
      vertex   -4.930589e+01 5.332556e+01 1.537500e+02
      vertex   -4.930589e+01 5.067445e+01 1.537500e+02
    endloop
  endfacet
  facet normal 0.000000e+00 -0.000000e+00 1.000000e+00
    outer loop
      vertex   -4.930589e+01 5.067445e+01 1.537500e+02
      vertex   -4.930589e+01 5.332556e+01 1.537500e+02
      vertex   -4.950000e+01 5.330000e+01 1.537500e+02
    endloop
  endfacet
  facet normal 0.000000e+00 0.000000e+00 1.000000e+00
    outer loop
      vertex   -4.930589e+01 5.067445e+01 1.537500e+02
      vertex   -4.950000e+01 5.330000e+01 1.537500e+02
      vertex   -4.950000e+01 5.070000e+01 1.537500e+02
    endloop
  endfacet
  facet normal 0.000000e+00 -0.000000e+00 1.000000e+00
    outer loop
      vertex   -4.950000e+01 5.070000e+01 1.537500e+02
      vertex   -4.950000e+01 5.330000e+01 1.537500e+02
      vertex   -4.969411e+01 5.332556e+01 1.537500e+02
    endloop
  endfacet
  facet normal 0.000000e+00 0.000000e+00 1.000000e+00
    outer loop
      vertex   -4.950000e+01 5.070000e+01 1.537500e+02
      vertex   -4.969411e+01 5.332556e+01 1.537500e+02
      vertex   -4.969411e+01 5.067445e+01 1.537500e+02
    endloop
  endfacet
  facet normal 0.000000e+00 -0.000000e+00 1.000000e+00
    outer loop
      vertex   -4.969411e+01 5.067445e+01 1.537500e+02
      vertex   -4.969411e+01 5.332556e+01 1.537500e+02
      vertex   -4.987500e+01 5.340048e+01 1.537500e+02
    endloop
  endfacet
  facet normal 0.000000e+00 0.000000e+00 1.000000e+00
    outer loop
      vertex   -4.969411e+01 5.067445e+01 1.537500e+02
      vertex   -4.987500e+01 5.340048e+01 1.537500e+02
      vertex   -4.987500e+01 5.059952e+01 1.537500e+02
    endloop
  endfacet
  facet normal 0.000000e+00 -0.000000e+00 1.000000e+00
    outer loop
      vertex   -4.987500e+01 5.059952e+01 1.537500e+02
      vertex   -4.987500e+01 5.340048e+01 1.537500e+02
      vertex   -5.230000e+01 5.200000e+01 1.537500e+02
    endloop
  endfacet
  facet normal 0.000000e+00 0.000000e+00 1.000000e+00
    outer loop
      vertex   -4.987500e+01 5.059952e+01 1.537500e+02
      vertex   -5.230000e+01 5.200000e+01 1.537500e+02
      vertex   -5.224620e+01 5.145375e+01 1.537500e+02
    endloop
  endfacet
  facet normal 0.000000e+00 0.000000e+00 1.000000e+00
    outer loop
      vertex   -5.230000e+01 5.200000e+01 1.537500e+02
      vertex   -4.987500e+01 5.340048e+01 1.537500e+02
      vertex   -5.224620e+01 5.254625e+01 1.537500e+02
    endloop
  endfacet
  facet normal 0.000000e+00 0.000000e+00 1.000000e+00
    outer loop
      vertex   -5.224620e+01 5.254625e+01 1.537500e+02
      vertex   -4.987500e+01 5.340048e+01 1.537500e+02
      vertex   -5.003033e+01 5.351967e+01 1.537500e+02
    endloop
  endfacet
  facet normal 0.000000e+00 0.000000e+00 1.000000e+00
    outer loop
      vertex   -5.224620e+01 5.254625e+01 1.537500e+02
      vertex   -5.003033e+01 5.351967e+01 1.537500e+02
      vertex   -5.208686e+01 5.307151e+01 1.537500e+02
    endloop
  endfacet
  facet normal 0.000000e+00 0.000000e+00 1.000000e+00
    outer loop
      vertex   -5.208686e+01 5.307151e+01 1.537500e+02
      vertex   -5.003033e+01 5.351967e+01 1.537500e+02
      vertex   -5.182811e+01 5.355560e+01 1.537500e+02
    endloop
  endfacet
  facet normal -0.000000e+00 0.000000e+00 1.000000e+00
    outer loop
      vertex   -5.182811e+01 5.355560e+01 1.537500e+02
      vertex   -5.003033e+01 5.351967e+01 1.537500e+02
      vertex   -5.014952e+01 5.367500e+01 1.537500e+02
    endloop
  endfacet
  facet normal 0.000000e+00 0.000000e+00 1.000000e+00
    outer loop
      vertex   -5.182811e+01 5.355560e+01 1.537500e+02
      vertex   -5.014952e+01 5.367500e+01 1.537500e+02
      vertex   -5.147990e+01 5.397990e+01 1.537500e+02
    endloop
  endfacet
  facet normal 0.000000e+00 0.000000e+00 1.000000e+00
    outer loop
      vertex   -5.147990e+01 5.397990e+01 1.537500e+02
      vertex   -5.014952e+01 5.367500e+01 1.537500e+02
      vertex   -5.022444e+01 5.385589e+01 1.537500e+02
    endloop
  endfacet
  facet normal -0.000000e+00 0.000000e+00 1.000000e+00
    outer loop
      vertex   -5.147990e+01 5.397990e+01 1.537500e+02
      vertex   -5.022444e+01 5.385589e+01 1.537500e+02
      vertex   -5.105560e+01 5.432812e+01 1.537500e+02
    endloop
  endfacet
  facet normal 0.000000e+00 0.000000e+00 1.000000e+00
    outer loop
      vertex   -5.105560e+01 5.432812e+01 1.537500e+02
      vertex   -5.022444e+01 5.385589e+01 1.537500e+02
      vertex   -5.025000e+01 5.405000e+01 1.537500e+02
    endloop
  endfacet
  facet normal -0.000000e+00 0.000000e+00 1.000000e+00
    outer loop
      vertex   -5.105560e+01 5.432812e+01 1.537500e+02
      vertex   -5.025000e+01 5.405000e+01 1.537500e+02
      vertex   -5.057151e+01 5.458686e+01 1.537500e+02
    endloop
  endfacet
  facet normal 0.000000e+00 0.000000e+00 1.000000e+00
    outer loop
      vertex   -5.057151e+01 5.458686e+01 1.537500e+02
      vertex   -5.025000e+01 5.405000e+01 1.537500e+02
      vertex   -5.022444e+01 5.424412e+01 1.537500e+02
    endloop
  endfacet
  facet normal 0.000000e+00 0.000000e+00 1.000000e+00
    outer loop
      vertex   -5.057151e+01 5.458686e+01 1.537500e+02
      vertex   -5.022444e+01 5.424412e+01 1.537500e+02
      vertex   -5.014952e+01 5.442500e+01 1.537500e+02
    endloop
  endfacet
  facet normal 0.000000e+00 -0.000000e+00 1.000000e+00
    outer loop
      vertex   -5.014952e+01 5.442500e+01 1.537500e+02
      vertex   -5.003033e+01 5.458033e+01 1.537500e+02
      vertex   -5.057151e+01 5.458686e+01 1.537500e+02
    endloop
  endfacet
  facet normal -0.000000e+00 0.000000e+00 1.000000e+00
    outer loop
      vertex   -5.057151e+01 5.458686e+01 1.537500e+02
      vertex   -5.003033e+01 5.458033e+01 1.537500e+02
      vertex   -5.004625e+01 5.474620e+01 1.537500e+02
    endloop
  endfacet
  facet normal 0.000000e+00 0.000000e+00 1.000000e+00
    outer loop
      vertex   -5.004625e+01 5.474620e+01 1.537500e+02
      vertex   -5.003033e+01 5.458033e+01 1.537500e+02
      vertex   -4.987500e+01 5.469952e+01 1.537500e+02
    endloop
  endfacet
  facet normal -0.000000e+00 0.000000e+00 1.000000e+00
    outer loop
      vertex   -5.004625e+01 5.474620e+01 1.537500e+02
      vertex   -4.987500e+01 5.469952e+01 1.537500e+02
      vertex   -4.969411e+01 5.477445e+01 1.537500e+02
    endloop
  endfacet
  facet normal 0.000000e+00 -0.000000e+00 1.000000e+00
    outer loop
      vertex   -4.969411e+01 5.477445e+01 1.537500e+02
      vertex   -4.950000e+01 5.480000e+01 1.537500e+02
      vertex   -5.004625e+01 5.474620e+01 1.537500e+02
    endloop
  endfacet
  facet normal 0.000000e+00 0.000000e+00 1.000000e+00
    outer loop
      vertex   -4.987500e+01 5.059952e+01 1.537500e+02
      vertex   -5.224620e+01 5.145375e+01 1.537500e+02
      vertex   -5.003033e+01 5.048033e+01 1.537500e+02
    endloop
  endfacet
  facet normal 0.000000e+00 0.000000e+00 1.000000e+00
    outer loop
      vertex   -5.003033e+01 5.048033e+01 1.537500e+02
      vertex   -5.224620e+01 5.145375e+01 1.537500e+02
      vertex   -5.208686e+01 5.092849e+01 1.537500e+02
    endloop
  endfacet
  facet normal 0.000000e+00 0.000000e+00 1.000000e+00
    outer loop
      vertex   -5.003033e+01 5.048033e+01 1.537500e+02
      vertex   -5.208686e+01 5.092849e+01 1.537500e+02
      vertex   -5.182811e+01 5.044440e+01 1.537500e+02
    endloop
  endfacet
  facet normal 0.000000e+00 0.000000e+00 1.000000e+00
    outer loop
      vertex   -5.003033e+01 5.048033e+01 1.537500e+02
      vertex   -5.182811e+01 5.044440e+01 1.537500e+02
      vertex   -5.014952e+01 5.032500e+01 1.537500e+02
    endloop
  endfacet
  facet normal 0.000000e+00 0.000000e+00 1.000000e+00
    outer loop
      vertex   -5.014952e+01 5.032500e+01 1.537500e+02
      vertex   -5.182811e+01 5.044440e+01 1.537500e+02
      vertex   -5.147990e+01 5.002010e+01 1.537500e+02
    endloop
  endfacet
  facet normal 0.000000e+00 0.000000e+00 1.000000e+00
    outer loop
      vertex   -5.014952e+01 5.032500e+01 1.537500e+02
      vertex   -5.147990e+01 5.002010e+01 1.537500e+02
      vertex   -5.022444e+01 5.014412e+01 1.537500e+02
    endloop
  endfacet
  facet normal 0.000000e+00 0.000000e+00 1.000000e+00
    outer loop
      vertex   -5.022444e+01 5.014412e+01 1.537500e+02
      vertex   -5.147990e+01 5.002010e+01 1.537500e+02
      vertex   -5.105560e+01 4.967189e+01 1.537500e+02
    endloop
  endfacet
  facet normal 0.000000e+00 0.000000e+00 1.000000e+00
    outer loop
      vertex   -5.022444e+01 5.014412e+01 1.537500e+02
      vertex   -5.105560e+01 4.967189e+01 1.537500e+02
      vertex   -5.025000e+01 4.995000e+01 1.537500e+02
    endloop
  endfacet
  facet normal 0.000000e+00 0.000000e+00 1.000000e+00
    outer loop
      vertex   -5.025000e+01 4.995000e+01 1.537500e+02
      vertex   -5.105560e+01 4.967189e+01 1.537500e+02
      vertex   -5.057151e+01 4.941314e+01 1.537500e+02
    endloop
  endfacet
  facet normal 0.000000e+00 0.000000e+00 1.000000e+00
    outer loop
      vertex   -5.025000e+01 4.995000e+01 1.537500e+02
      vertex   -5.057151e+01 4.941314e+01 1.537500e+02
      vertex   -5.022444e+01 4.975589e+01 1.537500e+02
    endloop
  endfacet
  facet normal 0.000000e+00 0.000000e+00 1.000000e+00
    outer loop
      vertex   -5.022444e+01 4.975589e+01 1.537500e+02
      vertex   -5.057151e+01 4.941314e+01 1.537500e+02
      vertex   -5.014952e+01 4.957500e+01 1.537500e+02
    endloop
  endfacet
  facet normal 0.000000e+00 0.000000e+00 1.000000e+00
    outer loop
      vertex   -5.014952e+01 4.957500e+01 1.537500e+02
      vertex   -5.057151e+01 4.941314e+01 1.537500e+02
      vertex   -5.003033e+01 4.941967e+01 1.537500e+02
    endloop
  endfacet
  facet normal 0.000000e+00 0.000000e+00 1.000000e+00
    outer loop
      vertex   -5.003033e+01 4.941967e+01 1.537500e+02
      vertex   -5.057151e+01 4.941314e+01 1.537500e+02
      vertex   -5.004625e+01 4.925380e+01 1.537500e+02
    endloop
  endfacet
  facet normal 0.000000e+00 0.000000e+00 1.000000e+00
    outer loop
      vertex   -5.003033e+01 4.941967e+01 1.537500e+02
      vertex   -5.004625e+01 4.925380e+01 1.537500e+02
      vertex   -4.987500e+01 4.930048e+01 1.537500e+02
    endloop
  endfacet
  facet normal 0.000000e+00 0.000000e+00 1.000000e+00
    outer loop
      vertex   -4.987500e+01 4.930048e+01 1.537500e+02
      vertex   -5.004625e+01 4.925380e+01 1.537500e+02
      vertex   -4.969411e+01 4.922556e+01 1.537500e+02
    endloop
  endfacet
  facet normal 0.000000e+00 0.000000e+00 1.000000e+00
    outer loop
      vertex   -4.969411e+01 4.922556e+01 1.537500e+02
      vertex   -5.004625e+01 4.925380e+01 1.537500e+02
      vertex   -4.950000e+01 4.920000e+01 1.537500e+02
    endloop
  endfacet
  facet normal 9.801714e-02 9.951847e-01 -0.000000e+00
    outer loop
      vertex   -5.004625e+01 4.925380e+01 1.537500e+02
      vertex   -5.004625e+01 4.925380e+01 1.557500e+02
      vertex   -4.950000e+01 4.920000e+01 1.537500e+02
    endloop
  endfacet
  facet normal 9.801714e-02 9.951847e-01 -0.000000e+00
    outer loop
      vertex   -4.950000e+01 4.920000e+01 1.537500e+02
      vertex   -5.004625e+01 4.925380e+01 1.557500e+02
      vertex   -4.950000e+01 4.920000e+01 1.557500e+02
    endloop
  endfacet
  facet normal -9.801714e-02 9.951847e-01 0.000000e+00
    outer loop
      vertex   -4.950000e+01 4.920000e+01 1.537500e+02
      vertex   -4.950000e+01 4.920000e+01 1.557500e+02
      vertex   -4.895375e+01 4.925380e+01 1.537500e+02
    endloop
  endfacet
  facet normal -9.801714e-02 9.951847e-01 0.000000e+00
    outer loop
      vertex   -4.895375e+01 4.925380e+01 1.537500e+02
      vertex   -4.950000e+01 4.920000e+01 1.557500e+02
      vertex   -4.895375e+01 4.925380e+01 1.557500e+02
    endloop
  endfacet
  facet normal -2.902847e-01 9.569403e-01 0.000000e+00
    outer loop
      vertex   -4.895375e+01 4.925380e+01 1.537500e+02
      vertex   -4.895375e+01 4.925380e+01 1.557500e+02
      vertex   -4.842849e+01 4.941314e+01 1.537500e+02
    endloop
  endfacet
  facet normal -2.902847e-01 9.569403e-01 0.000000e+00
    outer loop
      vertex   -4.842849e+01 4.941314e+01 1.537500e+02
      vertex   -4.895375e+01 4.925380e+01 1.557500e+02
      vertex   -4.842849e+01 4.941314e+01 1.557500e+02
    endloop
  endfacet
  facet normal -4.713967e-01 8.819213e-01 0.000000e+00
    outer loop
      vertex   -4.842849e+01 4.941314e+01 1.537500e+02
      vertex   -4.842849e+01 4.941314e+01 1.557500e+02
      vertex   -4.794440e+01 4.967189e+01 1.537500e+02
    endloop
  endfacet
  facet normal -4.713967e-01 8.819213e-01 0.000000e+00
    outer loop
      vertex   -4.794440e+01 4.967189e+01 1.537500e+02
      vertex   -4.842849e+01 4.941314e+01 1.557500e+02
      vertex   -4.794440e+01 4.967189e+01 1.557500e+02
    endloop
  endfacet
  facet normal -6.343933e-01 7.730105e-01 0.000000e+00
    outer loop
      vertex   -4.794440e+01 4.967189e+01 1.537500e+02
      vertex   -4.794440e+01 4.967189e+01 1.557500e+02
      vertex   -4.752010e+01 5.002010e+01 1.537500e+02
    endloop
  endfacet
  facet normal -6.343933e-01 7.730105e-01 0.000000e+00
    outer loop
      vertex   -4.752010e+01 5.002010e+01 1.537500e+02
      vertex   -4.794440e+01 4.967189e+01 1.557500e+02
      vertex   -4.752010e+01 5.002010e+01 1.557500e+02
    endloop
  endfacet
  facet normal -7.730105e-01 6.343933e-01 0.000000e+00
    outer loop
      vertex   -4.752010e+01 5.002010e+01 1.537500e+02
      vertex   -4.752010e+01 5.002010e+01 1.557500e+02
      vertex   -4.717189e+01 5.044440e+01 1.537500e+02
    endloop
  endfacet
  facet normal -7.730105e-01 6.343933e-01 0.000000e+00
    outer loop
      vertex   -4.717189e+01 5.044440e+01 1.537500e+02
      vertex   -4.752010e+01 5.002010e+01 1.557500e+02
      vertex   -4.717189e+01 5.044440e+01 1.557500e+02
    endloop
  endfacet
  facet normal -8.819213e-01 4.713967e-01 0.000000e+00
    outer loop
      vertex   -4.717189e+01 5.044440e+01 1.537500e+02
      vertex   -4.717189e+01 5.044440e+01 1.557500e+02
      vertex   -4.691314e+01 5.092849e+01 1.537500e+02
    endloop
  endfacet
  facet normal -8.819213e-01 4.713967e-01 0.000000e+00
    outer loop
      vertex   -4.691314e+01 5.092849e+01 1.537500e+02
      vertex   -4.717189e+01 5.044440e+01 1.557500e+02
      vertex   -4.691314e+01 5.092849e+01 1.557500e+02
    endloop
  endfacet
  facet normal -9.569403e-01 2.902847e-01 0.000000e+00
    outer loop
      vertex   -4.691314e+01 5.092849e+01 1.537500e+02
      vertex   -4.691314e+01 5.092849e+01 1.557500e+02
      vertex   -4.675380e+01 5.145375e+01 1.537500e+02
    endloop
  endfacet
  facet normal -9.569403e-01 2.902847e-01 0.000000e+00
    outer loop
      vertex   -4.675380e+01 5.145375e+01 1.537500e+02
      vertex   -4.691314e+01 5.092849e+01 1.557500e+02
      vertex   -4.675380e+01 5.145375e+01 1.557500e+02
    endloop
  endfacet
  facet normal -9.951847e-01 9.801714e-02 0.000000e+00
    outer loop
      vertex   -4.675380e+01 5.145375e+01 1.537500e+02
      vertex   -4.675380e+01 5.145375e+01 1.557500e+02
      vertex   -4.670000e+01 5.200000e+01 1.537500e+02
    endloop
  endfacet
  facet normal -9.951847e-01 9.801714e-02 0.000000e+00
    outer loop
      vertex   -4.670000e+01 5.200000e+01 1.537500e+02
      vertex   -4.675380e+01 5.145375e+01 1.557500e+02
      vertex   -4.670000e+01 5.200000e+01 1.557500e+02
    endloop
  endfacet
  facet normal -9.951847e-01 -9.801714e-02 0.000000e+00
    outer loop
      vertex   -4.670000e+01 5.200000e+01 1.537500e+02
      vertex   -4.670000e+01 5.200000e+01 1.557500e+02
      vertex   -4.675380e+01 5.254625e+01 1.537500e+02
    endloop
  endfacet
  facet normal -9.951847e-01 -9.801714e-02 0.000000e+00
    outer loop
      vertex   -4.675380e+01 5.254625e+01 1.537500e+02
      vertex   -4.670000e+01 5.200000e+01 1.557500e+02
      vertex   -4.675380e+01 5.254625e+01 1.557500e+02
    endloop
  endfacet
  facet normal -9.569403e-01 -2.902847e-01 0.000000e+00
    outer loop
      vertex   -4.675380e+01 5.254625e+01 1.537500e+02
      vertex   -4.675380e+01 5.254625e+01 1.557500e+02
      vertex   -4.691314e+01 5.307151e+01 1.537500e+02
    endloop
  endfacet
  facet normal -9.569403e-01 -2.902847e-01 0.000000e+00
    outer loop
      vertex   -4.691314e+01 5.307151e+01 1.537500e+02
      vertex   -4.675380e+01 5.254625e+01 1.557500e+02
      vertex   -4.691314e+01 5.307151e+01 1.557500e+02
    endloop
  endfacet
  facet normal -8.819213e-01 -4.713967e-01 0.000000e+00
    outer loop
      vertex   -4.691314e+01 5.307151e+01 1.537500e+02
      vertex   -4.691314e+01 5.307151e+01 1.557500e+02
      vertex   -4.717189e+01 5.355560e+01 1.537500e+02
    endloop
  endfacet
  facet normal -8.819213e-01 -4.713967e-01 0.000000e+00
    outer loop
      vertex   -4.717189e+01 5.355560e+01 1.537500e+02
      vertex   -4.691314e+01 5.307151e+01 1.557500e+02
      vertex   -4.717189e+01 5.355560e+01 1.557500e+02
    endloop
  endfacet
  facet normal -7.730105e-01 -6.343933e-01 0.000000e+00
    outer loop
      vertex   -4.717189e+01 5.355560e+01 1.537500e+02
      vertex   -4.717189e+01 5.355560e+01 1.557500e+02
      vertex   -4.752010e+01 5.397990e+01 1.537500e+02
    endloop
  endfacet
  facet normal -7.730105e-01 -6.343933e-01 0.000000e+00
    outer loop
      vertex   -4.752010e+01 5.397990e+01 1.537500e+02
      vertex   -4.717189e+01 5.355560e+01 1.557500e+02
      vertex   -4.752010e+01 5.397990e+01 1.557500e+02
    endloop
  endfacet
  facet normal -6.343933e-01 -7.730105e-01 0.000000e+00
    outer loop
      vertex   -4.752010e+01 5.397990e+01 1.537500e+02
      vertex   -4.752010e+01 5.397990e+01 1.557500e+02
      vertex   -4.794440e+01 5.432812e+01 1.537500e+02
    endloop
  endfacet
  facet normal -6.343933e-01 -7.730105e-01 0.000000e+00
    outer loop
      vertex   -4.794440e+01 5.432812e+01 1.537500e+02
      vertex   -4.752010e+01 5.397990e+01 1.557500e+02
      vertex   -4.794440e+01 5.432812e+01 1.557500e+02
    endloop
  endfacet
  facet normal -4.713967e-01 -8.819213e-01 0.000000e+00
    outer loop
      vertex   -4.794440e+01 5.432812e+01 1.537500e+02
      vertex   -4.794440e+01 5.432812e+01 1.557500e+02
      vertex   -4.842849e+01 5.458686e+01 1.537500e+02
    endloop
  endfacet
  facet normal -4.713967e-01 -8.819213e-01 0.000000e+00
    outer loop
      vertex   -4.842849e+01 5.458686e+01 1.537500e+02
      vertex   -4.794440e+01 5.432812e+01 1.557500e+02
      vertex   -4.842849e+01 5.458686e+01 1.557500e+02
    endloop
  endfacet
  facet normal -2.902847e-01 -9.569403e-01 0.000000e+00
    outer loop
      vertex   -4.842849e+01 5.458686e+01 1.537500e+02
      vertex   -4.842849e+01 5.458686e+01 1.557500e+02
      vertex   -4.895375e+01 5.474620e+01 1.537500e+02
    endloop
  endfacet
  facet normal -2.902847e-01 -9.569403e-01 0.000000e+00
    outer loop
      vertex   -4.895375e+01 5.474620e+01 1.537500e+02
      vertex   -4.842849e+01 5.458686e+01 1.557500e+02
      vertex   -4.895375e+01 5.474620e+01 1.557500e+02
    endloop
  endfacet
  facet normal -9.801714e-02 -9.951847e-01 0.000000e+00
    outer loop
      vertex   -4.895375e+01 5.474620e+01 1.537500e+02
      vertex   -4.895375e+01 5.474620e+01 1.557500e+02
      vertex   -4.950000e+01 5.480000e+01 1.537500e+02
    endloop
  endfacet
  facet normal -9.801714e-02 -9.951847e-01 0.000000e+00
    outer loop
      vertex   -4.950000e+01 5.480000e+01 1.537500e+02
      vertex   -4.895375e+01 5.474620e+01 1.557500e+02
      vertex   -4.950000e+01 5.480000e+01 1.557500e+02
    endloop
  endfacet
  facet normal 9.801714e-02 -9.951847e-01 0.000000e+00
    outer loop
      vertex   -4.950000e+01 5.480000e+01 1.537500e+02
      vertex   -4.950000e+01 5.480000e+01 1.557500e+02
      vertex   -5.004625e+01 5.474620e+01 1.537500e+02
    endloop
  endfacet
  facet normal 9.801714e-02 -9.951847e-01 0.000000e+00
    outer loop
      vertex   -5.004625e+01 5.474620e+01 1.537500e+02
      vertex   -4.950000e+01 5.480000e+01 1.557500e+02
      vertex   -5.004625e+01 5.474620e+01 1.557500e+02
    endloop
  endfacet
  facet normal 2.902847e-01 -9.569403e-01 0.000000e+00
    outer loop
      vertex   -5.004625e+01 5.474620e+01 1.537500e+02
      vertex   -5.004625e+01 5.474620e+01 1.557500e+02
      vertex   -5.057151e+01 5.458686e+01 1.537500e+02
    endloop
  endfacet
  facet normal 2.902847e-01 -9.569403e-01 0.000000e+00
    outer loop
      vertex   -5.057151e+01 5.458686e+01 1.537500e+02
      vertex   -5.004625e+01 5.474620e+01 1.557500e+02
      vertex   -5.057151e+01 5.458686e+01 1.557500e+02
    endloop
  endfacet
  facet normal 4.713967e-01 -8.819213e-01 0.000000e+00
    outer loop
      vertex   -5.057151e+01 5.458686e+01 1.537500e+02
      vertex   -5.057151e+01 5.458686e+01 1.557500e+02
      vertex   -5.105560e+01 5.432812e+01 1.537500e+02
    endloop
  endfacet
  facet normal 4.713967e-01 -8.819213e-01 0.000000e+00
    outer loop
      vertex   -5.105560e+01 5.432812e+01 1.537500e+02
      vertex   -5.057151e+01 5.458686e+01 1.557500e+02
      vertex   -5.105560e+01 5.432812e+01 1.557500e+02
    endloop
  endfacet
  facet normal 6.343933e-01 -7.730105e-01 0.000000e+00
    outer loop
      vertex   -5.105560e+01 5.432812e+01 1.537500e+02
      vertex   -5.105560e+01 5.432812e+01 1.557500e+02
      vertex   -5.147990e+01 5.397990e+01 1.537500e+02
    endloop
  endfacet
  facet normal 6.343933e-01 -7.730105e-01 0.000000e+00
    outer loop
      vertex   -5.147990e+01 5.397990e+01 1.537500e+02
      vertex   -5.105560e+01 5.432812e+01 1.557500e+02
      vertex   -5.147990e+01 5.397990e+01 1.557500e+02
    endloop
  endfacet
  facet normal 7.730105e-01 -6.343933e-01 0.000000e+00
    outer loop
      vertex   -5.147990e+01 5.397990e+01 1.537500e+02
      vertex   -5.147990e+01 5.397990e+01 1.557500e+02
      vertex   -5.182811e+01 5.355560e+01 1.537500e+02
    endloop
  endfacet
  facet normal 7.730105e-01 -6.343933e-01 0.000000e+00
    outer loop
      vertex   -5.182811e+01 5.355560e+01 1.537500e+02
      vertex   -5.147990e+01 5.397990e+01 1.557500e+02
      vertex   -5.182811e+01 5.355560e+01 1.557500e+02
    endloop
  endfacet
  facet normal 8.819213e-01 -4.713967e-01 0.000000e+00
    outer loop
      vertex   -5.182811e+01 5.355560e+01 1.537500e+02
      vertex   -5.182811e+01 5.355560e+01 1.557500e+02
      vertex   -5.208686e+01 5.307151e+01 1.537500e+02
    endloop
  endfacet
  facet normal 8.819213e-01 -4.713967e-01 0.000000e+00
    outer loop
      vertex   -5.208686e+01 5.307151e+01 1.537500e+02
      vertex   -5.182811e+01 5.355560e+01 1.557500e+02
      vertex   -5.208686e+01 5.307151e+01 1.557500e+02
    endloop
  endfacet
  facet normal 9.569403e-01 -2.902847e-01 0.000000e+00
    outer loop
      vertex   -5.208686e+01 5.307151e+01 1.537500e+02
      vertex   -5.208686e+01 5.307151e+01 1.557500e+02
      vertex   -5.224620e+01 5.254625e+01 1.537500e+02
    endloop
  endfacet
  facet normal 9.569403e-01 -2.902847e-01 0.000000e+00
    outer loop
      vertex   -5.224620e+01 5.254625e+01 1.537500e+02
      vertex   -5.208686e+01 5.307151e+01 1.557500e+02
      vertex   -5.224620e+01 5.254625e+01 1.557500e+02
    endloop
  endfacet
  facet normal 9.951847e-01 -9.801714e-02 0.000000e+00
    outer loop
      vertex   -5.224620e+01 5.254625e+01 1.537500e+02
      vertex   -5.224620e+01 5.254625e+01 1.557500e+02
      vertex   -5.230000e+01 5.200000e+01 1.537500e+02
    endloop
  endfacet
  facet normal 9.951847e-01 -9.801714e-02 0.000000e+00
    outer loop
      vertex   -5.230000e+01 5.200000e+01 1.537500e+02
      vertex   -5.224620e+01 5.254625e+01 1.557500e+02
      vertex   -5.230000e+01 5.200000e+01 1.557500e+02
    endloop
  endfacet
  facet normal 9.951847e-01 9.801714e-02 -0.000000e+00
    outer loop
      vertex   -5.230000e+01 5.200000e+01 1.537500e+02
      vertex   -5.230000e+01 5.200000e+01 1.557500e+02
      vertex   -5.224620e+01 5.145375e+01 1.537500e+02
    endloop
  endfacet
  facet normal 9.951847e-01 9.801714e-02 -0.000000e+00
    outer loop
      vertex   -5.224620e+01 5.145375e+01 1.537500e+02
      vertex   -5.230000e+01 5.200000e+01 1.557500e+02
      vertex   -5.224620e+01 5.145375e+01 1.557500e+02
    endloop
  endfacet
  facet normal 9.569403e-01 2.902847e-01 -0.000000e+00
    outer loop
      vertex   -5.224620e+01 5.145375e+01 1.537500e+02
      vertex   -5.224620e+01 5.145375e+01 1.557500e+02
      vertex   -5.208686e+01 5.092849e+01 1.537500e+02
    endloop
  endfacet
  facet normal 9.569403e-01 2.902847e-01 -0.000000e+00
    outer loop
      vertex   -5.208686e+01 5.092849e+01 1.537500e+02
      vertex   -5.224620e+01 5.145375e+01 1.557500e+02
      vertex   -5.208686e+01 5.092849e+01 1.557500e+02
    endloop
  endfacet
  facet normal 8.819213e-01 4.713967e-01 -0.000000e+00
    outer loop
      vertex   -5.208686e+01 5.092849e+01 1.537500e+02
      vertex   -5.208686e+01 5.092849e+01 1.557500e+02
      vertex   -5.182811e+01 5.044440e+01 1.537500e+02
    endloop
  endfacet
  facet normal 8.819213e-01 4.713967e-01 -0.000000e+00
    outer loop
      vertex   -5.182811e+01 5.044440e+01 1.537500e+02
      vertex   -5.208686e+01 5.092849e+01 1.557500e+02
      vertex   -5.182811e+01 5.044440e+01 1.557500e+02
    endloop
  endfacet
  facet normal 7.730105e-01 6.343933e-01 -0.000000e+00
    outer loop
      vertex   -5.182811e+01 5.044440e+01 1.537500e+02
      vertex   -5.182811e+01 5.044440e+01 1.557500e+02
      vertex   -5.147990e+01 5.002010e+01 1.537500e+02
    endloop
  endfacet
  facet normal 7.730105e-01 6.343933e-01 -0.000000e+00
    outer loop
      vertex   -5.147990e+01 5.002010e+01 1.537500e+02
      vertex   -5.182811e+01 5.044440e+01 1.557500e+02
      vertex   -5.147990e+01 5.002010e+01 1.557500e+02
    endloop
  endfacet
  facet normal 6.343933e-01 7.730105e-01 -0.000000e+00
    outer loop
      vertex   -5.147990e+01 5.002010e+01 1.537500e+02
      vertex   -5.147990e+01 5.002010e+01 1.557500e+02
      vertex   -5.105560e+01 4.967189e+01 1.537500e+02
    endloop
  endfacet
  facet normal 6.343933e-01 7.730105e-01 -0.000000e+00
    outer loop
      vertex   -5.105560e+01 4.967189e+01 1.537500e+02
      vertex   -5.147990e+01 5.002010e+01 1.557500e+02
      vertex   -5.105560e+01 4.967189e+01 1.557500e+02
    endloop
  endfacet
  facet normal 4.713967e-01 8.819213e-01 -0.000000e+00
    outer loop
      vertex   -5.105560e+01 4.967189e+01 1.537500e+02
      vertex   -5.105560e+01 4.967189e+01 1.557500e+02
      vertex   -5.057151e+01 4.941314e+01 1.537500e+02
    endloop
  endfacet
  facet normal 4.713967e-01 8.819213e-01 -0.000000e+00
    outer loop
      vertex   -5.057151e+01 4.941314e+01 1.537500e+02
      vertex   -5.105560e+01 4.967189e+01 1.557500e+02
      vertex   -5.057151e+01 4.941314e+01 1.557500e+02
    endloop
  endfacet
  facet normal 2.902847e-01 9.569403e-01 -0.000000e+00
    outer loop
      vertex   -5.057151e+01 4.941314e+01 1.537500e+02
      vertex   -5.057151e+01 4.941314e+01 1.557500e+02
      vertex   -5.004625e+01 4.925380e+01 1.537500e+02
    endloop
  endfacet
  facet normal 2.902847e-01 9.569403e-01 -0.000000e+00
    outer loop
      vertex   -5.004625e+01 4.925380e+01 1.537500e+02
      vertex   -5.057151e+01 4.941314e+01 1.557500e+02
      vertex   -5.004625e+01 4.925380e+01 1.557500e+02
    endloop
  endfacet
  facet normal 9.904050e-01 4.578918e-02 1.303893e-01
    outer loop
      vertex   -3.655546e+01 4.519949e+01 1.547500e+02
      vertex   -3.658938e+01 4.519634e+01 1.550088e+02
      vertex   -3.650000e+01 4.400000e+01 1.547500e+02
    endloop
  endfacet
  facet normal 9.904050e-01 4.578918e-02 1.303893e-01
    outer loop
      vertex   -3.650000e+01 4.400000e+01 1.547500e+02
      vertex   -3.658938e+01 4.519634e+01 1.550088e+02
      vertex   -3.653407e+01 4.400000e+01 1.550088e+02
    endloop
  endfacet
  facet normal 9.904050e-01 -4.578918e-02 1.303893e-01
    outer loop
      vertex   -3.650000e+01 4.400000e+01 1.547500e+02
      vertex   -3.653407e+01 4.400000e+01 1.550088e+02
      vertex   -3.655546e+01 4.280051e+01 1.547500e+02
    endloop
  endfacet
  facet normal 9.904050e-01 -4.578918e-02 1.303893e-01
    outer loop
      vertex   -3.655546e+01 4.280051e+01 1.547500e+02
      vertex   -3.653407e+01 4.400000e+01 1.550088e+02
      vertex   -3.658938e+01 4.280366e+01 1.550088e+02
    endloop
  endfacet
  facet normal 9.819552e-01 -1.369769e-01 1.303893e-01
    outer loop
      vertex   -3.655546e+01 4.280051e+01 1.547500e+02
      vertex   -3.658938e+01 4.280366e+01 1.550088e+02
      vertex   -3.672135e+01 4.161126e+01 1.547500e+02
    endloop
  endfacet
  facet normal 9.819552e-01 -1.369769e-01 1.303893e-01
    outer loop
      vertex   -3.672135e+01 4.161126e+01 1.547500e+02
      vertex   -3.658938e+01 4.280366e+01 1.550088e+02
      vertex   -3.675484e+01 4.161752e+01 1.550088e+02
    endloop
  endfacet
  facet normal 9.651277e-01 -2.269960e-01 1.303893e-01
    outer loop
      vertex   -3.672135e+01 4.161126e+01 1.547500e+02
      vertex   -3.675484e+01 4.161752e+01 1.550088e+02
      vertex   -3.699627e+01 4.044238e+01 1.547500e+02
    endloop
  endfacet
  facet normal 9.651277e-01 -2.269960e-01 1.303893e-01
    outer loop
      vertex   -3.699627e+01 4.044238e+01 1.547500e+02
      vertex   -3.675484e+01 4.161752e+01 1.550088e+02
      vertex   -3.702904e+01 4.045171e+01 1.550088e+02
    endloop
  endfacet
  facet normal 9.400661e-01 -3.150784e-01 1.303893e-01
    outer loop
      vertex   -3.699627e+01 4.044238e+01 1.547500e+02
      vertex   -3.702904e+01 4.045171e+01 1.550088e+02
      vertex   -3.737786e+01 3.930386e+01 1.547500e+02
    endloop
  endfacet
  facet normal 9.400661e-01 -3.150784e-01 1.303893e-01
    outer loop
      vertex   -3.737786e+01 3.930386e+01 1.547500e+02
      vertex   -3.702904e+01 4.045171e+01 1.550088e+02
      vertex   -3.740963e+01 3.931617e+01 1.550088e+02
    endloop
  endfacet
  facet normal 9.069842e-01 -4.004727e-01 1.303893e-01
    outer loop
      vertex   -3.737786e+01 3.930386e+01 1.547500e+02
      vertex   -3.740963e+01 3.931617e+01 1.550088e+02
      vertex   -3.786288e+01 3.820540e+01 1.547500e+02
    endloop
  endfacet
  facet normal 9.069842e-01 -4.004727e-01 1.303893e-01
    outer loop
      vertex   -3.786288e+01 3.820540e+01 1.547500e+02
      vertex   -3.740963e+01 3.931617e+01 1.550088e+02
      vertex   -3.789338e+01 3.822059e+01 1.550088e+02
    endloop
  endfacet
  facet normal 8.661642e-01 -4.824503e-01 1.303893e-01
    outer loop
      vertex   -3.786288e+01 3.820540e+01 1.547500e+02
      vertex   -3.789338e+01 3.822059e+01 1.550088e+02
      vertex   -3.844718e+01 3.715638e+01 1.547500e+02
    endloop
  endfacet
  facet normal 8.661642e-01 -4.824503e-01 1.303893e-01
    outer loop
      vertex   -3.844718e+01 3.715638e+01 1.547500e+02
      vertex   -3.789338e+01 3.822059e+01 1.550088e+02
      vertex   -3.847615e+01 3.717432e+01 1.550088e+02
    endloop
  endfacet
  facet normal 8.179544e-01 -5.603118e-01 1.303893e-01
    outer loop
      vertex   -3.844718e+01 3.715638e+01 1.547500e+02
      vertex   -3.847615e+01 3.717432e+01 1.550088e+02
      vertex   -3.912578e+01 3.616575e+01 1.547500e+02
    endloop
  endfacet
  facet normal 8.179544e-01 -5.603118e-01 1.303893e-01
    outer loop
      vertex   -3.912578e+01 3.616575e+01 1.547500e+02
      vertex   -3.847615e+01 3.717432e+01 1.550088e+02
      vertex   -3.915297e+01 3.618628e+01 1.550088e+02
    endloop
  endfacet
  facet normal 7.627661e-01 -6.333929e-01 1.303893e-01
    outer loop
      vertex   -3.912578e+01 3.616575e+01 1.547500e+02
      vertex   -3.915297e+01 3.618628e+01 1.550088e+02
      vertex   -3.989288e+01 3.524196e+01 1.547500e+02
    endloop
  endfacet
  facet normal 7.627661e-01 -6.333929e-01 1.303893e-01
    outer loop
      vertex   -3.989288e+01 3.524196e+01 1.547500e+02
      vertex   -3.915297e+01 3.618628e+01 1.550088e+02
      vertex   -3.991807e+01 3.526491e+01 1.550088e+02
    endloop
  endfacet
  facet normal 7.010701e-01 -7.010701e-01 1.303893e-01
    outer loop
      vertex   -3.989288e+01 3.524196e+01 1.547500e+02
      vertex   -3.991807e+01 3.526491e+01 1.550088e+02
      vertex   -4.074196e+01 3.439288e+01 1.547500e+02
    endloop
  endfacet
  facet normal 7.010701e-01 -7.010701e-01 1.303893e-01
    outer loop
      vertex   -4.074196e+01 3.439288e+01 1.547500e+02
      vertex   -3.991807e+01 3.526491e+01 1.550088e+02
      vertex   -4.076491e+01 3.441807e+01 1.550088e+02
    endloop
  endfacet
  facet normal 6.333929e-01 -7.627661e-01 1.303893e-01
    outer loop
      vertex   -4.074196e+01 3.439288e+01 1.547500e+02
      vertex   -4.076491e+01 3.441807e+01 1.550088e+02
      vertex   -4.166575e+01 3.362578e+01 1.547500e+02
    endloop
  endfacet
  facet normal 6.333929e-01 -7.627661e-01 1.303893e-01
    outer loop
      vertex   -4.166575e+01 3.362578e+01 1.547500e+02
      vertex   -4.076491e+01 3.441807e+01 1.550088e+02
      vertex   -4.168628e+01 3.365297e+01 1.550088e+02
    endloop
  endfacet
  facet normal 5.603118e-01 -8.179544e-01 1.303893e-01
    outer loop
      vertex   -4.166575e+01 3.362578e+01 1.547500e+02
      vertex   -4.168628e+01 3.365297e+01 1.550088e+02
      vertex   -4.265638e+01 3.294718e+01 1.547500e+02
    endloop
  endfacet
  facet normal 5.603118e-01 -8.179544e-01 1.303893e-01
    outer loop
      vertex   -4.265638e+01 3.294718e+01 1.547500e+02
      vertex   -4.168628e+01 3.365297e+01 1.550088e+02
      vertex   -4.267432e+01 3.297615e+01 1.550088e+02
    endloop
  endfacet
  facet normal 4.824503e-01 -8.661642e-01 1.303893e-01
    outer loop
      vertex   -4.265638e+01 3.294718e+01 1.547500e+02
      vertex   -4.267432e+01 3.297615e+01 1.550088e+02
      vertex   -4.370540e+01 3.236288e+01 1.547500e+02
    endloop
  endfacet
  facet normal 4.824503e-01 -8.661642e-01 1.303893e-01
    outer loop
      vertex   -4.370540e+01 3.236288e+01 1.547500e+02
      vertex   -4.267432e+01 3.297615e+01 1.550088e+02
      vertex   -4.372059e+01 3.239338e+01 1.550088e+02
    endloop
  endfacet
  facet normal 4.004727e-01 -9.069842e-01 1.303893e-01
    outer loop
      vertex   -4.370540e+01 3.236288e+01 1.547500e+02
      vertex   -4.372059e+01 3.239338e+01 1.550088e+02
      vertex   -4.480386e+01 3.187786e+01 1.547500e+02
    endloop
  endfacet
  facet normal 4.004727e-01 -9.069842e-01 1.303893e-01
    outer loop
      vertex   -4.480386e+01 3.187786e+01 1.547500e+02
      vertex   -4.372059e+01 3.239338e+01 1.550088e+02
      vertex   -4.481617e+01 3.190963e+01 1.550088e+02
    endloop
  endfacet
  facet normal 3.150784e-01 -9.400661e-01 1.303893e-01
    outer loop
      vertex   -4.480386e+01 3.187786e+01 1.547500e+02
      vertex   -4.481617e+01 3.190963e+01 1.550088e+02
      vertex   -4.594238e+01 3.149627e+01 1.547500e+02
    endloop
  endfacet
  facet normal 3.150784e-01 -9.400661e-01 1.303893e-01
    outer loop
      vertex   -4.594238e+01 3.149627e+01 1.547500e+02
      vertex   -4.481617e+01 3.190963e+01 1.550088e+02
      vertex   -4.595171e+01 3.152904e+01 1.550088e+02
    endloop
  endfacet
  facet normal 2.269960e-01 -9.651277e-01 1.303893e-01
    outer loop
      vertex   -4.594238e+01 3.149627e+01 1.547500e+02
      vertex   -4.595171e+01 3.152904e+01 1.550088e+02
      vertex   -4.711126e+01 3.122135e+01 1.547500e+02
    endloop
  endfacet
  facet normal 2.269960e-01 -9.651277e-01 1.303893e-01
    outer loop
      vertex   -4.711126e+01 3.122135e+01 1.547500e+02
      vertex   -4.595171e+01 3.152904e+01 1.550088e+02
      vertex   -4.711752e+01 3.125484e+01 1.550088e+02
    endloop
  endfacet
  facet normal 1.369769e-01 -9.819552e-01 1.303893e-01
    outer loop
      vertex   -4.711126e+01 3.122135e+01 1.547500e+02
      vertex   -4.711752e+01 3.125484e+01 1.550088e+02
      vertex   -4.830051e+01 3.105546e+01 1.547500e+02
    endloop
  endfacet
  facet normal 1.369769e-01 -9.819552e-01 1.303893e-01
    outer loop
      vertex   -4.830051e+01 3.105546e+01 1.547500e+02
      vertex   -4.711752e+01 3.125484e+01 1.550088e+02
      vertex   -4.830366e+01 3.108938e+01 1.550088e+02
    endloop
  endfacet
  facet normal 4.578918e-02 -9.904050e-01 1.303893e-01
    outer loop
      vertex   -4.830051e+01 3.105546e+01 1.547500e+02
      vertex   -4.830366e+01 3.108938e+01 1.550088e+02
      vertex   -4.950000e+01 3.100000e+01 1.547500e+02
    endloop
  endfacet
  facet normal 4.578918e-02 -9.904050e-01 1.303893e-01
    outer loop
      vertex   -4.950000e+01 3.100000e+01 1.547500e+02
      vertex   -4.830366e+01 3.108938e+01 1.550088e+02
      vertex   -4.950000e+01 3.103407e+01 1.550088e+02
    endloop
  endfacet
  facet normal -4.578918e-02 -9.904050e-01 1.303893e-01
    outer loop
      vertex   -4.950000e+01 3.100000e+01 1.547500e+02
      vertex   -4.950000e+01 3.103407e+01 1.550088e+02
      vertex   -5.069949e+01 3.105546e+01 1.547500e+02
    endloop
  endfacet
  facet normal -4.578918e-02 -9.904050e-01 1.303893e-01
    outer loop
      vertex   -5.069949e+01 3.105546e+01 1.547500e+02
      vertex   -4.950000e+01 3.103407e+01 1.550088e+02
      vertex   -5.069634e+01 3.108938e+01 1.550088e+02
    endloop
  endfacet
  facet normal -1.369769e-01 -9.819552e-01 1.303893e-01
    outer loop
      vertex   -5.069949e+01 3.105546e+01 1.547500e+02
      vertex   -5.069634e+01 3.108938e+01 1.550088e+02
      vertex   -5.188874e+01 3.122135e+01 1.547500e+02
    endloop
  endfacet
  facet normal -1.369769e-01 -9.819552e-01 1.303893e-01
    outer loop
      vertex   -5.188874e+01 3.122135e+01 1.547500e+02
      vertex   -5.069634e+01 3.108938e+01 1.550088e+02
      vertex   -5.188248e+01 3.125484e+01 1.550088e+02
    endloop
  endfacet
  facet normal -2.269960e-01 -9.651277e-01 1.303893e-01
    outer loop
      vertex   -5.188874e+01 3.122135e+01 1.547500e+02
      vertex   -5.188248e+01 3.125484e+01 1.550088e+02
      vertex   -5.305762e+01 3.149627e+01 1.547500e+02
    endloop
  endfacet
  facet normal -2.269960e-01 -9.651277e-01 1.303893e-01
    outer loop
      vertex   -5.305762e+01 3.149627e+01 1.547500e+02
      vertex   -5.188248e+01 3.125484e+01 1.550088e+02
      vertex   -5.304829e+01 3.152904e+01 1.550088e+02
    endloop
  endfacet
  facet normal -3.150784e-01 -9.400661e-01 1.303893e-01
    outer loop
      vertex   -5.305762e+01 3.149627e+01 1.547500e+02
      vertex   -5.304829e+01 3.152904e+01 1.550088e+02
      vertex   -5.419614e+01 3.187786e+01 1.547500e+02
    endloop
  endfacet
  facet normal -3.150784e-01 -9.400661e-01 1.303893e-01
    outer loop
      vertex   -5.419614e+01 3.187786e+01 1.547500e+02
      vertex   -5.304829e+01 3.152904e+01 1.550088e+02
      vertex   -5.418383e+01 3.190963e+01 1.550088e+02
    endloop
  endfacet
  facet normal -4.004727e-01 -9.069842e-01 1.303893e-01
    outer loop
      vertex   -5.419614e+01 3.187786e+01 1.547500e+02
      vertex   -5.418383e+01 3.190963e+01 1.550088e+02
      vertex   -5.529460e+01 3.236288e+01 1.547500e+02
    endloop
  endfacet
  facet normal -4.004727e-01 -9.069842e-01 1.303893e-01
    outer loop
      vertex   -5.529460e+01 3.236288e+01 1.547500e+02
      vertex   -5.418383e+01 3.190963e+01 1.550088e+02
      vertex   -5.527941e+01 3.239338e+01 1.550088e+02
    endloop
  endfacet
  facet normal -4.824503e-01 -8.661642e-01 1.303893e-01
    outer loop
      vertex   -5.529460e+01 3.236288e+01 1.547500e+02
      vertex   -5.527941e+01 3.239338e+01 1.550088e+02
      vertex   -5.634362e+01 3.294718e+01 1.547500e+02
    endloop
  endfacet
  facet normal -4.824503e-01 -8.661642e-01 1.303893e-01
    outer loop
      vertex   -5.634362e+01 3.294718e+01 1.547500e+02
      vertex   -5.527941e+01 3.239338e+01 1.550088e+02
      vertex   -5.632568e+01 3.297615e+01 1.550088e+02
    endloop
  endfacet
  facet normal -5.603118e-01 -8.179544e-01 1.303893e-01
    outer loop
      vertex   -5.634362e+01 3.294718e+01 1.547500e+02
      vertex   -5.632568e+01 3.297615e+01 1.550088e+02
      vertex   -5.733425e+01 3.362578e+01 1.547500e+02
    endloop
  endfacet
  facet normal -5.603118e-01 -8.179544e-01 1.303893e-01
    outer loop
      vertex   -5.733425e+01 3.362578e+01 1.547500e+02
      vertex   -5.632568e+01 3.297615e+01 1.550088e+02
      vertex   -5.731372e+01 3.365297e+01 1.550088e+02
    endloop
  endfacet
  facet normal -6.333929e-01 -7.627661e-01 1.303893e-01
    outer loop
      vertex   -5.733425e+01 3.362578e+01 1.547500e+02
      vertex   -5.731372e+01 3.365297e+01 1.550088e+02
      vertex   -5.825804e+01 3.439288e+01 1.547500e+02
    endloop
  endfacet
  facet normal -6.333929e-01 -7.627661e-01 1.303893e-01
    outer loop
      vertex   -5.825804e+01 3.439288e+01 1.547500e+02
      vertex   -5.731372e+01 3.365297e+01 1.550088e+02
      vertex   -5.823509e+01 3.441807e+01 1.550088e+02
    endloop
  endfacet
  facet normal -7.010701e-01 -7.010701e-01 1.303893e-01
    outer loop
      vertex   -5.825804e+01 3.439288e+01 1.547500e+02
      vertex   -5.823509e+01 3.441807e+01 1.550088e+02
      vertex   -5.910712e+01 3.524196e+01 1.547500e+02
    endloop
  endfacet
  facet normal -7.010701e-01 -7.010701e-01 1.303893e-01
    outer loop
      vertex   -5.910712e+01 3.524196e+01 1.547500e+02
      vertex   -5.823509e+01 3.441807e+01 1.550088e+02
      vertex   -5.908193e+01 3.526491e+01 1.550088e+02
    endloop
  endfacet
  facet normal -7.627661e-01 -6.333929e-01 1.303893e-01
    outer loop
      vertex   -5.910712e+01 3.524196e+01 1.547500e+02
      vertex   -5.908193e+01 3.526491e+01 1.550088e+02
      vertex   -5.987422e+01 3.616575e+01 1.547500e+02
    endloop
  endfacet
  facet normal -7.627661e-01 -6.333929e-01 1.303893e-01
    outer loop
      vertex   -5.987422e+01 3.616575e+01 1.547500e+02
      vertex   -5.908193e+01 3.526491e+01 1.550088e+02
      vertex   -5.984703e+01 3.618628e+01 1.550088e+02
    endloop
  endfacet
  facet normal -8.179544e-01 -5.603118e-01 1.303893e-01
    outer loop
      vertex   -5.987422e+01 3.616575e+01 1.547500e+02
      vertex   -5.984703e+01 3.618628e+01 1.550088e+02
      vertex   -6.055282e+01 3.715638e+01 1.547500e+02
    endloop
  endfacet
  facet normal -8.179544e-01 -5.603118e-01 1.303893e-01
    outer loop
      vertex   -6.055282e+01 3.715638e+01 1.547500e+02
      vertex   -5.984703e+01 3.618628e+01 1.550088e+02
      vertex   -6.052385e+01 3.717432e+01 1.550088e+02
    endloop
  endfacet
  facet normal -8.661642e-01 -4.824503e-01 1.303893e-01
    outer loop
      vertex   -6.055282e+01 3.715638e+01 1.547500e+02
      vertex   -6.052385e+01 3.717432e+01 1.550088e+02
      vertex   -6.113712e+01 3.820540e+01 1.547500e+02
    endloop
  endfacet
  facet normal -8.661642e-01 -4.824503e-01 1.303893e-01
    outer loop
      vertex   -6.113712e+01 3.820540e+01 1.547500e+02
      vertex   -6.052385e+01 3.717432e+01 1.550088e+02
      vertex   -6.110662e+01 3.822059e+01 1.550088e+02
    endloop
  endfacet
  facet normal -9.069842e-01 -4.004727e-01 1.303893e-01
    outer loop
      vertex   -6.113712e+01 3.820540e+01 1.547500e+02
      vertex   -6.110662e+01 3.822059e+01 1.550088e+02
      vertex   -6.162214e+01 3.930386e+01 1.547500e+02
    endloop
  endfacet
  facet normal -9.069842e-01 -4.004727e-01 1.303893e-01
    outer loop
      vertex   -6.162214e+01 3.930386e+01 1.547500e+02
      vertex   -6.110662e+01 3.822059e+01 1.550088e+02
      vertex   -6.159037e+01 3.931617e+01 1.550088e+02
    endloop
  endfacet
  facet normal -9.400661e-01 -3.150784e-01 1.303893e-01
    outer loop
      vertex   -6.162214e+01 3.930386e+01 1.547500e+02
      vertex   -6.159037e+01 3.931617e+01 1.550088e+02
      vertex   -6.200373e+01 4.044238e+01 1.547500e+02
    endloop
  endfacet
  facet normal -9.400661e-01 -3.150784e-01 1.303893e-01
    outer loop
      vertex   -6.200373e+01 4.044238e+01 1.547500e+02
      vertex   -6.159037e+01 3.931617e+01 1.550088e+02
      vertex   -6.197096e+01 4.045171e+01 1.550088e+02
    endloop
  endfacet
  facet normal -9.651277e-01 -2.269960e-01 1.303893e-01
    outer loop
      vertex   -6.200373e+01 4.044238e+01 1.547500e+02
      vertex   -6.197096e+01 4.045171e+01 1.550088e+02
      vertex   -6.227865e+01 4.161126e+01 1.547500e+02
    endloop
  endfacet
  facet normal -9.651277e-01 -2.269960e-01 1.303893e-01
    outer loop
      vertex   -6.227865e+01 4.161126e+01 1.547500e+02
      vertex   -6.197096e+01 4.045171e+01 1.550088e+02
      vertex   -6.224516e+01 4.161752e+01 1.550088e+02
    endloop
  endfacet
  facet normal -9.819552e-01 -1.369769e-01 1.303893e-01
    outer loop
      vertex   -6.227865e+01 4.161126e+01 1.547500e+02
      vertex   -6.224516e+01 4.161752e+01 1.550088e+02
      vertex   -6.244454e+01 4.280051e+01 1.547500e+02
    endloop
  endfacet
  facet normal -9.819552e-01 -1.369769e-01 1.303893e-01
    outer loop
      vertex   -6.244454e+01 4.280051e+01 1.547500e+02
      vertex   -6.224516e+01 4.161752e+01 1.550088e+02
      vertex   -6.241062e+01 4.280366e+01 1.550088e+02
    endloop
  endfacet
  facet normal -9.904050e-01 -4.578918e-02 1.303893e-01
    outer loop
      vertex   -6.244454e+01 4.280051e+01 1.547500e+02
      vertex   -6.241062e+01 4.280366e+01 1.550088e+02
      vertex   -6.250000e+01 4.400000e+01 1.547500e+02
    endloop
  endfacet
  facet normal -9.904050e-01 -4.578918e-02 1.303893e-01
    outer loop
      vertex   -6.250000e+01 4.400000e+01 1.547500e+02
      vertex   -6.241062e+01 4.280366e+01 1.550088e+02
      vertex   -6.246593e+01 4.400000e+01 1.550088e+02
    endloop
  endfacet
  facet normal -9.904050e-01 4.578918e-02 1.303893e-01
    outer loop
      vertex   -6.250000e+01 4.400000e+01 1.547500e+02
      vertex   -6.246593e+01 4.400000e+01 1.550088e+02
      vertex   -6.244454e+01 4.519949e+01 1.547500e+02
    endloop
  endfacet
  facet normal -9.904050e-01 4.578918e-02 1.303893e-01
    outer loop
      vertex   -6.244454e+01 4.519949e+01 1.547500e+02
      vertex   -6.246593e+01 4.400000e+01 1.550088e+02
      vertex   -6.241062e+01 4.519634e+01 1.550088e+02
    endloop
  endfacet
  facet normal -9.819552e-01 1.369769e-01 1.303893e-01
    outer loop
      vertex   -6.244454e+01 4.519949e+01 1.547500e+02
      vertex   -6.241062e+01 4.519634e+01 1.550088e+02
      vertex   -6.227865e+01 4.638874e+01 1.547500e+02
    endloop
  endfacet
  facet normal -9.819552e-01 1.369769e-01 1.303893e-01
    outer loop
      vertex   -6.227865e+01 4.638874e+01 1.547500e+02
      vertex   -6.241062e+01 4.519634e+01 1.550088e+02
      vertex   -6.224516e+01 4.638248e+01 1.550088e+02
    endloop
  endfacet
  facet normal -9.651277e-01 2.269960e-01 1.303893e-01
    outer loop
      vertex   -6.227865e+01 4.638874e+01 1.547500e+02
      vertex   -6.224516e+01 4.638248e+01 1.550088e+02
      vertex   -6.200373e+01 4.755762e+01 1.547500e+02
    endloop
  endfacet
  facet normal -9.651277e-01 2.269960e-01 1.303893e-01
    outer loop
      vertex   -6.200373e+01 4.755762e+01 1.547500e+02
      vertex   -6.224516e+01 4.638248e+01 1.550088e+02
      vertex   -6.197096e+01 4.754829e+01 1.550088e+02
    endloop
  endfacet
  facet normal -9.400661e-01 3.150784e-01 1.303893e-01
    outer loop
      vertex   -6.200373e+01 4.755762e+01 1.547500e+02
      vertex   -6.197096e+01 4.754829e+01 1.550088e+02
      vertex   -6.162214e+01 4.869614e+01 1.547500e+02
    endloop
  endfacet
  facet normal -9.400661e-01 3.150784e-01 1.303893e-01
    outer loop
      vertex   -6.162214e+01 4.869614e+01 1.547500e+02
      vertex   -6.197096e+01 4.754829e+01 1.550088e+02
      vertex   -6.159037e+01 4.868383e+01 1.550088e+02
    endloop
  endfacet
  facet normal -9.069842e-01 4.004727e-01 1.303893e-01
    outer loop
      vertex   -6.162214e+01 4.869614e+01 1.547500e+02
      vertex   -6.159037e+01 4.868383e+01 1.550088e+02
      vertex   -6.113712e+01 4.979460e+01 1.547500e+02
    endloop
  endfacet
  facet normal -9.069842e-01 4.004727e-01 1.303893e-01
    outer loop
      vertex   -6.113712e+01 4.979460e+01 1.547500e+02
      vertex   -6.159037e+01 4.868383e+01 1.550088e+02
      vertex   -6.110662e+01 4.977941e+01 1.550088e+02
    endloop
  endfacet
  facet normal -8.661642e-01 4.824503e-01 1.303893e-01
    outer loop
      vertex   -6.113712e+01 4.979460e+01 1.547500e+02
      vertex   -6.110662e+01 4.977941e+01 1.550088e+02
      vertex   -6.055282e+01 5.084362e+01 1.547500e+02
    endloop
  endfacet
  facet normal -8.661642e-01 4.824503e-01 1.303893e-01
    outer loop
      vertex   -6.055282e+01 5.084362e+01 1.547500e+02
      vertex   -6.110662e+01 4.977941e+01 1.550088e+02
      vertex   -6.052385e+01 5.082568e+01 1.550088e+02
    endloop
  endfacet
  facet normal -8.179544e-01 5.603118e-01 1.303893e-01
    outer loop
      vertex   -6.055282e+01 5.084362e+01 1.547500e+02
      vertex   -6.052385e+01 5.082568e+01 1.550088e+02
      vertex   -5.987422e+01 5.183425e+01 1.547500e+02
    endloop
  endfacet
  facet normal -8.179544e-01 5.603118e-01 1.303893e-01
    outer loop
      vertex   -5.987422e+01 5.183425e+01 1.547500e+02
      vertex   -6.052385e+01 5.082568e+01 1.550088e+02
      vertex   -5.984703e+01 5.181372e+01 1.550088e+02
    endloop
  endfacet
  facet normal -7.627661e-01 6.333929e-01 1.303893e-01
    outer loop
      vertex   -5.987422e+01 5.183425e+01 1.547500e+02
      vertex   -5.984703e+01 5.181372e+01 1.550088e+02
      vertex   -5.910712e+01 5.275804e+01 1.547500e+02
    endloop
  endfacet
  facet normal -7.627661e-01 6.333929e-01 1.303893e-01
    outer loop
      vertex   -5.910712e+01 5.275804e+01 1.547500e+02
      vertex   -5.984703e+01 5.181372e+01 1.550088e+02
      vertex   -5.908193e+01 5.273509e+01 1.550088e+02
    endloop
  endfacet
  facet normal -7.010701e-01 7.010701e-01 1.303893e-01
    outer loop
      vertex   -5.910712e+01 5.275804e+01 1.547500e+02
      vertex   -5.908193e+01 5.273509e+01 1.550088e+02
      vertex   -5.825804e+01 5.360712e+01 1.547500e+02
    endloop
  endfacet
  facet normal -7.010701e-01 7.010701e-01 1.303893e-01
    outer loop
      vertex   -5.825804e+01 5.360712e+01 1.547500e+02
      vertex   -5.908193e+01 5.273509e+01 1.550088e+02
      vertex   -5.823509e+01 5.358193e+01 1.550088e+02
    endloop
  endfacet
  facet normal -6.333929e-01 7.627661e-01 1.303893e-01
    outer loop
      vertex   -5.825804e+01 5.360712e+01 1.547500e+02
      vertex   -5.823509e+01 5.358193e+01 1.550088e+02
      vertex   -5.733425e+01 5.437422e+01 1.547500e+02
    endloop
  endfacet
  facet normal -6.333929e-01 7.627661e-01 1.303893e-01
    outer loop
      vertex   -5.733425e+01 5.437422e+01 1.547500e+02
      vertex   -5.823509e+01 5.358193e+01 1.550088e+02
      vertex   -5.731372e+01 5.434703e+01 1.550088e+02
    endloop
  endfacet
  facet normal -5.603118e-01 8.179544e-01 1.303893e-01
    outer loop
      vertex   -5.733425e+01 5.437422e+01 1.547500e+02
      vertex   -5.731372e+01 5.434703e+01 1.550088e+02
      vertex   -5.634362e+01 5.505282e+01 1.547500e+02
    endloop
  endfacet
  facet normal -5.603118e-01 8.179544e-01 1.303893e-01
    outer loop
      vertex   -5.634362e+01 5.505282e+01 1.547500e+02
      vertex   -5.731372e+01 5.434703e+01 1.550088e+02
      vertex   -5.632568e+01 5.502385e+01 1.550088e+02
    endloop
  endfacet
  facet normal -4.824503e-01 8.661642e-01 1.303893e-01
    outer loop
      vertex   -5.634362e+01 5.505282e+01 1.547500e+02
      vertex   -5.632568e+01 5.502385e+01 1.550088e+02
      vertex   -5.529460e+01 5.563712e+01 1.547500e+02
    endloop
  endfacet
  facet normal -4.824503e-01 8.661642e-01 1.303893e-01
    outer loop
      vertex   -5.529460e+01 5.563712e+01 1.547500e+02
      vertex   -5.632568e+01 5.502385e+01 1.550088e+02
      vertex   -5.527941e+01 5.560662e+01 1.550088e+02
    endloop
  endfacet
  facet normal -4.004727e-01 9.069842e-01 1.303893e-01
    outer loop
      vertex   -5.529460e+01 5.563712e+01 1.547500e+02
      vertex   -5.527941e+01 5.560662e+01 1.550088e+02
      vertex   -5.419614e+01 5.612214e+01 1.547500e+02
    endloop
  endfacet
  facet normal -4.004727e-01 9.069842e-01 1.303893e-01
    outer loop
      vertex   -5.419614e+01 5.612214e+01 1.547500e+02
      vertex   -5.527941e+01 5.560662e+01 1.550088e+02
      vertex   -5.418383e+01 5.609037e+01 1.550088e+02
    endloop
  endfacet
  facet normal -3.150784e-01 9.400661e-01 1.303893e-01
    outer loop
      vertex   -5.419614e+01 5.612214e+01 1.547500e+02
      vertex   -5.418383e+01 5.609037e+01 1.550088e+02
      vertex   -5.305762e+01 5.650373e+01 1.547500e+02
    endloop
  endfacet
  facet normal -3.150784e-01 9.400661e-01 1.303893e-01
    outer loop
      vertex   -5.305762e+01 5.650373e+01 1.547500e+02
      vertex   -5.418383e+01 5.609037e+01 1.550088e+02
      vertex   -5.304829e+01 5.647096e+01 1.550088e+02
    endloop
  endfacet
  facet normal -2.269960e-01 9.651277e-01 1.303893e-01
    outer loop
      vertex   -5.305762e+01 5.650373e+01 1.547500e+02
      vertex   -5.304829e+01 5.647096e+01 1.550088e+02
      vertex   -5.188874e+01 5.677865e+01 1.547500e+02
    endloop
  endfacet
  facet normal -2.269960e-01 9.651277e-01 1.303893e-01
    outer loop
      vertex   -5.188874e+01 5.677865e+01 1.547500e+02
      vertex   -5.304829e+01 5.647096e+01 1.550088e+02
      vertex   -5.188248e+01 5.674516e+01 1.550088e+02
    endloop
  endfacet
  facet normal -1.369769e-01 9.819552e-01 1.303893e-01
    outer loop
      vertex   -5.188874e+01 5.677865e+01 1.547500e+02
      vertex   -5.188248e+01 5.674516e+01 1.550088e+02
      vertex   -5.069949e+01 5.694454e+01 1.547500e+02
    endloop
  endfacet
  facet normal -1.369769e-01 9.819552e-01 1.303893e-01
    outer loop
      vertex   -5.069949e+01 5.694454e+01 1.547500e+02
      vertex   -5.188248e+01 5.674516e+01 1.550088e+02
      vertex   -5.069634e+01 5.691062e+01 1.550088e+02
    endloop
  endfacet
  facet normal -4.578918e-02 9.904050e-01 1.303893e-01
    outer loop
      vertex   -5.069949e+01 5.694454e+01 1.547500e+02
      vertex   -5.069634e+01 5.691062e+01 1.550088e+02
      vertex   -4.950000e+01 5.700000e+01 1.547500e+02
    endloop
  endfacet
  facet normal -4.578918e-02 9.904050e-01 1.303893e-01
    outer loop
      vertex   -4.950000e+01 5.700000e+01 1.547500e+02
      vertex   -5.069634e+01 5.691062e+01 1.550088e+02
      vertex   -4.950000e+01 5.696593e+01 1.550088e+02
    endloop
  endfacet
  facet normal 4.578918e-02 9.904050e-01 1.303893e-01
    outer loop
      vertex   -4.950000e+01 5.700000e+01 1.547500e+02
      vertex   -4.950000e+01 5.696593e+01 1.550088e+02
      vertex   -4.830051e+01 5.694454e+01 1.547500e+02
    endloop
  endfacet
  facet normal 4.578918e-02 9.904050e-01 1.303893e-01
    outer loop
      vertex   -4.830051e+01 5.694454e+01 1.547500e+02
      vertex   -4.950000e+01 5.696593e+01 1.550088e+02
      vertex   -4.830366e+01 5.691062e+01 1.550088e+02
    endloop
  endfacet
  facet normal 1.369769e-01 9.819552e-01 1.303893e-01
    outer loop
      vertex   -4.830051e+01 5.694454e+01 1.547500e+02
      vertex   -4.830366e+01 5.691062e+01 1.550088e+02
      vertex   -4.711126e+01 5.677865e+01 1.547500e+02
    endloop
  endfacet
  facet normal 1.369769e-01 9.819552e-01 1.303893e-01
    outer loop
      vertex   -4.711126e+01 5.677865e+01 1.547500e+02
      vertex   -4.830366e+01 5.691062e+01 1.550088e+02
      vertex   -4.711752e+01 5.674516e+01 1.550088e+02
    endloop
  endfacet
  facet normal 2.269960e-01 9.651277e-01 1.303893e-01
    outer loop
      vertex   -4.711126e+01 5.677865e+01 1.547500e+02
      vertex   -4.711752e+01 5.674516e+01 1.550088e+02
      vertex   -4.594238e+01 5.650373e+01 1.547500e+02
    endloop
  endfacet
  facet normal 2.269960e-01 9.651277e-01 1.303893e-01
    outer loop
      vertex   -4.594238e+01 5.650373e+01 1.547500e+02
      vertex   -4.711752e+01 5.674516e+01 1.550088e+02
      vertex   -4.595171e+01 5.647096e+01 1.550088e+02
    endloop
  endfacet
  facet normal 3.150784e-01 9.400661e-01 1.303893e-01
    outer loop
      vertex   -4.594238e+01 5.650373e+01 1.547500e+02
      vertex   -4.595171e+01 5.647096e+01 1.550088e+02
      vertex   -4.480386e+01 5.612214e+01 1.547500e+02
    endloop
  endfacet
  facet normal 3.150784e-01 9.400661e-01 1.303893e-01
    outer loop
      vertex   -4.480386e+01 5.612214e+01 1.547500e+02
      vertex   -4.595171e+01 5.647096e+01 1.550088e+02
      vertex   -4.481617e+01 5.609037e+01 1.550088e+02
    endloop
  endfacet
  facet normal 4.004727e-01 9.069842e-01 1.303893e-01
    outer loop
      vertex   -4.480386e+01 5.612214e+01 1.547500e+02
      vertex   -4.481617e+01 5.609037e+01 1.550088e+02
      vertex   -4.370540e+01 5.563712e+01 1.547500e+02
    endloop
  endfacet
  facet normal 4.004727e-01 9.069842e-01 1.303893e-01
    outer loop
      vertex   -4.370540e+01 5.563712e+01 1.547500e+02
      vertex   -4.481617e+01 5.609037e+01 1.550088e+02
      vertex   -4.372059e+01 5.560662e+01 1.550088e+02
    endloop
  endfacet
  facet normal 4.824503e-01 8.661642e-01 1.303893e-01
    outer loop
      vertex   -4.370540e+01 5.563712e+01 1.547500e+02
      vertex   -4.372059e+01 5.560662e+01 1.550088e+02
      vertex   -4.265638e+01 5.505282e+01 1.547500e+02
    endloop
  endfacet
  facet normal 4.824503e-01 8.661642e-01 1.303893e-01
    outer loop
      vertex   -4.265638e+01 5.505282e+01 1.547500e+02
      vertex   -4.372059e+01 5.560662e+01 1.550088e+02
      vertex   -4.267432e+01 5.502385e+01 1.550088e+02
    endloop
  endfacet
  facet normal 5.603118e-01 8.179544e-01 1.303893e-01
    outer loop
      vertex   -4.265638e+01 5.505282e+01 1.547500e+02
      vertex   -4.267432e+01 5.502385e+01 1.550088e+02
      vertex   -4.166575e+01 5.437422e+01 1.547500e+02
    endloop
  endfacet
  facet normal 5.603118e-01 8.179544e-01 1.303893e-01
    outer loop
      vertex   -4.166575e+01 5.437422e+01 1.547500e+02
      vertex   -4.267432e+01 5.502385e+01 1.550088e+02
      vertex   -4.168628e+01 5.434703e+01 1.550088e+02
    endloop
  endfacet
  facet normal 6.333929e-01 7.627661e-01 1.303893e-01
    outer loop
      vertex   -4.166575e+01 5.437422e+01 1.547500e+02
      vertex   -4.168628e+01 5.434703e+01 1.550088e+02
      vertex   -4.074196e+01 5.360712e+01 1.547500e+02
    endloop
  endfacet
  facet normal 6.333929e-01 7.627661e-01 1.303893e-01
    outer loop
      vertex   -4.074196e+01 5.360712e+01 1.547500e+02
      vertex   -4.168628e+01 5.434703e+01 1.550088e+02
      vertex   -4.076491e+01 5.358193e+01 1.550088e+02
    endloop
  endfacet
  facet normal 7.010701e-01 7.010701e-01 1.303893e-01
    outer loop
      vertex   -4.074196e+01 5.360712e+01 1.547500e+02
      vertex   -4.076491e+01 5.358193e+01 1.550088e+02
      vertex   -3.989288e+01 5.275804e+01 1.547500e+02
    endloop
  endfacet
  facet normal 7.010701e-01 7.010701e-01 1.303893e-01
    outer loop
      vertex   -3.989288e+01 5.275804e+01 1.547500e+02
      vertex   -4.076491e+01 5.358193e+01 1.550088e+02
      vertex   -3.991807e+01 5.273509e+01 1.550088e+02
    endloop
  endfacet
  facet normal 7.627661e-01 6.333929e-01 1.303893e-01
    outer loop
      vertex   -3.989288e+01 5.275804e+01 1.547500e+02
      vertex   -3.991807e+01 5.273509e+01 1.550088e+02
      vertex   -3.912578e+01 5.183425e+01 1.547500e+02
    endloop
  endfacet
  facet normal 7.627661e-01 6.333929e-01 1.303893e-01
    outer loop
      vertex   -3.912578e+01 5.183425e+01 1.547500e+02
      vertex   -3.991807e+01 5.273509e+01 1.550088e+02
      vertex   -3.915297e+01 5.181372e+01 1.550088e+02
    endloop
  endfacet
  facet normal 8.179544e-01 5.603118e-01 1.303893e-01
    outer loop
      vertex   -3.912578e+01 5.183425e+01 1.547500e+02
      vertex   -3.915297e+01 5.181372e+01 1.550088e+02
      vertex   -3.844718e+01 5.084362e+01 1.547500e+02
    endloop
  endfacet
  facet normal 8.179544e-01 5.603118e-01 1.303893e-01
    outer loop
      vertex   -3.844718e+01 5.084362e+01 1.547500e+02
      vertex   -3.915297e+01 5.181372e+01 1.550088e+02
      vertex   -3.847615e+01 5.082568e+01 1.550088e+02
    endloop
  endfacet
  facet normal 8.661642e-01 4.824503e-01 1.303893e-01
    outer loop
      vertex   -3.844718e+01 5.084362e+01 1.547500e+02
      vertex   -3.847615e+01 5.082568e+01 1.550088e+02
      vertex   -3.786288e+01 4.979460e+01 1.547500e+02
    endloop
  endfacet
  facet normal 8.661642e-01 4.824503e-01 1.303893e-01
    outer loop
      vertex   -3.786288e+01 4.979460e+01 1.547500e+02
      vertex   -3.847615e+01 5.082568e+01 1.550088e+02
      vertex   -3.789338e+01 4.977941e+01 1.550088e+02
    endloop
  endfacet
  facet normal 9.069842e-01 4.004727e-01 1.303893e-01
    outer loop
      vertex   -3.786288e+01 4.979460e+01 1.547500e+02
      vertex   -3.789338e+01 4.977941e+01 1.550088e+02
      vertex   -3.737786e+01 4.869614e+01 1.547500e+02
    endloop
  endfacet
  facet normal 9.069842e-01 4.004727e-01 1.303893e-01
    outer loop
      vertex   -3.737786e+01 4.869614e+01 1.547500e+02
      vertex   -3.789338e+01 4.977941e+01 1.550088e+02
      vertex   -3.740963e+01 4.868383e+01 1.550088e+02
    endloop
  endfacet
  facet normal 9.400661e-01 3.150784e-01 1.303893e-01
    outer loop
      vertex   -3.737786e+01 4.869614e+01 1.547500e+02
      vertex   -3.740963e+01 4.868383e+01 1.550088e+02
      vertex   -3.699627e+01 4.755762e+01 1.547500e+02
    endloop
  endfacet
  facet normal 9.400661e-01 3.150784e-01 1.303893e-01
    outer loop
      vertex   -3.699627e+01 4.755762e+01 1.547500e+02
      vertex   -3.740963e+01 4.868383e+01 1.550088e+02
      vertex   -3.702904e+01 4.754829e+01 1.550088e+02
    endloop
  endfacet
  facet normal 9.651277e-01 2.269960e-01 1.303893e-01
    outer loop
      vertex   -3.699627e+01 4.755762e+01 1.547500e+02
      vertex   -3.702904e+01 4.754829e+01 1.550088e+02
      vertex   -3.672135e+01 4.638874e+01 1.547500e+02
    endloop
  endfacet
  facet normal 9.651277e-01 2.269960e-01 1.303893e-01
    outer loop
      vertex   -3.672135e+01 4.638874e+01 1.547500e+02
      vertex   -3.702904e+01 4.754829e+01 1.550088e+02
      vertex   -3.675484e+01 4.638248e+01 1.550088e+02
    endloop
  endfacet
  facet normal 9.819552e-01 1.369769e-01 1.303893e-01
    outer loop
      vertex   -3.672135e+01 4.638874e+01 1.547500e+02
      vertex   -3.675484e+01 4.638248e+01 1.550088e+02
      vertex   -3.655546e+01 4.519949e+01 1.547500e+02
    endloop
  endfacet
  facet normal 9.819552e-01 1.369769e-01 1.303893e-01
    outer loop
      vertex   -3.655546e+01 4.519949e+01 1.547500e+02
      vertex   -3.675484e+01 4.638248e+01 1.550088e+02
      vertex   -3.658938e+01 4.519634e+01 1.550088e+02
    endloop
  endfacet
  facet normal 1.067835e-01 7.180834e-02 9.916859e-01
    outer loop
      vertex   -3.924762e+01 5.023608e+01 1.557500e+02
      vertex   -3.907734e+01 5.045344e+01 1.557159e+02
      vertex   -3.985729e+01 5.114271e+01 1.557500e+02
    endloop
  endfacet
  facet normal 1.097214e-01 7.516093e-02 9.911166e-01
    outer loop
      vertex   -3.985729e+01 5.114271e+01 1.557500e+02
      vertex   -3.907734e+01 5.045344e+01 1.557159e+02
      vertex   -3.971725e+01 5.138759e+01 1.557159e+02
    endloop
  endfacet
  facet normal 1.006089e-01 8.044891e-02 9.916682e-01
    outer loop
      vertex   -3.985729e+01 5.114271e+01 1.557500e+02
      vertex   -3.971725e+01 5.138759e+01 1.557159e+02
      vertex   -4.041118e+01 5.183539e+01 1.557500e+02
    endloop
  endfacet
  facet normal 1.048082e-01 8.703160e-02 9.906769e-01
    outer loop
      vertex   -4.041118e+01 5.183539e+01 1.557500e+02
      vertex   -3.971725e+01 5.138759e+01 1.557159e+02
      vertex   -4.044062e+01 5.225871e+01 1.557159e+02
    endloop
  endfacet
  facet normal 9.293455e-02 8.630625e-02 9.919246e-01
    outer loop
      vertex   -4.041118e+01 5.183539e+01 1.557500e+02
      vertex   -4.044062e+01 5.225871e+01 1.557159e+02
      vertex   -4.101472e+01 5.248528e+01 1.557500e+02
    endloop
  endfacet
  facet normal 9.711842e-02 9.711842e-02 9.905231e-01
    outer loop
      vertex   -4.101472e+01 5.248528e+01 1.557500e+02
      vertex   -4.044062e+01 5.225871e+01 1.557159e+02
      vertex   -4.124129e+01 5.305938e+01 1.557159e+02
    endloop
  endfacet
  facet normal 8.630625e-02 9.293455e-02 9.919246e-01
    outer loop
      vertex   -4.101472e+01 5.248528e+01 1.557500e+02
      vertex   -4.124129e+01 5.305938e+01 1.557159e+02
      vertex   -4.166461e+01 5.308882e+01 1.557500e+02
    endloop
  endfacet
  facet normal 8.703160e-02 1.048082e-01 9.906769e-01
    outer loop
      vertex   -4.166461e+01 5.308882e+01 1.557500e+02
      vertex   -4.124129e+01 5.305938e+01 1.557159e+02
      vertex   -4.211241e+01 5.378275e+01 1.557159e+02
    endloop
  endfacet
  facet normal 8.044891e-02 1.006089e-01 9.916682e-01
    outer loop
      vertex   -4.166461e+01 5.308882e+01 1.557500e+02
      vertex   -4.211241e+01 5.378275e+01 1.557159e+02
      vertex   -4.235729e+01 5.364271e+01 1.557500e+02
    endloop
  endfacet
  facet normal 7.516093e-02 1.097214e-01 9.911166e-01
    outer loop
      vertex   -4.235729e+01 5.364271e+01 1.557500e+02
      vertex   -4.211241e+01 5.378275e+01 1.557159e+02
      vertex   -4.304656e+01 5.442266e+01 1.557159e+02
    endloop
  endfacet
  facet normal 7.180834e-02 1.067835e-01 9.916859e-01
    outer loop
      vertex   -4.235729e+01 5.364271e+01 1.557500e+02
      vertex   -4.304656e+01 5.442266e+01 1.557159e+02
      vertex   -4.326392e+01 5.425238e+01 1.557500e+02
    endloop
  endfacet
  facet normal 6.456752e-02 1.159209e-01 9.911576e-01
    outer loop
      vertex   -4.326392e+01 5.425238e+01 1.557500e+02
      vertex   -4.304656e+01 5.442266e+01 1.557159e+02
      vertex   -4.403577e+01 5.497364e+01 1.557159e+02
    endloop
  endfacet
  facet normal 6.194233e-02 1.131347e-01 9.916470e-01
    outer loop
      vertex   -4.326392e+01 5.425238e+01 1.557500e+02
      vertex   -4.403577e+01 5.497364e+01 1.557159e+02
      vertex   -4.422225e+01 5.477707e+01 1.557500e+02
    endloop
  endfacet
  facet normal 5.346886e-02 1.210954e-01 9.911998e-01
    outer loop
      vertex   -4.422225e+01 5.477707e+01 1.557500e+02
      vertex   -4.403577e+01 5.497364e+01 1.557159e+02
      vertex   -4.507160e+01 5.543101e+01 1.557159e+02
    endloop
  endfacet
  facet normal 5.151978e-02 1.185851e-01 9.916064e-01
    outer loop
      vertex   -4.422225e+01 5.477707e+01 1.557500e+02
      vertex   -4.507160e+01 5.543101e+01 1.557159e+02
      vertex   -4.522432e+01 5.521243e+01 1.557500e+02
    endloop
  endfacet
  facet normal 4.196435e-02 1.252046e-01 9.912431e-01
    outer loop
      vertex   -4.522432e+01 5.521243e+01 1.557500e+02
      vertex   -4.507160e+01 5.543101e+01 1.557159e+02
      vertex   -4.614521e+01 5.579085e+01 1.557159e+02
    endloop
  endfacet
  facet normal 4.062197e-02 1.230863e-01 9.915642e-01
    outer loop
      vertex   -4.522432e+01 5.521243e+01 1.557500e+02
      vertex   -4.614521e+01 5.579085e+01 1.557159e+02
      vertex   -4.626184e+01 5.555484e+01 1.557500e+02
    endloop
  endfacet
  facet normal 3.015655e-02 1.282178e-01 9.912874e-01
    outer loop
      vertex   -4.626184e+01 5.555484e+01 1.557500e+02
      vertex   -4.614521e+01 5.579085e+01 1.557159e+02
      vertex   -4.724745e+01 5.605009e+01 1.557159e+02
    endloop
  endfacet
  facet normal 2.933433e-02 1.265975e-01 9.915203e-01
    outer loop
      vertex   -4.626184e+01 5.555484e+01 1.557500e+02
      vertex   -4.724745e+01 5.605009e+01 1.557159e+02
      vertex   -4.732620e+01 5.580147e+01 1.557500e+02
    endloop
  endfacet
  facet normal 1.815015e-02 1.301142e-01 9.913329e-01
    outer loop
      vertex   -4.732620e+01 5.580147e+01 1.557500e+02
      vertex   -4.724745e+01 5.605009e+01 1.557159e+02
      vertex   -4.836890e+01 5.620653e+01 1.557159e+02
    endloop
  endfacet
  facet normal 1.774577e-02 1.290852e-01 9.914747e-01
    outer loop
      vertex   -4.732620e+01 5.580147e+01 1.557500e+02
      vertex   -4.836890e+01 5.620653e+01 1.557159e+02
      vertex   -4.840857e+01 5.595026e+01 1.557500e+02
    endloop
  endfacet
  facet normal 6.051091e-03 1.308831e-01 9.913793e-01
    outer loop
      vertex   -4.840857e+01 5.595026e+01 1.557500e+02
      vertex   -4.836890e+01 5.620653e+01 1.557159e+02
      vertex   -4.950000e+01 5.625882e+01 1.557159e+02
    endloop
  endfacet
  facet normal 5.948041e-03 1.305239e-01 9.914273e-01
    outer loop
      vertex   -4.840857e+01 5.595026e+01 1.557500e+02
      vertex   -4.950000e+01 5.625882e+01 1.557159e+02
      vertex   -4.950000e+01 5.600000e+01 1.557500e+02
    endloop
  endfacet
  facet normal -5.948041e-03 1.305239e-01 9.914273e-01
    outer loop
      vertex   -4.950000e+01 5.600000e+01 1.557500e+02
      vertex   -4.950000e+01 5.625882e+01 1.557159e+02
      vertex   -5.059143e+01 5.595026e+01 1.557500e+02
    endloop
  endfacet
  facet normal -6.051091e-03 1.308831e-01 9.913793e-01
    outer loop
      vertex   -5.059143e+01 5.595026e+01 1.557500e+02
      vertex   -4.950000e+01 5.625882e+01 1.557159e+02
      vertex   -5.063110e+01 5.620653e+01 1.557159e+02
    endloop
  endfacet
  facet normal -1.774577e-02 1.290852e-01 9.914747e-01
    outer loop
      vertex   -5.059143e+01 5.595026e+01 1.557500e+02
      vertex   -5.063110e+01 5.620653e+01 1.557159e+02
      vertex   -5.167380e+01 5.580147e+01 1.557500e+02
    endloop
  endfacet
  facet normal -1.815015e-02 1.301142e-01 9.913329e-01
    outer loop
      vertex   -5.167380e+01 5.580147e+01 1.557500e+02
      vertex   -5.063110e+01 5.620653e+01 1.557159e+02
      vertex   -5.175255e+01 5.605009e+01 1.557159e+02
    endloop
  endfacet
  facet normal -2.933433e-02 1.265975e-01 9.915203e-01
    outer loop
      vertex   -5.167380e+01 5.580147e+01 1.557500e+02
      vertex   -5.175255e+01 5.605009e+01 1.557159e+02
      vertex   -5.273816e+01 5.555484e+01 1.557500e+02
    endloop
  endfacet
  facet normal -3.015655e-02 1.282178e-01 9.912874e-01
    outer loop
      vertex   -5.273816e+01 5.555484e+01 1.557500e+02
      vertex   -5.175255e+01 5.605009e+01 1.557159e+02
      vertex   -5.285479e+01 5.579085e+01 1.557159e+02
    endloop
  endfacet
  facet normal -4.062197e-02 1.230863e-01 9.915642e-01
    outer loop
      vertex   -5.273816e+01 5.555484e+01 1.557500e+02
      vertex   -5.285479e+01 5.579085e+01 1.557159e+02
      vertex   -5.377568e+01 5.521243e+01 1.557500e+02
    endloop
  endfacet
  facet normal -4.196435e-02 1.252046e-01 9.912431e-01
    outer loop
      vertex   -5.377568e+01 5.521243e+01 1.557500e+02
      vertex   -5.285479e+01 5.579085e+01 1.557159e+02
      vertex   -5.392840e+01 5.543101e+01 1.557159e+02
    endloop
  endfacet
  facet normal -5.151978e-02 1.185851e-01 9.916064e-01
    outer loop
      vertex   -5.377568e+01 5.521243e+01 1.557500e+02
      vertex   -5.392840e+01 5.543101e+01 1.557159e+02
      vertex   -5.477775e+01 5.477707e+01 1.557500e+02
    endloop
  endfacet
  facet normal -5.346886e-02 1.210954e-01 9.911998e-01
    outer loop
      vertex   -5.477775e+01 5.477707e+01 1.557500e+02
      vertex   -5.392840e+01 5.543101e+01 1.557159e+02
      vertex   -5.496423e+01 5.497364e+01 1.557159e+02
    endloop
  endfacet
  facet normal -6.194233e-02 1.131347e-01 9.916470e-01
    outer loop
      vertex   -5.477775e+01 5.477707e+01 1.557500e+02
      vertex   -5.496423e+01 5.497364e+01 1.557159e+02
      vertex   -5.573608e+01 5.425238e+01 1.557500e+02
    endloop
  endfacet
  facet normal -6.456752e-02 1.159209e-01 9.911576e-01
    outer loop
      vertex   -5.573608e+01 5.425238e+01 1.557500e+02
      vertex   -5.496423e+01 5.497364e+01 1.557159e+02
      vertex   -5.595344e+01 5.442266e+01 1.557159e+02
    endloop
  endfacet
  facet normal -7.180834e-02 1.067835e-01 9.916859e-01
    outer loop
      vertex   -5.573608e+01 5.425238e+01 1.557500e+02
      vertex   -5.595344e+01 5.442266e+01 1.557159e+02
      vertex   -5.664271e+01 5.364271e+01 1.557500e+02
    endloop
  endfacet
  facet normal -7.516093e-02 1.097214e-01 9.911166e-01
    outer loop
      vertex   -5.664271e+01 5.364271e+01 1.557500e+02
      vertex   -5.595344e+01 5.442266e+01 1.557159e+02
      vertex   -5.688759e+01 5.378275e+01 1.557159e+02
    endloop
  endfacet
  facet normal -8.044891e-02 1.006089e-01 9.916682e-01
    outer loop
      vertex   -5.664271e+01 5.364271e+01 1.557500e+02
      vertex   -5.688759e+01 5.378275e+01 1.557159e+02
      vertex   -5.733539e+01 5.308882e+01 1.557500e+02
    endloop
  endfacet
  facet normal -8.703160e-02 1.048082e-01 9.906769e-01
    outer loop
      vertex   -5.733539e+01 5.308882e+01 1.557500e+02
      vertex   -5.688759e+01 5.378275e+01 1.557159e+02
      vertex   -5.775871e+01 5.305938e+01 1.557159e+02
    endloop
  endfacet
  facet normal -8.630625e-02 9.293455e-02 9.919246e-01
    outer loop
      vertex   -5.733539e+01 5.308882e+01 1.557500e+02
      vertex   -5.775871e+01 5.305938e+01 1.557159e+02
      vertex   -5.798528e+01 5.248528e+01 1.557500e+02
    endloop
  endfacet
  facet normal -9.711842e-02 9.711842e-02 9.905231e-01
    outer loop
      vertex   -5.798528e+01 5.248528e+01 1.557500e+02
      vertex   -5.775871e+01 5.305938e+01 1.557159e+02
      vertex   -5.855938e+01 5.225871e+01 1.557159e+02
    endloop
  endfacet
  facet normal -9.293455e-02 8.630625e-02 9.919246e-01
    outer loop
      vertex   -5.798528e+01 5.248528e+01 1.557500e+02
      vertex   -5.855938e+01 5.225871e+01 1.557159e+02
      vertex   -5.858882e+01 5.183539e+01 1.557500e+02
    endloop
  endfacet
  facet normal -1.048082e-01 8.703160e-02 9.906769e-01
    outer loop
      vertex   -5.858882e+01 5.183539e+01 1.557500e+02
      vertex   -5.855938e+01 5.225871e+01 1.557159e+02
      vertex   -5.928275e+01 5.138759e+01 1.557159e+02
    endloop
  endfacet
  facet normal -1.006089e-01 8.044891e-02 9.916682e-01
    outer loop
      vertex   -5.858882e+01 5.183539e+01 1.557500e+02
      vertex   -5.928275e+01 5.138759e+01 1.557159e+02
      vertex   -5.914271e+01 5.114271e+01 1.557500e+02
    endloop
  endfacet
  facet normal -1.097214e-01 7.516093e-02 9.911166e-01
    outer loop
      vertex   -5.914271e+01 5.114271e+01 1.557500e+02
      vertex   -5.928275e+01 5.138759e+01 1.557159e+02
      vertex   -5.992266e+01 5.045344e+01 1.557159e+02
    endloop
  endfacet
  facet normal -1.067835e-01 7.180834e-02 9.916859e-01
    outer loop
      vertex   -5.914271e+01 5.114271e+01 1.557500e+02
      vertex   -5.992266e+01 5.045344e+01 1.557159e+02
      vertex   -5.975238e+01 5.023608e+01 1.557500e+02
    endloop
  endfacet
  facet normal -1.159209e-01 6.456752e-02 9.911576e-01
    outer loop
      vertex   -5.975238e+01 5.023608e+01 1.557500e+02
      vertex   -5.992266e+01 5.045344e+01 1.557159e+02
      vertex   -6.047364e+01 4.946423e+01 1.557159e+02
    endloop
  endfacet
  facet normal -1.131347e-01 6.194233e-02 9.916470e-01
    outer loop
      vertex   -5.975238e+01 5.023608e+01 1.557500e+02
      vertex   -6.047364e+01 4.946423e+01 1.557159e+02
      vertex   -6.027707e+01 4.927775e+01 1.557500e+02
    endloop
  endfacet
  facet normal -1.210954e-01 5.346886e-02 9.911998e-01
    outer loop
      vertex   -6.027707e+01 4.927775e+01 1.557500e+02
      vertex   -6.047364e+01 4.946423e+01 1.557159e+02
      vertex   -6.093101e+01 4.842840e+01 1.557159e+02
    endloop
  endfacet
  facet normal -1.185851e-01 5.151978e-02 9.916064e-01
    outer loop
      vertex   -6.027707e+01 4.927775e+01 1.557500e+02
      vertex   -6.093101e+01 4.842840e+01 1.557159e+02
      vertex   -6.071243e+01 4.827568e+01 1.557500e+02
    endloop
  endfacet
  facet normal -1.252046e-01 4.196435e-02 9.912431e-01
    outer loop
      vertex   -6.071243e+01 4.827568e+01 1.557500e+02
      vertex   -6.093101e+01 4.842840e+01 1.557159e+02
      vertex   -6.129085e+01 4.735479e+01 1.557159e+02
    endloop
  endfacet
  facet normal -1.230863e-01 4.062197e-02 9.915642e-01
    outer loop
      vertex   -6.071243e+01 4.827568e+01 1.557500e+02
      vertex   -6.129085e+01 4.735479e+01 1.557159e+02
      vertex   -6.105484e+01 4.723816e+01 1.557500e+02
    endloop
  endfacet
  facet normal -1.282178e-01 3.015655e-02 9.912874e-01
    outer loop
      vertex   -6.105484e+01 4.723816e+01 1.557500e+02
      vertex   -6.129085e+01 4.735479e+01 1.557159e+02
      vertex   -6.155009e+01 4.625255e+01 1.557159e+02
    endloop
  endfacet
  facet normal -1.265975e-01 2.933433e-02 9.915203e-01
    outer loop
      vertex   -6.105484e+01 4.723816e+01 1.557500e+02
      vertex   -6.155009e+01 4.625255e+01 1.557159e+02
      vertex   -6.130146e+01 4.617380e+01 1.557500e+02
    endloop
  endfacet
  facet normal -1.301142e-01 1.815015e-02 9.913329e-01
    outer loop
      vertex   -6.130146e+01 4.617380e+01 1.557500e+02
      vertex   -6.155009e+01 4.625255e+01 1.557159e+02
      vertex   -6.170653e+01 4.513110e+01 1.557159e+02
    endloop
  endfacet
  facet normal -1.290852e-01 1.774577e-02 9.914747e-01
    outer loop
      vertex   -6.130146e+01 4.617380e+01 1.557500e+02
      vertex   -6.170653e+01 4.513110e+01 1.557159e+02
      vertex   -6.145026e+01 4.509143e+01 1.557500e+02
    endloop
  endfacet
  facet normal -1.308831e-01 6.051091e-03 9.913793e-01
    outer loop
      vertex   -6.145026e+01 4.509143e+01 1.557500e+02
      vertex   -6.170653e+01 4.513110e+01 1.557159e+02
      vertex   -6.175882e+01 4.400000e+01 1.557159e+02
    endloop
  endfacet
  facet normal -1.305239e-01 5.948041e-03 9.914273e-01
    outer loop
      vertex   -6.145026e+01 4.509143e+01 1.557500e+02
      vertex   -6.175882e+01 4.400000e+01 1.557159e+02
      vertex   -6.150000e+01 4.400000e+01 1.557500e+02
    endloop
  endfacet
  facet normal -1.305239e-01 -5.948041e-03 9.914273e-01
    outer loop
      vertex   -6.150000e+01 4.400000e+01 1.557500e+02
      vertex   -6.175882e+01 4.400000e+01 1.557159e+02
      vertex   -6.145026e+01 4.290857e+01 1.557500e+02
    endloop
  endfacet
  facet normal -1.308831e-01 -6.051091e-03 9.913793e-01
    outer loop
      vertex   -6.145026e+01 4.290857e+01 1.557500e+02
      vertex   -6.175882e+01 4.400000e+01 1.557159e+02
      vertex   -6.170653e+01 4.286890e+01 1.557159e+02
    endloop
  endfacet
  facet normal -1.290852e-01 -1.774577e-02 9.914747e-01
    outer loop
      vertex   -6.145026e+01 4.290857e+01 1.557500e+02
      vertex   -6.170653e+01 4.286890e+01 1.557159e+02
      vertex   -6.130146e+01 4.182620e+01 1.557500e+02
    endloop
  endfacet
  facet normal -1.301142e-01 -1.815015e-02 9.913329e-01
    outer loop
      vertex   -6.130146e+01 4.182620e+01 1.557500e+02
      vertex   -6.170653e+01 4.286890e+01 1.557159e+02
      vertex   -6.155009e+01 4.174745e+01 1.557159e+02
    endloop
  endfacet
  facet normal -1.265975e-01 -2.933433e-02 9.915203e-01
    outer loop
      vertex   -6.130146e+01 4.182620e+01 1.557500e+02
      vertex   -6.155009e+01 4.174745e+01 1.557159e+02
      vertex   -6.105484e+01 4.076184e+01 1.557500e+02
    endloop
  endfacet
  facet normal -1.282178e-01 -3.015655e-02 9.912874e-01
    outer loop
      vertex   -6.105484e+01 4.076184e+01 1.557500e+02
      vertex   -6.155009e+01 4.174745e+01 1.557159e+02
      vertex   -6.129085e+01 4.064522e+01 1.557159e+02
    endloop
  endfacet
  facet normal -1.230863e-01 -4.062197e-02 9.915642e-01
    outer loop
      vertex   -6.105484e+01 4.076184e+01 1.557500e+02
      vertex   -6.129085e+01 4.064522e+01 1.557159e+02
      vertex   -6.071243e+01 3.972432e+01 1.557500e+02
    endloop
  endfacet
  facet normal -1.252046e-01 -4.196435e-02 9.912431e-01
    outer loop
      vertex   -6.071243e+01 3.972432e+01 1.557500e+02
      vertex   -6.129085e+01 4.064522e+01 1.557159e+02
      vertex   -6.093101e+01 3.957160e+01 1.557159e+02
    endloop
  endfacet
  facet normal -1.185851e-01 -5.151978e-02 9.916064e-01
    outer loop
      vertex   -6.071243e+01 3.972432e+01 1.557500e+02
      vertex   -6.093101e+01 3.957160e+01 1.557159e+02
      vertex   -6.027707e+01 3.872225e+01 1.557500e+02
    endloop
  endfacet
  facet normal -1.210954e-01 -5.346886e-02 9.911998e-01
    outer loop
      vertex   -6.027707e+01 3.872225e+01 1.557500e+02
      vertex   -6.093101e+01 3.957160e+01 1.557159e+02
      vertex   -6.047364e+01 3.853577e+01 1.557159e+02
    endloop
  endfacet
  facet normal -1.131347e-01 -6.194233e-02 9.916470e-01
    outer loop
      vertex   -6.027707e+01 3.872225e+01 1.557500e+02
      vertex   -6.047364e+01 3.853577e+01 1.557159e+02
      vertex   -5.975238e+01 3.776392e+01 1.557500e+02
    endloop
  endfacet
  facet normal -1.159209e-01 -6.456752e-02 9.911576e-01
    outer loop
      vertex   -5.975238e+01 3.776392e+01 1.557500e+02
      vertex   -6.047364e+01 3.853577e+01 1.557159e+02
      vertex   -5.992266e+01 3.754656e+01 1.557159e+02
    endloop
  endfacet
  facet normal -1.067835e-01 -7.180834e-02 9.916859e-01
    outer loop
      vertex   -5.975238e+01 3.776392e+01 1.557500e+02
      vertex   -5.992266e+01 3.754656e+01 1.557159e+02
      vertex   -5.914271e+01 3.685729e+01 1.557500e+02
    endloop
  endfacet
  facet normal -1.097214e-01 -7.516093e-02 9.911166e-01
    outer loop
      vertex   -5.914271e+01 3.685729e+01 1.557500e+02
      vertex   -5.992266e+01 3.754656e+01 1.557159e+02
      vertex   -5.928275e+01 3.661241e+01 1.557159e+02
    endloop
  endfacet
  facet normal -1.006089e-01 -8.044891e-02 9.916682e-01
    outer loop
      vertex   -5.914271e+01 3.685729e+01 1.557500e+02
      vertex   -5.928275e+01 3.661241e+01 1.557159e+02
      vertex   -5.858882e+01 3.616461e+01 1.557500e+02
    endloop
  endfacet
  facet normal -1.048082e-01 -8.703160e-02 9.906769e-01
    outer loop
      vertex   -5.858882e+01 3.616461e+01 1.557500e+02
      vertex   -5.928275e+01 3.661241e+01 1.557159e+02
      vertex   -5.855938e+01 3.574129e+01 1.557159e+02
    endloop
  endfacet
  facet normal -9.293455e-02 -8.630625e-02 9.919246e-01
    outer loop
      vertex   -5.858882e+01 3.616461e+01 1.557500e+02
      vertex   -5.855938e+01 3.574129e+01 1.557159e+02
      vertex   -5.798528e+01 3.551472e+01 1.557500e+02
    endloop
  endfacet
  facet normal -9.711842e-02 -9.711842e-02 9.905231e-01
    outer loop
      vertex   -5.798528e+01 3.551472e+01 1.557500e+02
      vertex   -5.855938e+01 3.574129e+01 1.557159e+02
      vertex   -5.775871e+01 3.494062e+01 1.557159e+02
    endloop
  endfacet
  facet normal -8.630625e-02 -9.293455e-02 9.919246e-01
    outer loop
      vertex   -5.798528e+01 3.551472e+01 1.557500e+02
      vertex   -5.775871e+01 3.494062e+01 1.557159e+02
      vertex   -5.733539e+01 3.491118e+01 1.557500e+02
    endloop
  endfacet
  facet normal -8.703160e-02 -1.048082e-01 9.906769e-01
    outer loop
      vertex   -5.733539e+01 3.491118e+01 1.557500e+02
      vertex   -5.775871e+01 3.494062e+01 1.557159e+02
      vertex   -5.688759e+01 3.421725e+01 1.557159e+02
    endloop
  endfacet
  facet normal -8.044891e-02 -1.006089e-01 9.916682e-01
    outer loop
      vertex   -5.733539e+01 3.491118e+01 1.557500e+02
      vertex   -5.688759e+01 3.421725e+01 1.557159e+02
      vertex   -5.664271e+01 3.435729e+01 1.557500e+02
    endloop
  endfacet
  facet normal -7.516093e-02 -1.097214e-01 9.911166e-01
    outer loop
      vertex   -5.664271e+01 3.435729e+01 1.557500e+02
      vertex   -5.688759e+01 3.421725e+01 1.557159e+02
      vertex   -5.595344e+01 3.357734e+01 1.557159e+02
    endloop
  endfacet
  facet normal -7.180834e-02 -1.067835e-01 9.916859e-01
    outer loop
      vertex   -5.664271e+01 3.435729e+01 1.557500e+02
      vertex   -5.595344e+01 3.357734e+01 1.557159e+02
      vertex   -5.573608e+01 3.374762e+01 1.557500e+02
    endloop
  endfacet
  facet normal -6.456752e-02 -1.159209e-01 9.911576e-01
    outer loop
      vertex   -5.573608e+01 3.374762e+01 1.557500e+02
      vertex   -5.595344e+01 3.357734e+01 1.557159e+02
      vertex   -5.496423e+01 3.302636e+01 1.557159e+02
    endloop
  endfacet
  facet normal -6.194233e-02 -1.131347e-01 9.916470e-01
    outer loop
      vertex   -5.573608e+01 3.374762e+01 1.557500e+02
      vertex   -5.496423e+01 3.302636e+01 1.557159e+02
      vertex   -5.477775e+01 3.322293e+01 1.557500e+02
    endloop
  endfacet
  facet normal -5.346886e-02 -1.210954e-01 9.911998e-01
    outer loop
      vertex   -5.477775e+01 3.322293e+01 1.557500e+02
      vertex   -5.496423e+01 3.302636e+01 1.557159e+02
      vertex   -5.392840e+01 3.256899e+01 1.557159e+02
    endloop
  endfacet
  facet normal -5.151978e-02 -1.185851e-01 9.916064e-01
    outer loop
      vertex   -5.477775e+01 3.322293e+01 1.557500e+02
      vertex   -5.392840e+01 3.256899e+01 1.557159e+02
      vertex   -5.377568e+01 3.278757e+01 1.557500e+02
    endloop
  endfacet
  facet normal -4.196435e-02 -1.252046e-01 9.912431e-01
    outer loop
      vertex   -5.377568e+01 3.278757e+01 1.557500e+02
      vertex   -5.392840e+01 3.256899e+01 1.557159e+02
      vertex   -5.285479e+01 3.220915e+01 1.557159e+02
    endloop
  endfacet
  facet normal -4.062197e-02 -1.230863e-01 9.915642e-01
    outer loop
      vertex   -5.377568e+01 3.278757e+01 1.557500e+02
      vertex   -5.285479e+01 3.220915e+01 1.557159e+02
      vertex   -5.273816e+01 3.244516e+01 1.557500e+02
    endloop
  endfacet
  facet normal -3.015655e-02 -1.282178e-01 9.912874e-01
    outer loop
      vertex   -5.273816e+01 3.244516e+01 1.557500e+02
      vertex   -5.285479e+01 3.220915e+01 1.557159e+02
      vertex   -5.175255e+01 3.194991e+01 1.557159e+02
    endloop
  endfacet
  facet normal -2.933433e-02 -1.265975e-01 9.915203e-01
    outer loop
      vertex   -5.273816e+01 3.244516e+01 1.557500e+02
      vertex   -5.175255e+01 3.194991e+01 1.557159e+02
      vertex   -5.167380e+01 3.219854e+01 1.557500e+02
    endloop
  endfacet
  facet normal -1.815015e-02 -1.301142e-01 9.913329e-01
    outer loop
      vertex   -5.167380e+01 3.219854e+01 1.557500e+02
      vertex   -5.175255e+01 3.194991e+01 1.557159e+02
      vertex   -5.063110e+01 3.179348e+01 1.557159e+02
    endloop
  endfacet
  facet normal -1.774577e-02 -1.290852e-01 9.914747e-01
    outer loop
      vertex   -5.167380e+01 3.219854e+01 1.557500e+02
      vertex   -5.063110e+01 3.179348e+01 1.557159e+02
      vertex   -5.059143e+01 3.204974e+01 1.557500e+02
    endloop
  endfacet
  facet normal -6.051091e-03 -1.308831e-01 9.913793e-01
    outer loop
      vertex   -5.059143e+01 3.204974e+01 1.557500e+02
      vertex   -5.063110e+01 3.179348e+01 1.557159e+02
      vertex   -4.950000e+01 3.174118e+01 1.557159e+02
    endloop
  endfacet
  facet normal -5.948041e-03 -1.305239e-01 9.914273e-01
    outer loop
      vertex   -5.059143e+01 3.204974e+01 1.557500e+02
      vertex   -4.950000e+01 3.174118e+01 1.557159e+02
      vertex   -4.950000e+01 3.200000e+01 1.557500e+02
    endloop
  endfacet
  facet normal 5.948041e-03 -1.305239e-01 9.914273e-01
    outer loop
      vertex   -4.950000e+01 3.200000e+01 1.557500e+02
      vertex   -4.950000e+01 3.174118e+01 1.557159e+02
      vertex   -4.840857e+01 3.204974e+01 1.557500e+02
    endloop
  endfacet
  facet normal 6.051091e-03 -1.308831e-01 9.913793e-01
    outer loop
      vertex   -4.840857e+01 3.204974e+01 1.557500e+02
      vertex   -4.950000e+01 3.174118e+01 1.557159e+02
      vertex   -4.836890e+01 3.179348e+01 1.557159e+02
    endloop
  endfacet
  facet normal 1.774577e-02 -1.290852e-01 9.914747e-01
    outer loop
      vertex   -4.840857e+01 3.204974e+01 1.557500e+02
      vertex   -4.836890e+01 3.179348e+01 1.557159e+02
      vertex   -4.732620e+01 3.219854e+01 1.557500e+02
    endloop
  endfacet
  facet normal 1.815015e-02 -1.301142e-01 9.913329e-01
    outer loop
      vertex   -4.732620e+01 3.219854e+01 1.557500e+02
      vertex   -4.836890e+01 3.179348e+01 1.557159e+02
      vertex   -4.724745e+01 3.194991e+01 1.557159e+02
    endloop
  endfacet
  facet normal 2.933433e-02 -1.265975e-01 9.915203e-01
    outer loop
      vertex   -4.732620e+01 3.219854e+01 1.557500e+02
      vertex   -4.724745e+01 3.194991e+01 1.557159e+02
      vertex   -4.626184e+01 3.244516e+01 1.557500e+02
    endloop
  endfacet
  facet normal 3.015655e-02 -1.282178e-01 9.912874e-01
    outer loop
      vertex   -4.626184e+01 3.244516e+01 1.557500e+02
      vertex   -4.724745e+01 3.194991e+01 1.557159e+02
      vertex   -4.614521e+01 3.220915e+01 1.557159e+02
    endloop
  endfacet
  facet normal 4.062197e-02 -1.230863e-01 9.915642e-01
    outer loop
      vertex   -4.626184e+01 3.244516e+01 1.557500e+02
      vertex   -4.614521e+01 3.220915e+01 1.557159e+02
      vertex   -4.522432e+01 3.278757e+01 1.557500e+02
    endloop
  endfacet
  facet normal 4.196435e-02 -1.252046e-01 9.912431e-01
    outer loop
      vertex   -4.522432e+01 3.278757e+01 1.557500e+02
      vertex   -4.614521e+01 3.220915e+01 1.557159e+02
      vertex   -4.507160e+01 3.256899e+01 1.557159e+02
    endloop
  endfacet
  facet normal 5.151978e-02 -1.185851e-01 9.916064e-01
    outer loop
      vertex   -4.522432e+01 3.278757e+01 1.557500e+02
      vertex   -4.507160e+01 3.256899e+01 1.557159e+02
      vertex   -4.422225e+01 3.322293e+01 1.557500e+02
    endloop
  endfacet
  facet normal 5.346886e-02 -1.210954e-01 9.911998e-01
    outer loop
      vertex   -4.422225e+01 3.322293e+01 1.557500e+02
      vertex   -4.507160e+01 3.256899e+01 1.557159e+02
      vertex   -4.403577e+01 3.302636e+01 1.557159e+02
    endloop
  endfacet
  facet normal 6.194233e-02 -1.131347e-01 9.916470e-01
    outer loop
      vertex   -4.422225e+01 3.322293e+01 1.557500e+02
      vertex   -4.403577e+01 3.302636e+01 1.557159e+02
      vertex   -4.326392e+01 3.374762e+01 1.557500e+02
    endloop
  endfacet
  facet normal 6.456752e-02 -1.159209e-01 9.911576e-01
    outer loop
      vertex   -4.326392e+01 3.374762e+01 1.557500e+02
      vertex   -4.403577e+01 3.302636e+01 1.557159e+02
      vertex   -4.304656e+01 3.357734e+01 1.557159e+02
    endloop
  endfacet
  facet normal 7.180834e-02 -1.067835e-01 9.916859e-01
    outer loop
      vertex   -4.326392e+01 3.374762e+01 1.557500e+02
      vertex   -4.304656e+01 3.357734e+01 1.557159e+02
      vertex   -4.235729e+01 3.435729e+01 1.557500e+02
    endloop
  endfacet
  facet normal 7.516093e-02 -1.097214e-01 9.911166e-01
    outer loop
      vertex   -4.235729e+01 3.435729e+01 1.557500e+02
      vertex   -4.304656e+01 3.357734e+01 1.557159e+02
      vertex   -4.211241e+01 3.421725e+01 1.557159e+02
    endloop
  endfacet
  facet normal 8.044891e-02 -1.006089e-01 9.916682e-01
    outer loop
      vertex   -4.235729e+01 3.435729e+01 1.557500e+02
      vertex   -4.211241e+01 3.421725e+01 1.557159e+02
      vertex   -4.166461e+01 3.491118e+01 1.557500e+02
    endloop
  endfacet
  facet normal 8.703160e-02 -1.048082e-01 9.906769e-01
    outer loop
      vertex   -4.166461e+01 3.491118e+01 1.557500e+02
      vertex   -4.211241e+01 3.421725e+01 1.557159e+02
      vertex   -4.124129e+01 3.494062e+01 1.557159e+02
    endloop
  endfacet
  facet normal 8.630625e-02 -9.293455e-02 9.919246e-01
    outer loop
      vertex   -4.166461e+01 3.491118e+01 1.557500e+02
      vertex   -4.124129e+01 3.494062e+01 1.557159e+02
      vertex   -4.101472e+01 3.551472e+01 1.557500e+02
    endloop
  endfacet
  facet normal 9.711842e-02 -9.711842e-02 9.905231e-01
    outer loop
      vertex   -4.101472e+01 3.551472e+01 1.557500e+02
      vertex   -4.124129e+01 3.494062e+01 1.557159e+02
      vertex   -4.044062e+01 3.574129e+01 1.557159e+02
    endloop
  endfacet
  facet normal 9.293455e-02 -8.630625e-02 9.919246e-01
    outer loop
      vertex   -4.101472e+01 3.551472e+01 1.557500e+02
      vertex   -4.044062e+01 3.574129e+01 1.557159e+02
      vertex   -4.041118e+01 3.616461e+01 1.557500e+02
    endloop
  endfacet
  facet normal 1.048082e-01 -8.703160e-02 9.906769e-01
    outer loop
      vertex   -4.041118e+01 3.616461e+01 1.557500e+02
      vertex   -4.044062e+01 3.574129e+01 1.557159e+02
      vertex   -3.971725e+01 3.661241e+01 1.557159e+02
    endloop
  endfacet
  facet normal 1.006089e-01 -8.044891e-02 9.916682e-01
    outer loop
      vertex   -4.041118e+01 3.616461e+01 1.557500e+02
      vertex   -3.971725e+01 3.661241e+01 1.557159e+02
      vertex   -3.985729e+01 3.685729e+01 1.557500e+02
    endloop
  endfacet
  facet normal 1.097214e-01 -7.516093e-02 9.911166e-01
    outer loop
      vertex   -3.985729e+01 3.685729e+01 1.557500e+02
      vertex   -3.971725e+01 3.661241e+01 1.557159e+02
      vertex   -3.907734e+01 3.754656e+01 1.557159e+02
    endloop
  endfacet
  facet normal 1.067835e-01 -7.180834e-02 9.916859e-01
    outer loop
      vertex   -3.985729e+01 3.685729e+01 1.557500e+02
      vertex   -3.907734e+01 3.754656e+01 1.557159e+02
      vertex   -3.924762e+01 3.776392e+01 1.557500e+02
    endloop
  endfacet
  facet normal 1.159209e-01 -6.456752e-02 9.911576e-01
    outer loop
      vertex   -3.924762e+01 3.776392e+01 1.557500e+02
      vertex   -3.907734e+01 3.754656e+01 1.557159e+02
      vertex   -3.852636e+01 3.853577e+01 1.557159e+02
    endloop
  endfacet
  facet normal 1.131347e-01 -6.194233e-02 9.916470e-01
    outer loop
      vertex   -3.924762e+01 3.776392e+01 1.557500e+02
      vertex   -3.852636e+01 3.853577e+01 1.557159e+02
      vertex   -3.872293e+01 3.872225e+01 1.557500e+02
    endloop
  endfacet
  facet normal 1.210954e-01 -5.346886e-02 9.911998e-01
    outer loop
      vertex   -3.872293e+01 3.872225e+01 1.557500e+02
      vertex   -3.852636e+01 3.853577e+01 1.557159e+02
      vertex   -3.806899e+01 3.957160e+01 1.557159e+02
    endloop
  endfacet
  facet normal 1.185851e-01 -5.151978e-02 9.916064e-01
    outer loop
      vertex   -3.872293e+01 3.872225e+01 1.557500e+02
      vertex   -3.806899e+01 3.957160e+01 1.557159e+02
      vertex   -3.828757e+01 3.972432e+01 1.557500e+02
    endloop
  endfacet
  facet normal 1.252046e-01 -4.196435e-02 9.912431e-01
    outer loop
      vertex   -3.828757e+01 3.972432e+01 1.557500e+02
      vertex   -3.806899e+01 3.957160e+01 1.557159e+02
      vertex   -3.770915e+01 4.064522e+01 1.557159e+02
    endloop
  endfacet
  facet normal 1.230863e-01 -4.062197e-02 9.915642e-01
    outer loop
      vertex   -3.828757e+01 3.972432e+01 1.557500e+02
      vertex   -3.770915e+01 4.064522e+01 1.557159e+02
      vertex   -3.794516e+01 4.076184e+01 1.557500e+02
    endloop
  endfacet
  facet normal 1.282178e-01 -3.015655e-02 9.912874e-01
    outer loop
      vertex   -3.794516e+01 4.076184e+01 1.557500e+02
      vertex   -3.770915e+01 4.064522e+01 1.557159e+02
      vertex   -3.744991e+01 4.174745e+01 1.557159e+02
    endloop
  endfacet
  facet normal 1.265975e-01 -2.933433e-02 9.915203e-01
    outer loop
      vertex   -3.794516e+01 4.076184e+01 1.557500e+02
      vertex   -3.744991e+01 4.174745e+01 1.557159e+02
      vertex   -3.769854e+01 4.182620e+01 1.557500e+02
    endloop
  endfacet
  facet normal 1.301142e-01 -1.815015e-02 9.913329e-01
    outer loop
      vertex   -3.769854e+01 4.182620e+01 1.557500e+02
      vertex   -3.744991e+01 4.174745e+01 1.557159e+02
      vertex   -3.729347e+01 4.286890e+01 1.557159e+02
    endloop
  endfacet
  facet normal 1.290852e-01 -1.774577e-02 9.914747e-01
    outer loop
      vertex   -3.769854e+01 4.182620e+01 1.557500e+02
      vertex   -3.729347e+01 4.286890e+01 1.557159e+02
      vertex   -3.754974e+01 4.290857e+01 1.557500e+02
    endloop
  endfacet
  facet normal 1.308831e-01 -6.051091e-03 9.913793e-01
    outer loop
      vertex   -3.754974e+01 4.290857e+01 1.557500e+02
      vertex   -3.729347e+01 4.286890e+01 1.557159e+02
      vertex   -3.724118e+01 4.400000e+01 1.557159e+02
    endloop
  endfacet
  facet normal 1.305239e-01 -5.948041e-03 9.914273e-01
    outer loop
      vertex   -3.754974e+01 4.290857e+01 1.557500e+02
      vertex   -3.724118e+01 4.400000e+01 1.557159e+02
      vertex   -3.750000e+01 4.400000e+01 1.557500e+02
    endloop
  endfacet
  facet normal 1.305239e-01 5.948041e-03 9.914273e-01
    outer loop
      vertex   -3.750000e+01 4.400000e+01 1.557500e+02
      vertex   -3.724118e+01 4.400000e+01 1.557159e+02
      vertex   -3.754974e+01 4.509143e+01 1.557500e+02
    endloop
  endfacet
  facet normal 1.308831e-01 6.051091e-03 9.913793e-01
    outer loop
      vertex   -3.754974e+01 4.509143e+01 1.557500e+02
      vertex   -3.724118e+01 4.400000e+01 1.557159e+02
      vertex   -3.729347e+01 4.513110e+01 1.557159e+02
    endloop
  endfacet
  facet normal 1.290852e-01 1.774577e-02 9.914747e-01
    outer loop
      vertex   -3.754974e+01 4.509143e+01 1.557500e+02
      vertex   -3.729347e+01 4.513110e+01 1.557159e+02
      vertex   -3.769854e+01 4.617380e+01 1.557500e+02
    endloop
  endfacet
  facet normal 1.301142e-01 1.815015e-02 9.913329e-01
    outer loop
      vertex   -3.769854e+01 4.617380e+01 1.557500e+02
      vertex   -3.729347e+01 4.513110e+01 1.557159e+02
      vertex   -3.744991e+01 4.625255e+01 1.557159e+02
    endloop
  endfacet
  facet normal 1.265975e-01 2.933433e-02 9.915203e-01
    outer loop
      vertex   -3.769854e+01 4.617380e+01 1.557500e+02
      vertex   -3.744991e+01 4.625255e+01 1.557159e+02
      vertex   -3.794516e+01 4.723816e+01 1.557500e+02
    endloop
  endfacet
  facet normal 1.282178e-01 3.015655e-02 9.912874e-01
    outer loop
      vertex   -3.794516e+01 4.723816e+01 1.557500e+02
      vertex   -3.744991e+01 4.625255e+01 1.557159e+02
      vertex   -3.770915e+01 4.735479e+01 1.557159e+02
    endloop
  endfacet
  facet normal 1.230863e-01 4.062197e-02 9.915642e-01
    outer loop
      vertex   -3.794516e+01 4.723816e+01 1.557500e+02
      vertex   -3.770915e+01 4.735479e+01 1.557159e+02
      vertex   -3.828757e+01 4.827568e+01 1.557500e+02
    endloop
  endfacet
  facet normal 1.252046e-01 4.196435e-02 9.912431e-01
    outer loop
      vertex   -3.828757e+01 4.827568e+01 1.557500e+02
      vertex   -3.770915e+01 4.735479e+01 1.557159e+02
      vertex   -3.806899e+01 4.842840e+01 1.557159e+02
    endloop
  endfacet
  facet normal 1.185851e-01 5.151978e-02 9.916064e-01
    outer loop
      vertex   -3.828757e+01 4.827568e+01 1.557500e+02
      vertex   -3.806899e+01 4.842840e+01 1.557159e+02
      vertex   -3.872293e+01 4.927775e+01 1.557500e+02
    endloop
  endfacet
  facet normal 1.210954e-01 5.346886e-02 9.911998e-01
    outer loop
      vertex   -3.872293e+01 4.927775e+01 1.557500e+02
      vertex   -3.806899e+01 4.842840e+01 1.557159e+02
      vertex   -3.852636e+01 4.946423e+01 1.557159e+02
    endloop
  endfacet
  facet normal 1.131347e-01 6.194233e-02 9.916470e-01
    outer loop
      vertex   -3.872293e+01 4.927775e+01 1.557500e+02
      vertex   -3.852636e+01 4.946423e+01 1.557159e+02
      vertex   -3.924762e+01 5.023608e+01 1.557500e+02
    endloop
  endfacet
  facet normal 1.159209e-01 6.456752e-02 9.911576e-01
    outer loop
      vertex   -3.924762e+01 5.023608e+01 1.557500e+02
      vertex   -3.852636e+01 4.946423e+01 1.557159e+02
      vertex   -3.907734e+01 5.045344e+01 1.557159e+02
    endloop
  endfacet
  facet normal -9.230379e-01 4.267462e-02 3.823348e-01
    outer loop
      vertex   -6.246593e+01 4.400000e+01 1.550088e+02
      vertex   -6.236603e+01 4.400000e+01 1.552500e+02
      vertex   -6.241062e+01 4.519634e+01 1.550088e+02
    endloop
  endfacet
  facet normal -9.230379e-01 4.267462e-02 3.823348e-01
    outer loop
      vertex   -6.241062e+01 4.519634e+01 1.550088e+02
      vertex   -6.236603e+01 4.400000e+01 1.552500e+02
      vertex   -6.231114e+01 4.518713e+01 1.552500e+02
    endloop
  endfacet
  facet normal -9.151629e-01 1.276598e-01 3.823348e-01
    outer loop
      vertex   -6.241062e+01 4.519634e+01 1.550088e+02
      vertex   -6.231114e+01 4.518713e+01 1.552500e+02
      vertex   -6.224516e+01 4.638248e+01 1.550088e+02
    endloop
  endfacet
  facet normal -9.151629e-01 1.276598e-01 3.823348e-01
    outer loop
      vertex   -6.224516e+01 4.638248e+01 1.550088e+02
      vertex   -6.231114e+01 4.518713e+01 1.552500e+02
      vertex   -6.214696e+01 4.636413e+01 1.552500e+02
    endloop
  endfacet
  facet normal -8.994800e-01 2.115558e-01 3.823348e-01
    outer loop
      vertex   -6.224516e+01 4.638248e+01 1.550088e+02
      vertex   -6.214696e+01 4.636413e+01 1.552500e+02
      vertex   -6.197096e+01 4.754829e+01 1.550088e+02
    endloop
  endfacet
  facet normal -8.994800e-01 2.115558e-01 3.823348e-01
    outer loop
      vertex   -6.197096e+01 4.754829e+01 1.550088e+02
      vertex   -6.214696e+01 4.636413e+01 1.552500e+02
      vertex   -6.187487e+01 4.752096e+01 1.552500e+02
    endloop
  endfacet
  facet normal -8.761231e-01 2.936469e-01 3.823348e-01
    outer loop
      vertex   -6.197096e+01 4.754829e+01 1.550088e+02
      vertex   -6.187487e+01 4.752096e+01 1.552500e+02
      vertex   -6.159037e+01 4.868383e+01 1.550088e+02
    endloop
  endfacet
  facet normal -8.761231e-01 2.936469e-01 3.823348e-01
    outer loop
      vertex   -6.159037e+01 4.868383e+01 1.550088e+02
      vertex   -6.187487e+01 4.752096e+01 1.552500e+02
      vertex   -6.149721e+01 4.864774e+01 1.552500e+02
    endloop
  endfacet
  facet normal -8.452914e-01 3.732326e-01 3.823348e-01
    outer loop
      vertex   -6.159037e+01 4.868383e+01 1.550088e+02
      vertex   -6.149721e+01 4.864774e+01 1.552500e+02
      vertex   -6.110662e+01 4.977941e+01 1.550088e+02
    endloop
  endfacet
  facet normal -8.452914e-01 3.732326e-01 3.823348e-01
    outer loop
      vertex   -6.110662e+01 4.977941e+01 1.550088e+02
      vertex   -6.149721e+01 4.864774e+01 1.552500e+02
      vertex   -6.101719e+01 4.973488e+01 1.552500e+02
    endloop
  endfacet
  facet normal -8.072479e-01 4.496341e-01 3.823348e-01
    outer loop
      vertex   -6.110662e+01 4.977941e+01 1.550088e+02
      vertex   -6.101719e+01 4.973488e+01 1.552500e+02
      vertex   -6.052385e+01 5.082568e+01 1.550088e+02
    endloop
  endfacet
  facet normal -8.072479e-01 4.496341e-01 3.823348e-01
    outer loop
      vertex   -6.052385e+01 5.082568e+01 1.550088e+02
      vertex   -6.101719e+01 4.973488e+01 1.552500e+02
      vertex   -6.043892e+01 5.077309e+01 1.552500e+02
    endloop
  endfacet
  facet normal -7.623173e-01 5.221995e-01 3.823348e-01
    outer loop
      vertex   -6.052385e+01 5.082568e+01 1.550088e+02
      vertex   -6.043892e+01 5.077309e+01 1.552500e+02
      vertex   -5.984703e+01 5.181372e+01 1.550088e+02
    endloop
  endfacet
  facet normal -7.623173e-01 5.221995e-01 3.823348e-01
    outer loop
      vertex   -5.984703e+01 5.181372e+01 1.550088e+02
      vertex   -6.043892e+01 5.077309e+01 1.552500e+02
      vertex   -5.976731e+01 5.175351e+01 1.552500e+02
    endloop
  endfacet
  facet normal -7.108829e-01 5.903097e-01 3.823348e-01
    outer loop
      vertex   -5.984703e+01 5.181372e+01 1.550088e+02
      vertex   -5.976731e+01 5.175351e+01 1.552500e+02
      vertex   -5.908193e+01 5.273509e+01 1.550088e+02
    endloop
  endfacet
  facet normal -7.108829e-01 5.903097e-01 3.823348e-01
    outer loop
      vertex   -5.908193e+01 5.273509e+01 1.550088e+02
      vertex   -5.976731e+01 5.175351e+01 1.552500e+02
      vertex   -5.900811e+01 5.266779e+01 1.552500e+02
    endloop
  endfacet
  facet normal -6.533835e-01 6.533835e-01 3.823348e-01
    outer loop
      vertex   -5.908193e+01 5.273509e+01 1.550088e+02
      vertex   -5.900811e+01 5.266779e+01 1.552500e+02
      vertex   -5.823509e+01 5.358193e+01 1.550088e+02
    endloop
  endfacet
  facet normal -6.533835e-01 6.533835e-01 3.823348e-01
    outer loop
      vertex   -5.823509e+01 5.358193e+01 1.550088e+02
      vertex   -5.900811e+01 5.266779e+01 1.552500e+02
      vertex   -5.816779e+01 5.350811e+01 1.552500e+02
    endloop
  endfacet
  facet normal -5.903097e-01 7.108829e-01 3.823348e-01
    outer loop
      vertex   -5.823509e+01 5.358193e+01 1.550088e+02
      vertex   -5.816779e+01 5.350811e+01 1.552500e+02
      vertex   -5.731372e+01 5.434703e+01 1.550088e+02
    endloop
  endfacet
  facet normal -5.903097e-01 7.108829e-01 3.823348e-01
    outer loop
      vertex   -5.731372e+01 5.434703e+01 1.550088e+02
      vertex   -5.816779e+01 5.350811e+01 1.552500e+02
      vertex   -5.725351e+01 5.426731e+01 1.552500e+02
    endloop
  endfacet
  facet normal -5.221995e-01 7.623173e-01 3.823348e-01
    outer loop
      vertex   -5.731372e+01 5.434703e+01 1.550088e+02
      vertex   -5.725351e+01 5.426731e+01 1.552500e+02
      vertex   -5.632568e+01 5.502385e+01 1.550088e+02
    endloop
  endfacet
  facet normal -5.221995e-01 7.623173e-01 3.823348e-01
    outer loop
      vertex   -5.632568e+01 5.502385e+01 1.550088e+02
      vertex   -5.725351e+01 5.426731e+01 1.552500e+02
      vertex   -5.627309e+01 5.493892e+01 1.552500e+02
    endloop
  endfacet
  facet normal -4.496341e-01 8.072479e-01 3.823348e-01
    outer loop
      vertex   -5.632568e+01 5.502385e+01 1.550088e+02
      vertex   -5.627309e+01 5.493892e+01 1.552500e+02
      vertex   -5.527941e+01 5.560662e+01 1.550088e+02
    endloop
  endfacet
  facet normal -4.496341e-01 8.072479e-01 3.823348e-01
    outer loop
      vertex   -5.527941e+01 5.560662e+01 1.550088e+02
      vertex   -5.627309e+01 5.493892e+01 1.552500e+02
      vertex   -5.523488e+01 5.551719e+01 1.552500e+02
    endloop
  endfacet
  facet normal -3.732326e-01 8.452914e-01 3.823348e-01
    outer loop
      vertex   -5.527941e+01 5.560662e+01 1.550088e+02
      vertex   -5.523488e+01 5.551719e+01 1.552500e+02
      vertex   -5.418383e+01 5.609037e+01 1.550088e+02
    endloop
  endfacet
  facet normal -3.732326e-01 8.452914e-01 3.823348e-01
    outer loop
      vertex   -5.418383e+01 5.609037e+01 1.550088e+02
      vertex   -5.523488e+01 5.551719e+01 1.552500e+02
      vertex   -5.414774e+01 5.599721e+01 1.552500e+02
    endloop
  endfacet
  facet normal -2.936469e-01 8.761231e-01 3.823348e-01
    outer loop
      vertex   -5.418383e+01 5.609037e+01 1.550088e+02
      vertex   -5.414774e+01 5.599721e+01 1.552500e+02
      vertex   -5.304829e+01 5.647096e+01 1.550088e+02
    endloop
  endfacet
  facet normal -2.936469e-01 8.761231e-01 3.823348e-01
    outer loop
      vertex   -5.304829e+01 5.647096e+01 1.550088e+02
      vertex   -5.414774e+01 5.599721e+01 1.552500e+02
      vertex   -5.302095e+01 5.637487e+01 1.552500e+02
    endloop
  endfacet
  facet normal -2.115558e-01 8.994800e-01 3.823348e-01
    outer loop
      vertex   -5.304829e+01 5.647096e+01 1.550088e+02
      vertex   -5.302095e+01 5.637487e+01 1.552500e+02
      vertex   -5.188248e+01 5.674516e+01 1.550088e+02
    endloop
  endfacet
  facet normal -2.115558e-01 8.994800e-01 3.823348e-01
    outer loop
      vertex   -5.188248e+01 5.674516e+01 1.550088e+02
      vertex   -5.302095e+01 5.637487e+01 1.552500e+02
      vertex   -5.186413e+01 5.664696e+01 1.552500e+02
    endloop
  endfacet
  facet normal -1.276598e-01 9.151629e-01 3.823348e-01
    outer loop
      vertex   -5.188248e+01 5.674516e+01 1.550088e+02
      vertex   -5.186413e+01 5.664696e+01 1.552500e+02
      vertex   -5.069634e+01 5.691062e+01 1.550088e+02
    endloop
  endfacet
  facet normal -1.276598e-01 9.151629e-01 3.823348e-01
    outer loop
      vertex   -5.069634e+01 5.691062e+01 1.550088e+02
      vertex   -5.186413e+01 5.664696e+01 1.552500e+02
      vertex   -5.068713e+01 5.681114e+01 1.552500e+02
    endloop
  endfacet
  facet normal -4.267462e-02 9.230379e-01 3.823348e-01
    outer loop
      vertex   -5.069634e+01 5.691062e+01 1.550088e+02
      vertex   -5.068713e+01 5.681114e+01 1.552500e+02
      vertex   -4.950000e+01 5.696593e+01 1.550088e+02
    endloop
  endfacet
  facet normal -4.267462e-02 9.230379e-01 3.823348e-01
    outer loop
      vertex   -4.950000e+01 5.696593e+01 1.550088e+02
      vertex   -5.068713e+01 5.681114e+01 1.552500e+02
      vertex   -4.950000e+01 5.686603e+01 1.552500e+02
    endloop
  endfacet
  facet normal 4.267462e-02 9.230379e-01 3.823348e-01
    outer loop
      vertex   -4.950000e+01 5.696593e+01 1.550088e+02
      vertex   -4.950000e+01 5.686603e+01 1.552500e+02
      vertex   -4.830366e+01 5.691062e+01 1.550088e+02
    endloop
  endfacet
  facet normal 4.267462e-02 9.230379e-01 3.823348e-01
    outer loop
      vertex   -4.830366e+01 5.691062e+01 1.550088e+02
      vertex   -4.950000e+01 5.686603e+01 1.552500e+02
      vertex   -4.831287e+01 5.681114e+01 1.552500e+02
    endloop
  endfacet
  facet normal 1.276598e-01 9.151629e-01 3.823348e-01
    outer loop
      vertex   -4.830366e+01 5.691062e+01 1.550088e+02
      vertex   -4.831287e+01 5.681114e+01 1.552500e+02
      vertex   -4.711752e+01 5.674516e+01 1.550088e+02
    endloop
  endfacet
  facet normal 1.276598e-01 9.151629e-01 3.823348e-01
    outer loop
      vertex   -4.711752e+01 5.674516e+01 1.550088e+02
      vertex   -4.831287e+01 5.681114e+01 1.552500e+02
      vertex   -4.713587e+01 5.664696e+01 1.552500e+02
    endloop
  endfacet
  facet normal 2.115558e-01 8.994800e-01 3.823348e-01
    outer loop
      vertex   -4.711752e+01 5.674516e+01 1.550088e+02
      vertex   -4.713587e+01 5.664696e+01 1.552500e+02
      vertex   -4.595171e+01 5.647096e+01 1.550088e+02
    endloop
  endfacet
  facet normal 2.115558e-01 8.994800e-01 3.823348e-01
    outer loop
      vertex   -4.595171e+01 5.647096e+01 1.550088e+02
      vertex   -4.713587e+01 5.664696e+01 1.552500e+02
      vertex   -4.597905e+01 5.637487e+01 1.552500e+02
    endloop
  endfacet
  facet normal 2.936469e-01 8.761231e-01 3.823348e-01
    outer loop
      vertex   -4.595171e+01 5.647096e+01 1.550088e+02
      vertex   -4.597905e+01 5.637487e+01 1.552500e+02
      vertex   -4.481617e+01 5.609037e+01 1.550088e+02
    endloop
  endfacet
  facet normal 2.936469e-01 8.761231e-01 3.823348e-01
    outer loop
      vertex   -4.481617e+01 5.609037e+01 1.550088e+02
      vertex   -4.597905e+01 5.637487e+01 1.552500e+02
      vertex   -4.485226e+01 5.599721e+01 1.552500e+02
    endloop
  endfacet
  facet normal 3.732326e-01 8.452914e-01 3.823348e-01
    outer loop
      vertex   -4.481617e+01 5.609037e+01 1.550088e+02
      vertex   -4.485226e+01 5.599721e+01 1.552500e+02
      vertex   -4.372059e+01 5.560662e+01 1.550088e+02
    endloop
  endfacet
  facet normal 3.732326e-01 8.452914e-01 3.823348e-01
    outer loop
      vertex   -4.372059e+01 5.560662e+01 1.550088e+02
      vertex   -4.485226e+01 5.599721e+01 1.552500e+02
      vertex   -4.376512e+01 5.551719e+01 1.552500e+02
    endloop
  endfacet
  facet normal 4.496341e-01 8.072479e-01 3.823348e-01
    outer loop
      vertex   -4.372059e+01 5.560662e+01 1.550088e+02
      vertex   -4.376512e+01 5.551719e+01 1.552500e+02
      vertex   -4.267432e+01 5.502385e+01 1.550088e+02
    endloop
  endfacet
  facet normal 4.496341e-01 8.072479e-01 3.823348e-01
    outer loop
      vertex   -4.267432e+01 5.502385e+01 1.550088e+02
      vertex   -4.376512e+01 5.551719e+01 1.552500e+02
      vertex   -4.272691e+01 5.493892e+01 1.552500e+02
    endloop
  endfacet
  facet normal 5.221995e-01 7.623173e-01 3.823348e-01
    outer loop
      vertex   -4.267432e+01 5.502385e+01 1.550088e+02
      vertex   -4.272691e+01 5.493892e+01 1.552500e+02
      vertex   -4.168628e+01 5.434703e+01 1.550088e+02
    endloop
  endfacet
  facet normal 5.221995e-01 7.623173e-01 3.823348e-01
    outer loop
      vertex   -4.168628e+01 5.434703e+01 1.550088e+02
      vertex   -4.272691e+01 5.493892e+01 1.552500e+02
      vertex   -4.174649e+01 5.426731e+01 1.552500e+02
    endloop
  endfacet
  facet normal 5.903097e-01 7.108829e-01 3.823348e-01
    outer loop
      vertex   -4.168628e+01 5.434703e+01 1.550088e+02
      vertex   -4.174649e+01 5.426731e+01 1.552500e+02
      vertex   -4.076491e+01 5.358193e+01 1.550088e+02
    endloop
  endfacet
  facet normal 5.903097e-01 7.108829e-01 3.823348e-01
    outer loop
      vertex   -4.076491e+01 5.358193e+01 1.550088e+02
      vertex   -4.174649e+01 5.426731e+01 1.552500e+02
      vertex   -4.083221e+01 5.350811e+01 1.552500e+02
    endloop
  endfacet
  facet normal 6.533835e-01 6.533835e-01 3.823348e-01
    outer loop
      vertex   -4.076491e+01 5.358193e+01 1.550088e+02
      vertex   -4.083221e+01 5.350811e+01 1.552500e+02
      vertex   -3.991807e+01 5.273509e+01 1.550088e+02
    endloop
  endfacet
  facet normal 6.533835e-01 6.533835e-01 3.823348e-01
    outer loop
      vertex   -3.991807e+01 5.273509e+01 1.550088e+02
      vertex   -4.083221e+01 5.350811e+01 1.552500e+02
      vertex   -3.999189e+01 5.266779e+01 1.552500e+02
    endloop
  endfacet
  facet normal 7.108829e-01 5.903097e-01 3.823348e-01
    outer loop
      vertex   -3.991807e+01 5.273509e+01 1.550088e+02
      vertex   -3.999189e+01 5.266779e+01 1.552500e+02
      vertex   -3.915297e+01 5.181372e+01 1.550088e+02
    endloop
  endfacet
  facet normal 7.108829e-01 5.903097e-01 3.823348e-01
    outer loop
      vertex   -3.915297e+01 5.181372e+01 1.550088e+02
      vertex   -3.999189e+01 5.266779e+01 1.552500e+02
      vertex   -3.923269e+01 5.175351e+01 1.552500e+02
    endloop
  endfacet
  facet normal 7.623173e-01 5.221995e-01 3.823348e-01
    outer loop
      vertex   -3.915297e+01 5.181372e+01 1.550088e+02
      vertex   -3.923269e+01 5.175351e+01 1.552500e+02
      vertex   -3.847615e+01 5.082568e+01 1.550088e+02
    endloop
  endfacet
  facet normal 7.623173e-01 5.221995e-01 3.823348e-01
    outer loop
      vertex   -3.847615e+01 5.082568e+01 1.550088e+02
      vertex   -3.923269e+01 5.175351e+01 1.552500e+02
      vertex   -3.856108e+01 5.077309e+01 1.552500e+02
    endloop
  endfacet
  facet normal 8.072479e-01 4.496341e-01 3.823348e-01
    outer loop
      vertex   -3.847615e+01 5.082568e+01 1.550088e+02
      vertex   -3.856108e+01 5.077309e+01 1.552500e+02
      vertex   -3.789338e+01 4.977941e+01 1.550088e+02
    endloop
  endfacet
  facet normal 8.072479e-01 4.496341e-01 3.823348e-01
    outer loop
      vertex   -3.789338e+01 4.977941e+01 1.550088e+02
      vertex   -3.856108e+01 5.077309e+01 1.552500e+02
      vertex   -3.798281e+01 4.973488e+01 1.552500e+02
    endloop
  endfacet
  facet normal 8.452914e-01 3.732326e-01 3.823348e-01
    outer loop
      vertex   -3.789338e+01 4.977941e+01 1.550088e+02
      vertex   -3.798281e+01 4.973488e+01 1.552500e+02
      vertex   -3.740963e+01 4.868383e+01 1.550088e+02
    endloop
  endfacet
  facet normal 8.452914e-01 3.732326e-01 3.823348e-01
    outer loop
      vertex   -3.740963e+01 4.868383e+01 1.550088e+02
      vertex   -3.798281e+01 4.973488e+01 1.552500e+02
      vertex   -3.750279e+01 4.864774e+01 1.552500e+02
    endloop
  endfacet
  facet normal 8.761231e-01 2.936469e-01 3.823348e-01
    outer loop
      vertex   -3.740963e+01 4.868383e+01 1.550088e+02
      vertex   -3.750279e+01 4.864774e+01 1.552500e+02
      vertex   -3.702904e+01 4.754829e+01 1.550088e+02
    endloop
  endfacet
  facet normal 8.761231e-01 2.936469e-01 3.823348e-01
    outer loop
      vertex   -3.702904e+01 4.754829e+01 1.550088e+02
      vertex   -3.750279e+01 4.864774e+01 1.552500e+02
      vertex   -3.712513e+01 4.752096e+01 1.552500e+02
    endloop
  endfacet
  facet normal 8.994800e-01 2.115558e-01 3.823348e-01
    outer loop
      vertex   -3.702904e+01 4.754829e+01 1.550088e+02
      vertex   -3.712513e+01 4.752096e+01 1.552500e+02
      vertex   -3.675484e+01 4.638248e+01 1.550088e+02
    endloop
  endfacet
  facet normal 8.994800e-01 2.115558e-01 3.823348e-01
    outer loop
      vertex   -3.675484e+01 4.638248e+01 1.550088e+02
      vertex   -3.712513e+01 4.752096e+01 1.552500e+02
      vertex   -3.685304e+01 4.636413e+01 1.552500e+02
    endloop
  endfacet
  facet normal 9.151629e-01 1.276598e-01 3.823348e-01
    outer loop
      vertex   -3.675484e+01 4.638248e+01 1.550088e+02
      vertex   -3.685304e+01 4.636413e+01 1.552500e+02
      vertex   -3.658938e+01 4.519634e+01 1.550088e+02
    endloop
  endfacet
  facet normal 9.151629e-01 1.276598e-01 3.823348e-01
    outer loop
      vertex   -3.658938e+01 4.519634e+01 1.550088e+02
      vertex   -3.685304e+01 4.636413e+01 1.552500e+02
      vertex   -3.668886e+01 4.518713e+01 1.552500e+02
    endloop
  endfacet
  facet normal 9.230379e-01 4.267462e-02 3.823348e-01
    outer loop
      vertex   -3.658938e+01 4.519634e+01 1.550088e+02
      vertex   -3.668886e+01 4.518713e+01 1.552500e+02
      vertex   -3.653407e+01 4.400000e+01 1.550088e+02
    endloop
  endfacet
  facet normal 9.230379e-01 4.267462e-02 3.823348e-01
    outer loop
      vertex   -3.653407e+01 4.400000e+01 1.550088e+02
      vertex   -3.668886e+01 4.518713e+01 1.552500e+02
      vertex   -3.663397e+01 4.400000e+01 1.552500e+02
    endloop
  endfacet
  facet normal 9.230379e-01 -4.267462e-02 3.823348e-01
    outer loop
      vertex   -3.653407e+01 4.400000e+01 1.550088e+02
      vertex   -3.663397e+01 4.400000e+01 1.552500e+02
      vertex   -3.658938e+01 4.280366e+01 1.550088e+02
    endloop
  endfacet
  facet normal 9.230379e-01 -4.267462e-02 3.823348e-01
    outer loop
      vertex   -3.658938e+01 4.280366e+01 1.550088e+02
      vertex   -3.663397e+01 4.400000e+01 1.552500e+02
      vertex   -3.668886e+01 4.281287e+01 1.552500e+02
    endloop
  endfacet
  facet normal 9.151629e-01 -1.276598e-01 3.823348e-01
    outer loop
      vertex   -3.658938e+01 4.280366e+01 1.550088e+02
      vertex   -3.668886e+01 4.281287e+01 1.552500e+02
      vertex   -3.675484e+01 4.161752e+01 1.550088e+02
    endloop
  endfacet
  facet normal 9.151629e-01 -1.276598e-01 3.823348e-01
    outer loop
      vertex   -3.675484e+01 4.161752e+01 1.550088e+02
      vertex   -3.668886e+01 4.281287e+01 1.552500e+02
      vertex   -3.685304e+01 4.163587e+01 1.552500e+02
    endloop
  endfacet
  facet normal 8.994800e-01 -2.115558e-01 3.823348e-01
    outer loop
      vertex   -3.675484e+01 4.161752e+01 1.550088e+02
      vertex   -3.685304e+01 4.163587e+01 1.552500e+02
      vertex   -3.702904e+01 4.045171e+01 1.550088e+02
    endloop
  endfacet
  facet normal 8.994800e-01 -2.115558e-01 3.823348e-01
    outer loop
      vertex   -3.702904e+01 4.045171e+01 1.550088e+02
      vertex   -3.685304e+01 4.163587e+01 1.552500e+02
      vertex   -3.712513e+01 4.047905e+01 1.552500e+02
    endloop
  endfacet
  facet normal 8.761231e-01 -2.936469e-01 3.823348e-01
    outer loop
      vertex   -3.702904e+01 4.045171e+01 1.550088e+02
      vertex   -3.712513e+01 4.047905e+01 1.552500e+02
      vertex   -3.740963e+01 3.931617e+01 1.550088e+02
    endloop
  endfacet
  facet normal 8.761231e-01 -2.936469e-01 3.823348e-01
    outer loop
      vertex   -3.740963e+01 3.931617e+01 1.550088e+02
      vertex   -3.712513e+01 4.047905e+01 1.552500e+02
      vertex   -3.750279e+01 3.935226e+01 1.552500e+02
    endloop
  endfacet
  facet normal 8.452914e-01 -3.732326e-01 3.823348e-01
    outer loop
      vertex   -3.740963e+01 3.931617e+01 1.550088e+02
      vertex   -3.750279e+01 3.935226e+01 1.552500e+02
      vertex   -3.789338e+01 3.822059e+01 1.550088e+02
    endloop
  endfacet
  facet normal 8.452914e-01 -3.732326e-01 3.823348e-01
    outer loop
      vertex   -3.789338e+01 3.822059e+01 1.550088e+02
      vertex   -3.750279e+01 3.935226e+01 1.552500e+02
      vertex   -3.798281e+01 3.826512e+01 1.552500e+02
    endloop
  endfacet
  facet normal 8.072479e-01 -4.496341e-01 3.823348e-01
    outer loop
      vertex   -3.789338e+01 3.822059e+01 1.550088e+02
      vertex   -3.798281e+01 3.826512e+01 1.552500e+02
      vertex   -3.847615e+01 3.717432e+01 1.550088e+02
    endloop
  endfacet
  facet normal 8.072479e-01 -4.496341e-01 3.823348e-01
    outer loop
      vertex   -3.847615e+01 3.717432e+01 1.550088e+02
      vertex   -3.798281e+01 3.826512e+01 1.552500e+02
      vertex   -3.856108e+01 3.722691e+01 1.552500e+02
    endloop
  endfacet
  facet normal 7.623173e-01 -5.221995e-01 3.823348e-01
    outer loop
      vertex   -3.847615e+01 3.717432e+01 1.550088e+02
      vertex   -3.856108e+01 3.722691e+01 1.552500e+02
      vertex   -3.915297e+01 3.618628e+01 1.550088e+02
    endloop
  endfacet
  facet normal 7.623173e-01 -5.221995e-01 3.823348e-01
    outer loop
      vertex   -3.915297e+01 3.618628e+01 1.550088e+02
      vertex   -3.856108e+01 3.722691e+01 1.552500e+02
      vertex   -3.923269e+01 3.624649e+01 1.552500e+02
    endloop
  endfacet
  facet normal 7.108829e-01 -5.903097e-01 3.823348e-01
    outer loop
      vertex   -3.915297e+01 3.618628e+01 1.550088e+02
      vertex   -3.923269e+01 3.624649e+01 1.552500e+02
      vertex   -3.991807e+01 3.526491e+01 1.550088e+02
    endloop
  endfacet
  facet normal 7.108829e-01 -5.903097e-01 3.823348e-01
    outer loop
      vertex   -3.991807e+01 3.526491e+01 1.550088e+02
      vertex   -3.923269e+01 3.624649e+01 1.552500e+02
      vertex   -3.999189e+01 3.533221e+01 1.552500e+02
    endloop
  endfacet
  facet normal 6.533835e-01 -6.533835e-01 3.823348e-01
    outer loop
      vertex   -3.991807e+01 3.526491e+01 1.550088e+02
      vertex   -3.999189e+01 3.533221e+01 1.552500e+02
      vertex   -4.076491e+01 3.441807e+01 1.550088e+02
    endloop
  endfacet
  facet normal 6.533835e-01 -6.533835e-01 3.823348e-01
    outer loop
      vertex   -4.076491e+01 3.441807e+01 1.550088e+02
      vertex   -3.999189e+01 3.533221e+01 1.552500e+02
      vertex   -4.083221e+01 3.449189e+01 1.552500e+02
    endloop
  endfacet
  facet normal 5.903097e-01 -7.108829e-01 3.823348e-01
    outer loop
      vertex   -4.076491e+01 3.441807e+01 1.550088e+02
      vertex   -4.083221e+01 3.449189e+01 1.552500e+02
      vertex   -4.168628e+01 3.365297e+01 1.550088e+02
    endloop
  endfacet
  facet normal 5.903097e-01 -7.108829e-01 3.823348e-01
    outer loop
      vertex   -4.168628e+01 3.365297e+01 1.550088e+02
      vertex   -4.083221e+01 3.449189e+01 1.552500e+02
      vertex   -4.174649e+01 3.373269e+01 1.552500e+02
    endloop
  endfacet
  facet normal 5.221995e-01 -7.623173e-01 3.823348e-01
    outer loop
      vertex   -4.168628e+01 3.365297e+01 1.550088e+02
      vertex   -4.174649e+01 3.373269e+01 1.552500e+02
      vertex   -4.267432e+01 3.297615e+01 1.550088e+02
    endloop
  endfacet
  facet normal 5.221995e-01 -7.623173e-01 3.823348e-01
    outer loop
      vertex   -4.267432e+01 3.297615e+01 1.550088e+02
      vertex   -4.174649e+01 3.373269e+01 1.552500e+02
      vertex   -4.272691e+01 3.306108e+01 1.552500e+02
    endloop
  endfacet
  facet normal 4.496341e-01 -8.072479e-01 3.823348e-01
    outer loop
      vertex   -4.267432e+01 3.297615e+01 1.550088e+02
      vertex   -4.272691e+01 3.306108e+01 1.552500e+02
      vertex   -4.372059e+01 3.239338e+01 1.550088e+02
    endloop
  endfacet
  facet normal 4.496341e-01 -8.072479e-01 3.823348e-01
    outer loop
      vertex   -4.372059e+01 3.239338e+01 1.550088e+02
      vertex   -4.272691e+01 3.306108e+01 1.552500e+02
      vertex   -4.376512e+01 3.248281e+01 1.552500e+02
    endloop
  endfacet
  facet normal 3.732326e-01 -8.452914e-01 3.823348e-01
    outer loop
      vertex   -4.372059e+01 3.239338e+01 1.550088e+02
      vertex   -4.376512e+01 3.248281e+01 1.552500e+02
      vertex   -4.481617e+01 3.190963e+01 1.550088e+02
    endloop
  endfacet
  facet normal 3.732326e-01 -8.452914e-01 3.823348e-01
    outer loop
      vertex   -4.481617e+01 3.190963e+01 1.550088e+02
      vertex   -4.376512e+01 3.248281e+01 1.552500e+02
      vertex   -4.485226e+01 3.200279e+01 1.552500e+02
    endloop
  endfacet
  facet normal 2.936469e-01 -8.761231e-01 3.823348e-01
    outer loop
      vertex   -4.481617e+01 3.190963e+01 1.550088e+02
      vertex   -4.485226e+01 3.200279e+01 1.552500e+02
      vertex   -4.595171e+01 3.152904e+01 1.550088e+02
    endloop
  endfacet
  facet normal 2.936469e-01 -8.761231e-01 3.823348e-01
    outer loop
      vertex   -4.595171e+01 3.152904e+01 1.550088e+02
      vertex   -4.485226e+01 3.200279e+01 1.552500e+02
      vertex   -4.597905e+01 3.162513e+01 1.552500e+02
    endloop
  endfacet
  facet normal 2.115558e-01 -8.994800e-01 3.823348e-01
    outer loop
      vertex   -4.595171e+01 3.152904e+01 1.550088e+02
      vertex   -4.597905e+01 3.162513e+01 1.552500e+02
      vertex   -4.711752e+01 3.125484e+01 1.550088e+02
    endloop
  endfacet
  facet normal 2.115558e-01 -8.994800e-01 3.823348e-01
    outer loop
      vertex   -4.711752e+01 3.125484e+01 1.550088e+02
      vertex   -4.597905e+01 3.162513e+01 1.552500e+02
      vertex   -4.713587e+01 3.135304e+01 1.552500e+02
    endloop
  endfacet
  facet normal 1.276598e-01 -9.151629e-01 3.823348e-01
    outer loop
      vertex   -4.711752e+01 3.125484e+01 1.550088e+02
      vertex   -4.713587e+01 3.135304e+01 1.552500e+02
      vertex   -4.830366e+01 3.108938e+01 1.550088e+02
    endloop
  endfacet
  facet normal 1.276598e-01 -9.151629e-01 3.823348e-01
    outer loop
      vertex   -4.830366e+01 3.108938e+01 1.550088e+02
      vertex   -4.713587e+01 3.135304e+01 1.552500e+02
      vertex   -4.831287e+01 3.118886e+01 1.552500e+02
    endloop
  endfacet
  facet normal 4.267462e-02 -9.230379e-01 3.823348e-01
    outer loop
      vertex   -4.830366e+01 3.108938e+01 1.550088e+02
      vertex   -4.831287e+01 3.118886e+01 1.552500e+02
      vertex   -4.950000e+01 3.103407e+01 1.550088e+02
    endloop
  endfacet
  facet normal 4.267462e-02 -9.230379e-01 3.823348e-01
    outer loop
      vertex   -4.950000e+01 3.103407e+01 1.550088e+02
      vertex   -4.831287e+01 3.118886e+01 1.552500e+02
      vertex   -4.950000e+01 3.113397e+01 1.552500e+02
    endloop
  endfacet
  facet normal -4.267462e-02 -9.230379e-01 3.823348e-01
    outer loop
      vertex   -4.950000e+01 3.103407e+01 1.550088e+02
      vertex   -4.950000e+01 3.113397e+01 1.552500e+02
      vertex   -5.069634e+01 3.108938e+01 1.550088e+02
    endloop
  endfacet
  facet normal -4.267462e-02 -9.230379e-01 3.823348e-01
    outer loop
      vertex   -5.069634e+01 3.108938e+01 1.550088e+02
      vertex   -4.950000e+01 3.113397e+01 1.552500e+02
      vertex   -5.068713e+01 3.118886e+01 1.552500e+02
    endloop
  endfacet
  facet normal -1.276598e-01 -9.151629e-01 3.823348e-01
    outer loop
      vertex   -5.069634e+01 3.108938e+01 1.550088e+02
      vertex   -5.068713e+01 3.118886e+01 1.552500e+02
      vertex   -5.188248e+01 3.125484e+01 1.550088e+02
    endloop
  endfacet
  facet normal -1.276598e-01 -9.151629e-01 3.823348e-01
    outer loop
      vertex   -5.188248e+01 3.125484e+01 1.550088e+02
      vertex   -5.068713e+01 3.118886e+01 1.552500e+02
      vertex   -5.186413e+01 3.135304e+01 1.552500e+02
    endloop
  endfacet
  facet normal -2.115558e-01 -8.994800e-01 3.823348e-01
    outer loop
      vertex   -5.188248e+01 3.125484e+01 1.550088e+02
      vertex   -5.186413e+01 3.135304e+01 1.552500e+02
      vertex   -5.304829e+01 3.152904e+01 1.550088e+02
    endloop
  endfacet
  facet normal -2.115558e-01 -8.994800e-01 3.823348e-01
    outer loop
      vertex   -5.304829e+01 3.152904e+01 1.550088e+02
      vertex   -5.186413e+01 3.135304e+01 1.552500e+02
      vertex   -5.302095e+01 3.162513e+01 1.552500e+02
    endloop
  endfacet
  facet normal -2.936469e-01 -8.761231e-01 3.823348e-01
    outer loop
      vertex   -5.304829e+01 3.152904e+01 1.550088e+02
      vertex   -5.302095e+01 3.162513e+01 1.552500e+02
      vertex   -5.418383e+01 3.190963e+01 1.550088e+02
    endloop
  endfacet
  facet normal -2.936469e-01 -8.761231e-01 3.823348e-01
    outer loop
      vertex   -5.418383e+01 3.190963e+01 1.550088e+02
      vertex   -5.302095e+01 3.162513e+01 1.552500e+02
      vertex   -5.414774e+01 3.200279e+01 1.552500e+02
    endloop
  endfacet
  facet normal -3.732326e-01 -8.452914e-01 3.823348e-01
    outer loop
      vertex   -5.418383e+01 3.190963e+01 1.550088e+02
      vertex   -5.414774e+01 3.200279e+01 1.552500e+02
      vertex   -5.527941e+01 3.239338e+01 1.550088e+02
    endloop
  endfacet
  facet normal -3.732326e-01 -8.452914e-01 3.823348e-01
    outer loop
      vertex   -5.527941e+01 3.239338e+01 1.550088e+02
      vertex   -5.414774e+01 3.200279e+01 1.552500e+02
      vertex   -5.523488e+01 3.248281e+01 1.552500e+02
    endloop
  endfacet
  facet normal -4.496341e-01 -8.072479e-01 3.823348e-01
    outer loop
      vertex   -5.527941e+01 3.239338e+01 1.550088e+02
      vertex   -5.523488e+01 3.248281e+01 1.552500e+02
      vertex   -5.632568e+01 3.297615e+01 1.550088e+02
    endloop
  endfacet
  facet normal -4.496341e-01 -8.072479e-01 3.823348e-01
    outer loop
      vertex   -5.632568e+01 3.297615e+01 1.550088e+02
      vertex   -5.523488e+01 3.248281e+01 1.552500e+02
      vertex   -5.627309e+01 3.306108e+01 1.552500e+02
    endloop
  endfacet
  facet normal -5.221995e-01 -7.623173e-01 3.823348e-01
    outer loop
      vertex   -5.632568e+01 3.297615e+01 1.550088e+02
      vertex   -5.627309e+01 3.306108e+01 1.552500e+02
      vertex   -5.731372e+01 3.365297e+01 1.550088e+02
    endloop
  endfacet
  facet normal -5.221995e-01 -7.623173e-01 3.823348e-01
    outer loop
      vertex   -5.731372e+01 3.365297e+01 1.550088e+02
      vertex   -5.627309e+01 3.306108e+01 1.552500e+02
      vertex   -5.725351e+01 3.373269e+01 1.552500e+02
    endloop
  endfacet
  facet normal -5.903097e-01 -7.108829e-01 3.823348e-01
    outer loop
      vertex   -5.731372e+01 3.365297e+01 1.550088e+02
      vertex   -5.725351e+01 3.373269e+01 1.552500e+02
      vertex   -5.823509e+01 3.441807e+01 1.550088e+02
    endloop
  endfacet
  facet normal -5.903097e-01 -7.108829e-01 3.823348e-01
    outer loop
      vertex   -5.823509e+01 3.441807e+01 1.550088e+02
      vertex   -5.725351e+01 3.373269e+01 1.552500e+02
      vertex   -5.816779e+01 3.449189e+01 1.552500e+02
    endloop
  endfacet
  facet normal -6.533835e-01 -6.533835e-01 3.823348e-01
    outer loop
      vertex   -5.823509e+01 3.441807e+01 1.550088e+02
      vertex   -5.816779e+01 3.449189e+01 1.552500e+02
      vertex   -5.908193e+01 3.526491e+01 1.550088e+02
    endloop
  endfacet
  facet normal -6.533835e-01 -6.533835e-01 3.823348e-01
    outer loop
      vertex   -5.908193e+01 3.526491e+01 1.550088e+02
      vertex   -5.816779e+01 3.449189e+01 1.552500e+02
      vertex   -5.900811e+01 3.533221e+01 1.552500e+02
    endloop
  endfacet
  facet normal -7.108829e-01 -5.903097e-01 3.823348e-01
    outer loop
      vertex   -5.908193e+01 3.526491e+01 1.550088e+02
      vertex   -5.900811e+01 3.533221e+01 1.552500e+02
      vertex   -5.984703e+01 3.618628e+01 1.550088e+02
    endloop
  endfacet
  facet normal -7.108829e-01 -5.903097e-01 3.823348e-01
    outer loop
      vertex   -5.984703e+01 3.618628e+01 1.550088e+02
      vertex   -5.900811e+01 3.533221e+01 1.552500e+02
      vertex   -5.976731e+01 3.624649e+01 1.552500e+02
    endloop
  endfacet
  facet normal -7.623173e-01 -5.221995e-01 3.823348e-01
    outer loop
      vertex   -5.984703e+01 3.618628e+01 1.550088e+02
      vertex   -5.976731e+01 3.624649e+01 1.552500e+02
      vertex   -6.052385e+01 3.717432e+01 1.550088e+02
    endloop
  endfacet
  facet normal -7.623173e-01 -5.221995e-01 3.823348e-01
    outer loop
      vertex   -6.052385e+01 3.717432e+01 1.550088e+02
      vertex   -5.976731e+01 3.624649e+01 1.552500e+02
      vertex   -6.043892e+01 3.722691e+01 1.552500e+02
    endloop
  endfacet
  facet normal -8.072479e-01 -4.496341e-01 3.823348e-01
    outer loop
      vertex   -6.052385e+01 3.717432e+01 1.550088e+02
      vertex   -6.043892e+01 3.722691e+01 1.552500e+02
      vertex   -6.110662e+01 3.822059e+01 1.550088e+02
    endloop
  endfacet
  facet normal -8.072479e-01 -4.496341e-01 3.823348e-01
    outer loop
      vertex   -6.110662e+01 3.822059e+01 1.550088e+02
      vertex   -6.043892e+01 3.722691e+01 1.552500e+02
      vertex   -6.101719e+01 3.826512e+01 1.552500e+02
    endloop
  endfacet
  facet normal -8.452914e-01 -3.732326e-01 3.823348e-01
    outer loop
      vertex   -6.110662e+01 3.822059e+01 1.550088e+02
      vertex   -6.101719e+01 3.826512e+01 1.552500e+02
      vertex   -6.159037e+01 3.931617e+01 1.550088e+02
    endloop
  endfacet
  facet normal -8.452914e-01 -3.732326e-01 3.823348e-01
    outer loop
      vertex   -6.159037e+01 3.931617e+01 1.550088e+02
      vertex   -6.101719e+01 3.826512e+01 1.552500e+02
      vertex   -6.149721e+01 3.935226e+01 1.552500e+02
    endloop
  endfacet
  facet normal -8.761231e-01 -2.936469e-01 3.823348e-01
    outer loop
      vertex   -6.159037e+01 3.931617e+01 1.550088e+02
      vertex   -6.149721e+01 3.935226e+01 1.552500e+02
      vertex   -6.197096e+01 4.045171e+01 1.550088e+02
    endloop
  endfacet
  facet normal -8.761231e-01 -2.936469e-01 3.823348e-01
    outer loop
      vertex   -6.197096e+01 4.045171e+01 1.550088e+02
      vertex   -6.149721e+01 3.935226e+01 1.552500e+02
      vertex   -6.187487e+01 4.047905e+01 1.552500e+02
    endloop
  endfacet
  facet normal -8.994800e-01 -2.115558e-01 3.823348e-01
    outer loop
      vertex   -6.197096e+01 4.045171e+01 1.550088e+02
      vertex   -6.187487e+01 4.047905e+01 1.552500e+02
      vertex   -6.224516e+01 4.161752e+01 1.550088e+02
    endloop
  endfacet
  facet normal -8.994800e-01 -2.115558e-01 3.823348e-01
    outer loop
      vertex   -6.224516e+01 4.161752e+01 1.550088e+02
      vertex   -6.187487e+01 4.047905e+01 1.552500e+02
      vertex   -6.214696e+01 4.163587e+01 1.552500e+02
    endloop
  endfacet
  facet normal -9.151629e-01 -1.276598e-01 3.823348e-01
    outer loop
      vertex   -6.224516e+01 4.161752e+01 1.550088e+02
      vertex   -6.214696e+01 4.163587e+01 1.552500e+02
      vertex   -6.241062e+01 4.280366e+01 1.550088e+02
    endloop
  endfacet
  facet normal -9.151629e-01 -1.276598e-01 3.823348e-01
    outer loop
      vertex   -6.241062e+01 4.280366e+01 1.550088e+02
      vertex   -6.214696e+01 4.163587e+01 1.552500e+02
      vertex   -6.231114e+01 4.281287e+01 1.552500e+02
    endloop
  endfacet
  facet normal -9.230379e-01 -4.267462e-02 3.823348e-01
    outer loop
      vertex   -6.241062e+01 4.280366e+01 1.550088e+02
      vertex   -6.231114e+01 4.281287e+01 1.552500e+02
      vertex   -6.246593e+01 4.400000e+01 1.550088e+02
    endloop
  endfacet
  facet normal -9.230379e-01 -4.267462e-02 3.823348e-01
    outer loop
      vertex   -6.246593e+01 4.400000e+01 1.550088e+02
      vertex   -6.231114e+01 4.281287e+01 1.552500e+02
      vertex   -6.236603e+01 4.400000e+01 1.552500e+02
    endloop
  endfacet
  facet normal -7.928202e-01 3.665429e-02 6.083523e-01
    outer loop
      vertex   -6.236603e+01 4.400000e+01 1.552500e+02
      vertex   -6.220711e+01 4.400000e+01 1.554571e+02
      vertex   -6.231114e+01 4.518713e+01 1.552500e+02
    endloop
  endfacet
  facet normal -7.928202e-01 3.665429e-02 6.083523e-01
    outer loop
      vertex   -6.231114e+01 4.518713e+01 1.552500e+02
      vertex   -6.220711e+01 4.400000e+01 1.554571e+02
      vertex   -6.215290e+01 4.517246e+01 1.554571e+02
    endloop
  endfacet
  facet normal -7.860561e-01 1.096502e-01 6.083523e-01
    outer loop
      vertex   -6.231114e+01 4.518713e+01 1.552500e+02
      vertex   -6.215290e+01 4.517246e+01 1.554571e+02
      vertex   -6.214696e+01 4.636413e+01 1.552500e+02
    endloop
  endfacet
  facet normal -7.860561e-01 1.096502e-01 6.083523e-01
    outer loop
      vertex   -6.214696e+01 4.636413e+01 1.552500e+02
      vertex   -6.215290e+01 4.517246e+01 1.554571e+02
      vertex   -6.199074e+01 4.633492e+01 1.554571e+02
    endloop
  endfacet
  facet normal -7.725857e-01 1.817105e-01 6.083523e-01
    outer loop
      vertex   -6.214696e+01 4.636413e+01 1.552500e+02
      vertex   -6.199074e+01 4.633492e+01 1.554571e+02
      vertex   -6.187487e+01 4.752096e+01 1.552500e+02
    endloop
  endfacet
  facet normal -7.725857e-01 1.817105e-01 6.083523e-01
    outer loop
      vertex   -6.187487e+01 4.752096e+01 1.552500e+02
      vertex   -6.199074e+01 4.633492e+01 1.554571e+02
      vertex   -6.172202e+01 4.747746e+01 1.554571e+02
    endloop
  endfacet
  facet normal -7.525239e-01 2.522206e-01 6.083523e-01
    outer loop
      vertex   -6.187487e+01 4.752096e+01 1.552500e+02
      vertex   -6.172202e+01 4.747746e+01 1.554571e+02
      vertex   -6.149721e+01 4.864774e+01 1.552500e+02
    endloop
  endfacet
  facet normal -7.525239e-01 2.522206e-01 6.083523e-01
    outer loop
      vertex   -6.149721e+01 4.864774e+01 1.552500e+02
      vertex   -6.172202e+01 4.747746e+01 1.554571e+02
      vertex   -6.134902e+01 4.859034e+01 1.554571e+02
    endloop
  endfacet
  facet normal -7.260418e-01 3.205788e-01 6.083523e-01
    outer loop
      vertex   -6.149721e+01 4.864774e+01 1.552500e+02
      vertex   -6.134902e+01 4.859034e+01 1.554571e+02
      vertex   -6.101719e+01 4.973488e+01 1.552500e+02
    endloop
  endfacet
  facet normal -7.260418e-01 3.205788e-01 6.083523e-01
    outer loop
      vertex   -6.101719e+01 4.973488e+01 1.552500e+02
      vertex   -6.134902e+01 4.859034e+01 1.554571e+02
      vertex   -6.087494e+01 4.966404e+01 1.554571e+02
    endloop
  endfacet
  facet normal -6.933653e-01 3.862020e-01 6.083523e-01
    outer loop
      vertex   -6.101719e+01 4.973488e+01 1.552500e+02
      vertex   -6.087494e+01 4.966404e+01 1.554571e+02
      vertex   -6.043892e+01 5.077309e+01 1.552500e+02
    endloop
  endfacet
  facet normal -6.933653e-01 3.862020e-01 6.083523e-01
    outer loop
      vertex   -6.043892e+01 5.077309e+01 1.552500e+02
      vertex   -6.087494e+01 4.966404e+01 1.554571e+02
      vertex   -6.030380e+01 5.068943e+01 1.554571e+02
    endloop
  endfacet
  facet normal -6.547733e-01 4.485302e-01 6.083523e-01
    outer loop
      vertex   -6.043892e+01 5.077309e+01 1.552500e+02
      vertex   -6.030380e+01 5.068943e+01 1.554571e+02
      vertex   -5.976731e+01 5.175351e+01 1.552500e+02
    endloop
  endfacet
  facet normal -6.547733e-01 4.485302e-01 6.083523e-01
    outer loop
      vertex   -5.976731e+01 5.175351e+01 1.552500e+02
      vertex   -6.030380e+01 5.068943e+01 1.554571e+02
      vertex   -5.964049e+01 5.165774e+01 1.554571e+02
    endloop
  endfacet
  facet normal -6.105950e-01 5.070317e-01 6.083523e-01
    outer loop
      vertex   -5.976731e+01 5.175351e+01 1.552500e+02
      vertex   -5.964049e+01 5.165774e+01 1.554571e+02
      vertex   -5.900811e+01 5.266779e+01 1.552500e+02
    endloop
  endfacet
  facet normal -6.105950e-01 5.070317e-01 6.083523e-01
    outer loop
      vertex   -5.900811e+01 5.266779e+01 1.552500e+02
      vertex   -5.964049e+01 5.165774e+01 1.554571e+02
      vertex   -5.889067e+01 5.256072e+01 1.554571e+02
    endloop
  endfacet
  facet normal -5.612074e-01 5.612074e-01 6.083523e-01
    outer loop
      vertex   -5.900811e+01 5.266779e+01 1.552500e+02
      vertex   -5.889067e+01 5.256072e+01 1.554571e+02
      vertex   -5.816779e+01 5.350811e+01 1.552500e+02
    endloop
  endfacet
  facet normal -5.612074e-01 5.612074e-01 6.083523e-01
    outer loop
      vertex   -5.816779e+01 5.350811e+01 1.552500e+02
      vertex   -5.889067e+01 5.256072e+01 1.554571e+02
      vertex   -5.806072e+01 5.339067e+01 1.554571e+02
    endloop
  endfacet
  facet normal -5.070317e-01 6.105950e-01 6.083523e-01
    outer loop
      vertex   -5.816779e+01 5.350811e+01 1.552500e+02
      vertex   -5.806072e+01 5.339067e+01 1.554571e+02
      vertex   -5.725351e+01 5.426731e+01 1.552500e+02
    endloop
  endfacet
  facet normal -5.070317e-01 6.105950e-01 6.083523e-01
    outer loop
      vertex   -5.725351e+01 5.426731e+01 1.552500e+02
      vertex   -5.806072e+01 5.339067e+01 1.554571e+02
      vertex   -5.715774e+01 5.414049e+01 1.554571e+02
    endloop
  endfacet
  facet normal -4.485302e-01 6.547733e-01 6.083523e-01
    outer loop
      vertex   -5.725351e+01 5.426731e+01 1.552500e+02
      vertex   -5.715774e+01 5.414049e+01 1.554571e+02
      vertex   -5.627309e+01 5.493892e+01 1.552500e+02
    endloop
  endfacet
  facet normal -4.485302e-01 6.547733e-01 6.083523e-01
    outer loop
      vertex   -5.627309e+01 5.493892e+01 1.552500e+02
      vertex   -5.715774e+01 5.414049e+01 1.554571e+02
      vertex   -5.618943e+01 5.480380e+01 1.554571e+02
    endloop
  endfacet
  facet normal -3.862020e-01 6.933653e-01 6.083523e-01
    outer loop
      vertex   -5.627309e+01 5.493892e+01 1.552500e+02
      vertex   -5.618943e+01 5.480380e+01 1.554571e+02
      vertex   -5.523488e+01 5.551719e+01 1.552500e+02
    endloop
  endfacet
  facet normal -3.862020e-01 6.933653e-01 6.083523e-01
    outer loop
      vertex   -5.523488e+01 5.551719e+01 1.552500e+02
      vertex   -5.618943e+01 5.480380e+01 1.554571e+02
      vertex   -5.516404e+01 5.537494e+01 1.554571e+02
    endloop
  endfacet
  facet normal -3.205788e-01 7.260418e-01 6.083523e-01
    outer loop
      vertex   -5.523488e+01 5.551719e+01 1.552500e+02
      vertex   -5.516404e+01 5.537494e+01 1.554571e+02
      vertex   -5.414774e+01 5.599721e+01 1.552500e+02
    endloop
  endfacet
  facet normal -3.205788e-01 7.260418e-01 6.083523e-01
    outer loop
      vertex   -5.414774e+01 5.599721e+01 1.552500e+02
      vertex   -5.516404e+01 5.537494e+01 1.554571e+02
      vertex   -5.409034e+01 5.584902e+01 1.554571e+02
    endloop
  endfacet
  facet normal -2.522206e-01 7.525239e-01 6.083523e-01
    outer loop
      vertex   -5.414774e+01 5.599721e+01 1.552500e+02
      vertex   -5.409034e+01 5.584902e+01 1.554571e+02
      vertex   -5.302095e+01 5.637487e+01 1.552500e+02
    endloop
  endfacet
  facet normal -2.522206e-01 7.525239e-01 6.083523e-01
    outer loop
      vertex   -5.302095e+01 5.637487e+01 1.552500e+02
      vertex   -5.409034e+01 5.584902e+01 1.554571e+02
      vertex   -5.297746e+01 5.622202e+01 1.554571e+02
    endloop
  endfacet
  facet normal -1.817105e-01 7.725857e-01 6.083523e-01
    outer loop
      vertex   -5.302095e+01 5.637487e+01 1.552500e+02
      vertex   -5.297746e+01 5.622202e+01 1.554571e+02
      vertex   -5.186413e+01 5.664696e+01 1.552500e+02
    endloop
  endfacet
  facet normal -1.817105e-01 7.725857e-01 6.083523e-01
    outer loop
      vertex   -5.186413e+01 5.664696e+01 1.552500e+02
      vertex   -5.297746e+01 5.622202e+01 1.554571e+02
      vertex   -5.183492e+01 5.649074e+01 1.554571e+02
    endloop
  endfacet
  facet normal -1.096502e-01 7.860561e-01 6.083523e-01
    outer loop
      vertex   -5.186413e+01 5.664696e+01 1.552500e+02
      vertex   -5.183492e+01 5.649074e+01 1.554571e+02
      vertex   -5.068713e+01 5.681114e+01 1.552500e+02
    endloop
  endfacet
  facet normal -1.096502e-01 7.860561e-01 6.083523e-01
    outer loop
      vertex   -5.068713e+01 5.681114e+01 1.552500e+02
      vertex   -5.183492e+01 5.649074e+01 1.554571e+02
      vertex   -5.067246e+01 5.665290e+01 1.554571e+02
    endloop
  endfacet
  facet normal -3.665429e-02 7.928202e-01 6.083523e-01
    outer loop
      vertex   -5.068713e+01 5.681114e+01 1.552500e+02
      vertex   -5.067246e+01 5.665290e+01 1.554571e+02
      vertex   -4.950000e+01 5.686603e+01 1.552500e+02
    endloop
  endfacet
  facet normal -3.665429e-02 7.928202e-01 6.083523e-01
    outer loop
      vertex   -4.950000e+01 5.686603e+01 1.552500e+02
      vertex   -5.067246e+01 5.665290e+01 1.554571e+02
      vertex   -4.950000e+01 5.670711e+01 1.554571e+02
    endloop
  endfacet
  facet normal 3.665429e-02 7.928202e-01 6.083523e-01
    outer loop
      vertex   -4.950000e+01 5.686603e+01 1.552500e+02
      vertex   -4.950000e+01 5.670711e+01 1.554571e+02
      vertex   -4.831287e+01 5.681114e+01 1.552500e+02
    endloop
  endfacet
  facet normal 3.665429e-02 7.928202e-01 6.083523e-01
    outer loop
      vertex   -4.831287e+01 5.681114e+01 1.552500e+02
      vertex   -4.950000e+01 5.670711e+01 1.554571e+02
      vertex   -4.832754e+01 5.665290e+01 1.554571e+02
    endloop
  endfacet
  facet normal 1.096502e-01 7.860561e-01 6.083523e-01
    outer loop
      vertex   -4.831287e+01 5.681114e+01 1.552500e+02
      vertex   -4.832754e+01 5.665290e+01 1.554571e+02
      vertex   -4.713587e+01 5.664696e+01 1.552500e+02
    endloop
  endfacet
  facet normal 1.096502e-01 7.860561e-01 6.083523e-01
    outer loop
      vertex   -4.713587e+01 5.664696e+01 1.552500e+02
      vertex   -4.832754e+01 5.665290e+01 1.554571e+02
      vertex   -4.716508e+01 5.649074e+01 1.554571e+02
    endloop
  endfacet
  facet normal 1.817105e-01 7.725857e-01 6.083523e-01
    outer loop
      vertex   -4.713587e+01 5.664696e+01 1.552500e+02
      vertex   -4.716508e+01 5.649074e+01 1.554571e+02
      vertex   -4.597905e+01 5.637487e+01 1.552500e+02
    endloop
  endfacet
  facet normal 1.817105e-01 7.725857e-01 6.083523e-01
    outer loop
      vertex   -4.597905e+01 5.637487e+01 1.552500e+02
      vertex   -4.716508e+01 5.649074e+01 1.554571e+02
      vertex   -4.602254e+01 5.622202e+01 1.554571e+02
    endloop
  endfacet
  facet normal 2.522206e-01 7.525239e-01 6.083523e-01
    outer loop
      vertex   -4.597905e+01 5.637487e+01 1.552500e+02
      vertex   -4.602254e+01 5.622202e+01 1.554571e+02
      vertex   -4.485226e+01 5.599721e+01 1.552500e+02
    endloop
  endfacet
  facet normal 2.522206e-01 7.525239e-01 6.083523e-01
    outer loop
      vertex   -4.485226e+01 5.599721e+01 1.552500e+02
      vertex   -4.602254e+01 5.622202e+01 1.554571e+02
      vertex   -4.490966e+01 5.584902e+01 1.554571e+02
    endloop
  endfacet
  facet normal 3.205788e-01 7.260418e-01 6.083523e-01
    outer loop
      vertex   -4.485226e+01 5.599721e+01 1.552500e+02
      vertex   -4.490966e+01 5.584902e+01 1.554571e+02
      vertex   -4.376512e+01 5.551719e+01 1.552500e+02
    endloop
  endfacet
  facet normal 3.205788e-01 7.260418e-01 6.083523e-01
    outer loop
      vertex   -4.376512e+01 5.551719e+01 1.552500e+02
      vertex   -4.490966e+01 5.584902e+01 1.554571e+02
      vertex   -4.383596e+01 5.537494e+01 1.554571e+02
    endloop
  endfacet
  facet normal 3.862020e-01 6.933653e-01 6.083523e-01
    outer loop
      vertex   -4.376512e+01 5.551719e+01 1.552500e+02
      vertex   -4.383596e+01 5.537494e+01 1.554571e+02
      vertex   -4.272691e+01 5.493892e+01 1.552500e+02
    endloop
  endfacet
  facet normal 3.862020e-01 6.933653e-01 6.083523e-01
    outer loop
      vertex   -4.272691e+01 5.493892e+01 1.552500e+02
      vertex   -4.383596e+01 5.537494e+01 1.554571e+02
      vertex   -4.281057e+01 5.480380e+01 1.554571e+02
    endloop
  endfacet
  facet normal 4.485302e-01 6.547733e-01 6.083523e-01
    outer loop
      vertex   -4.272691e+01 5.493892e+01 1.552500e+02
      vertex   -4.281057e+01 5.480380e+01 1.554571e+02
      vertex   -4.174649e+01 5.426731e+01 1.552500e+02
    endloop
  endfacet
  facet normal 4.485302e-01 6.547733e-01 6.083523e-01
    outer loop
      vertex   -4.174649e+01 5.426731e+01 1.552500e+02
      vertex   -4.281057e+01 5.480380e+01 1.554571e+02
      vertex   -4.184226e+01 5.414049e+01 1.554571e+02
    endloop
  endfacet
  facet normal 5.070317e-01 6.105950e-01 6.083523e-01
    outer loop
      vertex   -4.174649e+01 5.426731e+01 1.552500e+02
      vertex   -4.184226e+01 5.414049e+01 1.554571e+02
      vertex   -4.083221e+01 5.350811e+01 1.552500e+02
    endloop
  endfacet
  facet normal 5.070317e-01 6.105950e-01 6.083523e-01
    outer loop
      vertex   -4.083221e+01 5.350811e+01 1.552500e+02
      vertex   -4.184226e+01 5.414049e+01 1.554571e+02
      vertex   -4.093928e+01 5.339067e+01 1.554571e+02
    endloop
  endfacet
  facet normal 5.612074e-01 5.612074e-01 6.083523e-01
    outer loop
      vertex   -4.083221e+01 5.350811e+01 1.552500e+02
      vertex   -4.093928e+01 5.339067e+01 1.554571e+02
      vertex   -3.999189e+01 5.266779e+01 1.552500e+02
    endloop
  endfacet
  facet normal 5.612074e-01 5.612074e-01 6.083523e-01
    outer loop
      vertex   -3.999189e+01 5.266779e+01 1.552500e+02
      vertex   -4.093928e+01 5.339067e+01 1.554571e+02
      vertex   -4.010933e+01 5.256072e+01 1.554571e+02
    endloop
  endfacet
  facet normal 6.105950e-01 5.070317e-01 6.083523e-01
    outer loop
      vertex   -3.999189e+01 5.266779e+01 1.552500e+02
      vertex   -4.010933e+01 5.256072e+01 1.554571e+02
      vertex   -3.923269e+01 5.175351e+01 1.552500e+02
    endloop
  endfacet
  facet normal 6.105950e-01 5.070317e-01 6.083523e-01
    outer loop
      vertex   -3.923269e+01 5.175351e+01 1.552500e+02
      vertex   -4.010933e+01 5.256072e+01 1.554571e+02
      vertex   -3.935951e+01 5.165774e+01 1.554571e+02
    endloop
  endfacet
  facet normal 6.547733e-01 4.485302e-01 6.083523e-01
    outer loop
      vertex   -3.923269e+01 5.175351e+01 1.552500e+02
      vertex   -3.935951e+01 5.165774e+01 1.554571e+02
      vertex   -3.856108e+01 5.077309e+01 1.552500e+02
    endloop
  endfacet
  facet normal 6.547733e-01 4.485302e-01 6.083523e-01
    outer loop
      vertex   -3.856108e+01 5.077309e+01 1.552500e+02
      vertex   -3.935951e+01 5.165774e+01 1.554571e+02
      vertex   -3.869620e+01 5.068943e+01 1.554571e+02
    endloop
  endfacet
  facet normal 6.933653e-01 3.862020e-01 6.083523e-01
    outer loop
      vertex   -3.856108e+01 5.077309e+01 1.552500e+02
      vertex   -3.869620e+01 5.068943e+01 1.554571e+02
      vertex   -3.798281e+01 4.973488e+01 1.552500e+02
    endloop
  endfacet
  facet normal 6.933653e-01 3.862020e-01 6.083523e-01
    outer loop
      vertex   -3.798281e+01 4.973488e+01 1.552500e+02
      vertex   -3.869620e+01 5.068943e+01 1.554571e+02
      vertex   -3.812506e+01 4.966404e+01 1.554571e+02
    endloop
  endfacet
  facet normal 7.260418e-01 3.205788e-01 6.083523e-01
    outer loop
      vertex   -3.798281e+01 4.973488e+01 1.552500e+02
      vertex   -3.812506e+01 4.966404e+01 1.554571e+02
      vertex   -3.750279e+01 4.864774e+01 1.552500e+02
    endloop
  endfacet
  facet normal 7.260418e-01 3.205788e-01 6.083523e-01
    outer loop
      vertex   -3.750279e+01 4.864774e+01 1.552500e+02
      vertex   -3.812506e+01 4.966404e+01 1.554571e+02
      vertex   -3.765098e+01 4.859034e+01 1.554571e+02
    endloop
  endfacet
  facet normal 7.525239e-01 2.522206e-01 6.083523e-01
    outer loop
      vertex   -3.750279e+01 4.864774e+01 1.552500e+02
      vertex   -3.765098e+01 4.859034e+01 1.554571e+02
      vertex   -3.712513e+01 4.752096e+01 1.552500e+02
    endloop
  endfacet
  facet normal 7.525239e-01 2.522206e-01 6.083523e-01
    outer loop
      vertex   -3.712513e+01 4.752096e+01 1.552500e+02
      vertex   -3.765098e+01 4.859034e+01 1.554571e+02
      vertex   -3.727798e+01 4.747746e+01 1.554571e+02
    endloop
  endfacet
  facet normal 7.725857e-01 1.817105e-01 6.083523e-01
    outer loop
      vertex   -3.712513e+01 4.752096e+01 1.552500e+02
      vertex   -3.727798e+01 4.747746e+01 1.554571e+02
      vertex   -3.685304e+01 4.636413e+01 1.552500e+02
    endloop
  endfacet
  facet normal 7.725857e-01 1.817105e-01 6.083523e-01
    outer loop
      vertex   -3.685304e+01 4.636413e+01 1.552500e+02
      vertex   -3.727798e+01 4.747746e+01 1.554571e+02
      vertex   -3.700926e+01 4.633492e+01 1.554571e+02
    endloop
  endfacet
  facet normal 7.860561e-01 1.096502e-01 6.083523e-01
    outer loop
      vertex   -3.685304e+01 4.636413e+01 1.552500e+02
      vertex   -3.700926e+01 4.633492e+01 1.554571e+02
      vertex   -3.668886e+01 4.518713e+01 1.552500e+02
    endloop
  endfacet
  facet normal 7.860561e-01 1.096502e-01 6.083523e-01
    outer loop
      vertex   -3.668886e+01 4.518713e+01 1.552500e+02
      vertex   -3.700926e+01 4.633492e+01 1.554571e+02
      vertex   -3.684710e+01 4.517246e+01 1.554571e+02
    endloop
  endfacet
  facet normal 7.928202e-01 3.665429e-02 6.083523e-01
    outer loop
      vertex   -3.668886e+01 4.518713e+01 1.552500e+02
      vertex   -3.684710e+01 4.517246e+01 1.554571e+02
      vertex   -3.663397e+01 4.400000e+01 1.552500e+02
    endloop
  endfacet
  facet normal 7.928202e-01 3.665429e-02 6.083523e-01
    outer loop
      vertex   -3.663397e+01 4.400000e+01 1.552500e+02
      vertex   -3.684710e+01 4.517246e+01 1.554571e+02
      vertex   -3.679289e+01 4.400000e+01 1.554571e+02
    endloop
  endfacet
  facet normal 7.928202e-01 -3.665429e-02 6.083523e-01
    outer loop
      vertex   -3.663397e+01 4.400000e+01 1.552500e+02
      vertex   -3.679289e+01 4.400000e+01 1.554571e+02
      vertex   -3.668886e+01 4.281287e+01 1.552500e+02
    endloop
  endfacet
  facet normal 7.928202e-01 -3.665429e-02 6.083523e-01
    outer loop
      vertex   -3.668886e+01 4.281287e+01 1.552500e+02
      vertex   -3.679289e+01 4.400000e+01 1.554571e+02
      vertex   -3.684710e+01 4.282754e+01 1.554571e+02
    endloop
  endfacet
  facet normal 7.860561e-01 -1.096502e-01 6.083523e-01
    outer loop
      vertex   -3.668886e+01 4.281287e+01 1.552500e+02
      vertex   -3.684710e+01 4.282754e+01 1.554571e+02
      vertex   -3.685304e+01 4.163587e+01 1.552500e+02
    endloop
  endfacet
  facet normal 7.860561e-01 -1.096502e-01 6.083523e-01
    outer loop
      vertex   -3.685304e+01 4.163587e+01 1.552500e+02
      vertex   -3.684710e+01 4.282754e+01 1.554571e+02
      vertex   -3.700926e+01 4.166508e+01 1.554571e+02
    endloop
  endfacet
  facet normal 7.725857e-01 -1.817105e-01 6.083523e-01
    outer loop
      vertex   -3.685304e+01 4.163587e+01 1.552500e+02
      vertex   -3.700926e+01 4.166508e+01 1.554571e+02
      vertex   -3.712513e+01 4.047905e+01 1.552500e+02
    endloop
  endfacet
  facet normal 7.725857e-01 -1.817105e-01 6.083523e-01
    outer loop
      vertex   -3.712513e+01 4.047905e+01 1.552500e+02
      vertex   -3.700926e+01 4.166508e+01 1.554571e+02
      vertex   -3.727798e+01 4.052254e+01 1.554571e+02
    endloop
  endfacet
  facet normal 7.525239e-01 -2.522206e-01 6.083523e-01
    outer loop
      vertex   -3.712513e+01 4.047905e+01 1.552500e+02
      vertex   -3.727798e+01 4.052254e+01 1.554571e+02
      vertex   -3.750279e+01 3.935226e+01 1.552500e+02
    endloop
  endfacet
  facet normal 7.525239e-01 -2.522206e-01 6.083523e-01
    outer loop
      vertex   -3.750279e+01 3.935226e+01 1.552500e+02
      vertex   -3.727798e+01 4.052254e+01 1.554571e+02
      vertex   -3.765098e+01 3.940966e+01 1.554571e+02
    endloop
  endfacet
  facet normal 7.260418e-01 -3.205788e-01 6.083523e-01
    outer loop
      vertex   -3.750279e+01 3.935226e+01 1.552500e+02
      vertex   -3.765098e+01 3.940966e+01 1.554571e+02
      vertex   -3.798281e+01 3.826512e+01 1.552500e+02
    endloop
  endfacet
  facet normal 7.260418e-01 -3.205788e-01 6.083523e-01
    outer loop
      vertex   -3.798281e+01 3.826512e+01 1.552500e+02
      vertex   -3.765098e+01 3.940966e+01 1.554571e+02
      vertex   -3.812506e+01 3.833596e+01 1.554571e+02
    endloop
  endfacet
  facet normal 6.933653e-01 -3.862020e-01 6.083523e-01
    outer loop
      vertex   -3.798281e+01 3.826512e+01 1.552500e+02
      vertex   -3.812506e+01 3.833596e+01 1.554571e+02
      vertex   -3.856108e+01 3.722691e+01 1.552500e+02
    endloop
  endfacet
  facet normal 6.933653e-01 -3.862020e-01 6.083523e-01
    outer loop
      vertex   -3.856108e+01 3.722691e+01 1.552500e+02
      vertex   -3.812506e+01 3.833596e+01 1.554571e+02
      vertex   -3.869620e+01 3.731057e+01 1.554571e+02
    endloop
  endfacet
  facet normal 6.547733e-01 -4.485302e-01 6.083523e-01
    outer loop
      vertex   -3.856108e+01 3.722691e+01 1.552500e+02
      vertex   -3.869620e+01 3.731057e+01 1.554571e+02
      vertex   -3.923269e+01 3.624649e+01 1.552500e+02
    endloop
  endfacet
  facet normal 6.547733e-01 -4.485302e-01 6.083523e-01
    outer loop
      vertex   -3.923269e+01 3.624649e+01 1.552500e+02
      vertex   -3.869620e+01 3.731057e+01 1.554571e+02
      vertex   -3.935951e+01 3.634226e+01 1.554571e+02
    endloop
  endfacet
  facet normal 6.105950e-01 -5.070317e-01 6.083523e-01
    outer loop
      vertex   -3.923269e+01 3.624649e+01 1.552500e+02
      vertex   -3.935951e+01 3.634226e+01 1.554571e+02
      vertex   -3.999189e+01 3.533221e+01 1.552500e+02
    endloop
  endfacet
  facet normal 6.105950e-01 -5.070317e-01 6.083523e-01
    outer loop
      vertex   -3.999189e+01 3.533221e+01 1.552500e+02
      vertex   -3.935951e+01 3.634226e+01 1.554571e+02
      vertex   -4.010933e+01 3.543928e+01 1.554571e+02
    endloop
  endfacet
  facet normal 5.612074e-01 -5.612074e-01 6.083523e-01
    outer loop
      vertex   -3.999189e+01 3.533221e+01 1.552500e+02
      vertex   -4.010933e+01 3.543928e+01 1.554571e+02
      vertex   -4.083221e+01 3.449189e+01 1.552500e+02
    endloop
  endfacet
  facet normal 5.612074e-01 -5.612074e-01 6.083523e-01
    outer loop
      vertex   -4.083221e+01 3.449189e+01 1.552500e+02
      vertex   -4.010933e+01 3.543928e+01 1.554571e+02
      vertex   -4.093928e+01 3.460933e+01 1.554571e+02
    endloop
  endfacet
  facet normal 5.070317e-01 -6.105950e-01 6.083523e-01
    outer loop
      vertex   -4.083221e+01 3.449189e+01 1.552500e+02
      vertex   -4.093928e+01 3.460933e+01 1.554571e+02
      vertex   -4.174649e+01 3.373269e+01 1.552500e+02
    endloop
  endfacet
  facet normal 5.070317e-01 -6.105950e-01 6.083523e-01
    outer loop
      vertex   -4.174649e+01 3.373269e+01 1.552500e+02
      vertex   -4.093928e+01 3.460933e+01 1.554571e+02
      vertex   -4.184226e+01 3.385951e+01 1.554571e+02
    endloop
  endfacet
  facet normal 4.485302e-01 -6.547733e-01 6.083523e-01
    outer loop
      vertex   -4.174649e+01 3.373269e+01 1.552500e+02
      vertex   -4.184226e+01 3.385951e+01 1.554571e+02
      vertex   -4.272691e+01 3.306108e+01 1.552500e+02
    endloop
  endfacet
  facet normal 4.485302e-01 -6.547733e-01 6.083523e-01
    outer loop
      vertex   -4.272691e+01 3.306108e+01 1.552500e+02
      vertex   -4.184226e+01 3.385951e+01 1.554571e+02
      vertex   -4.281057e+01 3.319620e+01 1.554571e+02
    endloop
  endfacet
  facet normal 3.862020e-01 -6.933653e-01 6.083523e-01
    outer loop
      vertex   -4.272691e+01 3.306108e+01 1.552500e+02
      vertex   -4.281057e+01 3.319620e+01 1.554571e+02
      vertex   -4.376512e+01 3.248281e+01 1.552500e+02
    endloop
  endfacet
  facet normal 3.862020e-01 -6.933653e-01 6.083523e-01
    outer loop
      vertex   -4.376512e+01 3.248281e+01 1.552500e+02
      vertex   -4.281057e+01 3.319620e+01 1.554571e+02
      vertex   -4.383596e+01 3.262506e+01 1.554571e+02
    endloop
  endfacet
  facet normal 3.205788e-01 -7.260418e-01 6.083523e-01
    outer loop
      vertex   -4.376512e+01 3.248281e+01 1.552500e+02
      vertex   -4.383596e+01 3.262506e+01 1.554571e+02
      vertex   -4.485226e+01 3.200279e+01 1.552500e+02
    endloop
  endfacet
  facet normal 3.205788e-01 -7.260418e-01 6.083523e-01
    outer loop
      vertex   -4.485226e+01 3.200279e+01 1.552500e+02
      vertex   -4.383596e+01 3.262506e+01 1.554571e+02
      vertex   -4.490966e+01 3.215098e+01 1.554571e+02
    endloop
  endfacet
  facet normal 2.522206e-01 -7.525239e-01 6.083523e-01
    outer loop
      vertex   -4.485226e+01 3.200279e+01 1.552500e+02
      vertex   -4.490966e+01 3.215098e+01 1.554571e+02
      vertex   -4.597905e+01 3.162513e+01 1.552500e+02
    endloop
  endfacet
  facet normal 2.522206e-01 -7.525239e-01 6.083523e-01
    outer loop
      vertex   -4.597905e+01 3.162513e+01 1.552500e+02
      vertex   -4.490966e+01 3.215098e+01 1.554571e+02
      vertex   -4.602254e+01 3.177798e+01 1.554571e+02
    endloop
  endfacet
  facet normal 1.817105e-01 -7.725857e-01 6.083523e-01
    outer loop
      vertex   -4.597905e+01 3.162513e+01 1.552500e+02
      vertex   -4.602254e+01 3.177798e+01 1.554571e+02
      vertex   -4.713587e+01 3.135304e+01 1.552500e+02
    endloop
  endfacet
  facet normal 1.817105e-01 -7.725857e-01 6.083523e-01
    outer loop
      vertex   -4.713587e+01 3.135304e+01 1.552500e+02
      vertex   -4.602254e+01 3.177798e+01 1.554571e+02
      vertex   -4.716508e+01 3.150926e+01 1.554571e+02
    endloop
  endfacet
  facet normal 1.096502e-01 -7.860561e-01 6.083523e-01
    outer loop
      vertex   -4.713587e+01 3.135304e+01 1.552500e+02
      vertex   -4.716508e+01 3.150926e+01 1.554571e+02
      vertex   -4.831287e+01 3.118886e+01 1.552500e+02
    endloop
  endfacet
  facet normal 1.096502e-01 -7.860561e-01 6.083523e-01
    outer loop
      vertex   -4.831287e+01 3.118886e+01 1.552500e+02
      vertex   -4.716508e+01 3.150926e+01 1.554571e+02
      vertex   -4.832754e+01 3.134710e+01 1.554571e+02
    endloop
  endfacet
  facet normal 3.665429e-02 -7.928202e-01 6.083523e-01
    outer loop
      vertex   -4.831287e+01 3.118886e+01 1.552500e+02
      vertex   -4.832754e+01 3.134710e+01 1.554571e+02
      vertex   -4.950000e+01 3.113397e+01 1.552500e+02
    endloop
  endfacet
  facet normal 3.665429e-02 -7.928202e-01 6.083523e-01
    outer loop
      vertex   -4.950000e+01 3.113397e+01 1.552500e+02
      vertex   -4.832754e+01 3.134710e+01 1.554571e+02
      vertex   -4.950000e+01 3.129289e+01 1.554571e+02
    endloop
  endfacet
  facet normal -3.665429e-02 -7.928202e-01 6.083523e-01
    outer loop
      vertex   -4.950000e+01 3.113397e+01 1.552500e+02
      vertex   -4.950000e+01 3.129289e+01 1.554571e+02
      vertex   -5.068713e+01 3.118886e+01 1.552500e+02
    endloop
  endfacet
  facet normal -3.665429e-02 -7.928202e-01 6.083523e-01
    outer loop
      vertex   -5.068713e+01 3.118886e+01 1.552500e+02
      vertex   -4.950000e+01 3.129289e+01 1.554571e+02
      vertex   -5.067246e+01 3.134710e+01 1.554571e+02
    endloop
  endfacet
  facet normal -1.096502e-01 -7.860561e-01 6.083523e-01
    outer loop
      vertex   -5.068713e+01 3.118886e+01 1.552500e+02
      vertex   -5.067246e+01 3.134710e+01 1.554571e+02
      vertex   -5.186413e+01 3.135304e+01 1.552500e+02
    endloop
  endfacet
  facet normal -1.096502e-01 -7.860561e-01 6.083523e-01
    outer loop
      vertex   -5.186413e+01 3.135304e+01 1.552500e+02
      vertex   -5.067246e+01 3.134710e+01 1.554571e+02
      vertex   -5.183492e+01 3.150926e+01 1.554571e+02
    endloop
  endfacet
  facet normal -1.817105e-01 -7.725857e-01 6.083523e-01
    outer loop
      vertex   -5.186413e+01 3.135304e+01 1.552500e+02
      vertex   -5.183492e+01 3.150926e+01 1.554571e+02
      vertex   -5.302095e+01 3.162513e+01 1.552500e+02
    endloop
  endfacet
  facet normal -1.817105e-01 -7.725857e-01 6.083523e-01
    outer loop
      vertex   -5.302095e+01 3.162513e+01 1.552500e+02
      vertex   -5.183492e+01 3.150926e+01 1.554571e+02
      vertex   -5.297746e+01 3.177798e+01 1.554571e+02
    endloop
  endfacet
  facet normal -2.522206e-01 -7.525239e-01 6.083523e-01
    outer loop
      vertex   -5.302095e+01 3.162513e+01 1.552500e+02
      vertex   -5.297746e+01 3.177798e+01 1.554571e+02
      vertex   -5.414774e+01 3.200279e+01 1.552500e+02
    endloop
  endfacet
  facet normal -2.522206e-01 -7.525239e-01 6.083523e-01
    outer loop
      vertex   -5.414774e+01 3.200279e+01 1.552500e+02
      vertex   -5.297746e+01 3.177798e+01 1.554571e+02
      vertex   -5.409034e+01 3.215098e+01 1.554571e+02
    endloop
  endfacet
  facet normal -3.205788e-01 -7.260418e-01 6.083523e-01
    outer loop
      vertex   -5.414774e+01 3.200279e+01 1.552500e+02
      vertex   -5.409034e+01 3.215098e+01 1.554571e+02
      vertex   -5.523488e+01 3.248281e+01 1.552500e+02
    endloop
  endfacet
  facet normal -3.205788e-01 -7.260418e-01 6.083523e-01
    outer loop
      vertex   -5.523488e+01 3.248281e+01 1.552500e+02
      vertex   -5.409034e+01 3.215098e+01 1.554571e+02
      vertex   -5.516404e+01 3.262506e+01 1.554571e+02
    endloop
  endfacet
  facet normal -3.862020e-01 -6.933653e-01 6.083523e-01
    outer loop
      vertex   -5.523488e+01 3.248281e+01 1.552500e+02
      vertex   -5.516404e+01 3.262506e+01 1.554571e+02
      vertex   -5.627309e+01 3.306108e+01 1.552500e+02
    endloop
  endfacet
  facet normal -3.862020e-01 -6.933653e-01 6.083523e-01
    outer loop
      vertex   -5.627309e+01 3.306108e+01 1.552500e+02
      vertex   -5.516404e+01 3.262506e+01 1.554571e+02
      vertex   -5.618943e+01 3.319620e+01 1.554571e+02
    endloop
  endfacet
  facet normal -4.485302e-01 -6.547733e-01 6.083523e-01
    outer loop
      vertex   -5.627309e+01 3.306108e+01 1.552500e+02
      vertex   -5.618943e+01 3.319620e+01 1.554571e+02
      vertex   -5.725351e+01 3.373269e+01 1.552500e+02
    endloop
  endfacet
  facet normal -4.485302e-01 -6.547733e-01 6.083523e-01
    outer loop
      vertex   -5.725351e+01 3.373269e+01 1.552500e+02
      vertex   -5.618943e+01 3.319620e+01 1.554571e+02
      vertex   -5.715774e+01 3.385951e+01 1.554571e+02
    endloop
  endfacet
  facet normal -5.070317e-01 -6.105950e-01 6.083523e-01
    outer loop
      vertex   -5.725351e+01 3.373269e+01 1.552500e+02
      vertex   -5.715774e+01 3.385951e+01 1.554571e+02
      vertex   -5.816779e+01 3.449189e+01 1.552500e+02
    endloop
  endfacet
  facet normal -5.070317e-01 -6.105950e-01 6.083523e-01
    outer loop
      vertex   -5.816779e+01 3.449189e+01 1.552500e+02
      vertex   -5.715774e+01 3.385951e+01 1.554571e+02
      vertex   -5.806072e+01 3.460933e+01 1.554571e+02
    endloop
  endfacet
  facet normal -5.612074e-01 -5.612074e-01 6.083523e-01
    outer loop
      vertex   -5.816779e+01 3.449189e+01 1.552500e+02
      vertex   -5.806072e+01 3.460933e+01 1.554571e+02
      vertex   -5.900811e+01 3.533221e+01 1.552500e+02
    endloop
  endfacet
  facet normal -5.612074e-01 -5.612074e-01 6.083523e-01
    outer loop
      vertex   -5.900811e+01 3.533221e+01 1.552500e+02
      vertex   -5.806072e+01 3.460933e+01 1.554571e+02
      vertex   -5.889067e+01 3.543928e+01 1.554571e+02
    endloop
  endfacet
  facet normal -6.105950e-01 -5.070317e-01 6.083523e-01
    outer loop
      vertex   -5.900811e+01 3.533221e+01 1.552500e+02
      vertex   -5.889067e+01 3.543928e+01 1.554571e+02
      vertex   -5.976731e+01 3.624649e+01 1.552500e+02
    endloop
  endfacet
  facet normal -6.105950e-01 -5.070317e-01 6.083523e-01
    outer loop
      vertex   -5.976731e+01 3.624649e+01 1.552500e+02
      vertex   -5.889067e+01 3.543928e+01 1.554571e+02
      vertex   -5.964049e+01 3.634226e+01 1.554571e+02
    endloop
  endfacet
  facet normal -6.547733e-01 -4.485302e-01 6.083523e-01
    outer loop
      vertex   -5.976731e+01 3.624649e+01 1.552500e+02
      vertex   -5.964049e+01 3.634226e+01 1.554571e+02
      vertex   -6.043892e+01 3.722691e+01 1.552500e+02
    endloop
  endfacet
  facet normal -6.547733e-01 -4.485302e-01 6.083523e-01
    outer loop
      vertex   -6.043892e+01 3.722691e+01 1.552500e+02
      vertex   -5.964049e+01 3.634226e+01 1.554571e+02
      vertex   -6.030380e+01 3.731057e+01 1.554571e+02
    endloop
  endfacet
  facet normal -6.933653e-01 -3.862020e-01 6.083523e-01
    outer loop
      vertex   -6.043892e+01 3.722691e+01 1.552500e+02
      vertex   -6.030380e+01 3.731057e+01 1.554571e+02
      vertex   -6.101719e+01 3.826512e+01 1.552500e+02
    endloop
  endfacet
  facet normal -6.933653e-01 -3.862020e-01 6.083523e-01
    outer loop
      vertex   -6.101719e+01 3.826512e+01 1.552500e+02
      vertex   -6.030380e+01 3.731057e+01 1.554571e+02
      vertex   -6.087494e+01 3.833596e+01 1.554571e+02
    endloop
  endfacet
  facet normal -7.260418e-01 -3.205788e-01 6.083523e-01
    outer loop
      vertex   -6.101719e+01 3.826512e+01 1.552500e+02
      vertex   -6.087494e+01 3.833596e+01 1.554571e+02
      vertex   -6.149721e+01 3.935226e+01 1.552500e+02
    endloop
  endfacet
  facet normal -7.260418e-01 -3.205788e-01 6.083523e-01
    outer loop
      vertex   -6.149721e+01 3.935226e+01 1.552500e+02
      vertex   -6.087494e+01 3.833596e+01 1.554571e+02
      vertex   -6.134902e+01 3.940966e+01 1.554571e+02
    endloop
  endfacet
  facet normal -7.525239e-01 -2.522206e-01 6.083523e-01
    outer loop
      vertex   -6.149721e+01 3.935226e+01 1.552500e+02
      vertex   -6.134902e+01 3.940966e+01 1.554571e+02
      vertex   -6.187487e+01 4.047905e+01 1.552500e+02
    endloop
  endfacet
  facet normal -7.525239e-01 -2.522206e-01 6.083523e-01
    outer loop
      vertex   -6.187487e+01 4.047905e+01 1.552500e+02
      vertex   -6.134902e+01 3.940966e+01 1.554571e+02
      vertex   -6.172202e+01 4.052254e+01 1.554571e+02
    endloop
  endfacet
  facet normal -7.725857e-01 -1.817105e-01 6.083523e-01
    outer loop
      vertex   -6.187487e+01 4.047905e+01 1.552500e+02
      vertex   -6.172202e+01 4.052254e+01 1.554571e+02
      vertex   -6.214696e+01 4.163587e+01 1.552500e+02
    endloop
  endfacet
  facet normal -7.725857e-01 -1.817105e-01 6.083523e-01
    outer loop
      vertex   -6.214696e+01 4.163587e+01 1.552500e+02
      vertex   -6.172202e+01 4.052254e+01 1.554571e+02
      vertex   -6.199074e+01 4.166508e+01 1.554571e+02
    endloop
  endfacet
  facet normal -7.860561e-01 -1.096502e-01 6.083523e-01
    outer loop
      vertex   -6.214696e+01 4.163587e+01 1.552500e+02
      vertex   -6.199074e+01 4.166508e+01 1.554571e+02
      vertex   -6.231114e+01 4.281287e+01 1.552500e+02
    endloop
  endfacet
  facet normal -7.860561e-01 -1.096502e-01 6.083523e-01
    outer loop
      vertex   -6.231114e+01 4.281287e+01 1.552500e+02
      vertex   -6.199074e+01 4.166508e+01 1.554571e+02
      vertex   -6.215290e+01 4.282754e+01 1.554571e+02
    endloop
  endfacet
  facet normal -7.928202e-01 -3.665429e-02 6.083523e-01
    outer loop
      vertex   -6.231114e+01 4.281287e+01 1.552500e+02
      vertex   -6.215290e+01 4.282754e+01 1.554571e+02
      vertex   -6.236603e+01 4.400000e+01 1.552500e+02
    endloop
  endfacet
  facet normal -7.928202e-01 -3.665429e-02 6.083523e-01
    outer loop
      vertex   -6.236603e+01 4.400000e+01 1.552500e+02
      vertex   -6.215290e+01 4.282754e+01 1.554571e+02
      vertex   -6.220711e+01 4.400000e+01 1.554571e+02
    endloop
  endfacet
  facet normal -6.085205e-01 2.813360e-02 7.930393e-01
    outer loop
      vertex   -6.220711e+01 4.400000e+01 1.554571e+02
      vertex   -6.200000e+01 4.400000e+01 1.556160e+02
      vertex   -6.215290e+01 4.517246e+01 1.554571e+02
    endloop
  endfacet
  facet normal -6.085205e-01 2.813360e-02 7.930393e-01
    outer loop
      vertex   -6.215290e+01 4.517246e+01 1.554571e+02
      vertex   -6.200000e+01 4.400000e+01 1.556160e+02
      vertex   -6.194668e+01 4.515335e+01 1.556160e+02
    endloop
  endfacet
  facet normal -6.033288e-01 8.416077e-02 7.930393e-01
    outer loop
      vertex   -6.215290e+01 4.517246e+01 1.554571e+02
      vertex   -6.194668e+01 4.515335e+01 1.556160e+02
      vertex   -6.199074e+01 4.633492e+01 1.554571e+02
    endloop
  endfacet
  facet normal -6.033288e-01 8.416077e-02 7.930393e-01
    outer loop
      vertex   -6.199074e+01 4.633492e+01 1.554571e+02
      vertex   -6.194668e+01 4.515335e+01 1.556160e+02
      vertex   -6.178716e+01 4.629687e+01 1.556160e+02
    endloop
  endfacet
  facet normal -5.929897e-01 1.394699e-01 7.930393e-01
    outer loop
      vertex   -6.199074e+01 4.633492e+01 1.554571e+02
      vertex   -6.178716e+01 4.629687e+01 1.556160e+02
      vertex   -6.172202e+01 4.747746e+01 1.554571e+02
    endloop
  endfacet
  facet normal -5.929897e-01 1.394699e-01 7.930393e-01
    outer loop
      vertex   -6.172202e+01 4.747746e+01 1.554571e+02
      vertex   -6.178716e+01 4.629687e+01 1.556160e+02
      vertex   -6.152282e+01 4.742079e+01 1.556160e+02
    endloop
  endfacet
  facet normal -5.775915e-01 1.935891e-01 7.930393e-01
    outer loop
      vertex   -6.172202e+01 4.747746e+01 1.554571e+02
      vertex   -6.152282e+01 4.742079e+01 1.556160e+02
      vertex   -6.134902e+01 4.859034e+01 1.554571e+02
    endloop
  endfacet
  facet normal -5.775915e-01 1.935891e-01 7.930393e-01
    outer loop
      vertex   -6.134902e+01 4.859034e+01 1.554571e+02
      vertex   -6.152282e+01 4.742079e+01 1.556160e+02
      vertex   -6.115590e+01 4.851552e+01 1.556160e+02
    endloop
  endfacet
  facet normal -5.572654e-01 2.460567e-01 7.930393e-01
    outer loop
      vertex   -6.134902e+01 4.859034e+01 1.554571e+02
      vertex   -6.115590e+01 4.851552e+01 1.556160e+02
      vertex   -6.087494e+01 4.966404e+01 1.554571e+02
    endloop
  endfacet
  facet normal -5.572654e-01 2.460567e-01 7.930393e-01
    outer loop
      vertex   -6.087494e+01 4.966404e+01 1.554571e+02
      vertex   -6.115590e+01 4.851552e+01 1.556160e+02
      vertex   -6.068954e+01 4.957173e+01 1.556160e+02
    endloop
  endfacet
  facet normal -5.321850e-01 2.964251e-01 7.930393e-01
    outer loop
      vertex   -6.087494e+01 4.966404e+01 1.554571e+02
      vertex   -6.068954e+01 4.957173e+01 1.556160e+02
      vertex   -6.030380e+01 5.068943e+01 1.554571e+02
    endloop
  endfacet
  facet normal -5.321850e-01 2.964251e-01 7.930393e-01
    outer loop
      vertex   -6.030380e+01 5.068943e+01 1.554571e+02
      vertex   -6.068954e+01 4.957173e+01 1.556160e+02
      vertex   -6.012771e+01 5.058040e+01 1.556160e+02
    endloop
  endfacet
  facet normal -5.025641e-01 3.442644e-01 7.930393e-01
    outer loop
      vertex   -6.030380e+01 5.068943e+01 1.554571e+02
      vertex   -6.012771e+01 5.058040e+01 1.556160e+02
      vertex   -5.964049e+01 5.165774e+01 1.554571e+02
    endloop
  endfacet
  facet normal -5.025641e-01 3.442644e-01 7.930393e-01
    outer loop
      vertex   -5.964049e+01 5.165774e+01 1.554571e+02
      vertex   -6.012771e+01 5.058040e+01 1.556160e+02
      vertex   -5.947522e+01 5.153293e+01 1.556160e+02
    endloop
  endfacet
  facet normal -4.686555e-01 3.891666e-01 7.930393e-01
    outer loop
      vertex   -5.964049e+01 5.165774e+01 1.554571e+02
      vertex   -5.947522e+01 5.153293e+01 1.556160e+02
      vertex   -5.889067e+01 5.256072e+01 1.554571e+02
    endloop
  endfacet
  facet normal -4.686555e-01 3.891666e-01 7.930393e-01
    outer loop
      vertex   -5.889067e+01 5.256072e+01 1.554571e+02
      vertex   -5.947522e+01 5.153293e+01 1.556160e+02
      vertex   -5.873761e+01 5.242120e+01 1.556160e+02
    endloop
  endfacet
  facet normal -4.307486e-01 4.307486e-01 7.930393e-01
    outer loop
      vertex   -5.889067e+01 5.256072e+01 1.554571e+02
      vertex   -5.873761e+01 5.242120e+01 1.556160e+02
      vertex   -5.806072e+01 5.339067e+01 1.554571e+02
    endloop
  endfacet
  facet normal -4.307486e-01 4.307486e-01 7.930393e-01
    outer loop
      vertex   -5.806072e+01 5.339067e+01 1.554571e+02
      vertex   -5.873761e+01 5.242120e+01 1.556160e+02
      vertex   -5.792120e+01 5.323761e+01 1.556160e+02
    endloop
  endfacet
  facet normal -3.891666e-01 4.686555e-01 7.930393e-01
    outer loop
      vertex   -5.806072e+01 5.339067e+01 1.554571e+02
      vertex   -5.792120e+01 5.323761e+01 1.556160e+02
      vertex   -5.715774e+01 5.414049e+01 1.554571e+02
    endloop
  endfacet
  facet normal -3.891666e-01 4.686555e-01 7.930393e-01
    outer loop
      vertex   -5.715774e+01 5.414049e+01 1.554571e+02
      vertex   -5.792120e+01 5.323761e+01 1.556160e+02
      vertex   -5.703293e+01 5.397522e+01 1.556160e+02
    endloop
  endfacet
  facet normal -3.442644e-01 5.025641e-01 7.930393e-01
    outer loop
      vertex   -5.715774e+01 5.414049e+01 1.554571e+02
      vertex   -5.703293e+01 5.397522e+01 1.556160e+02
      vertex   -5.618943e+01 5.480380e+01 1.554571e+02
    endloop
  endfacet
  facet normal -3.442644e-01 5.025641e-01 7.930393e-01
    outer loop
      vertex   -5.618943e+01 5.480380e+01 1.554571e+02
      vertex   -5.703293e+01 5.397522e+01 1.556160e+02
      vertex   -5.608040e+01 5.462771e+01 1.556160e+02
    endloop
  endfacet
  facet normal -2.964251e-01 5.321850e-01 7.930393e-01
    outer loop
      vertex   -5.618943e+01 5.480380e+01 1.554571e+02
      vertex   -5.608040e+01 5.462771e+01 1.556160e+02
      vertex   -5.516404e+01 5.537494e+01 1.554571e+02
    endloop
  endfacet
  facet normal -2.964251e-01 5.321850e-01 7.930393e-01
    outer loop
      vertex   -5.516404e+01 5.537494e+01 1.554571e+02
      vertex   -5.608040e+01 5.462771e+01 1.556160e+02
      vertex   -5.507173e+01 5.518954e+01 1.556160e+02
    endloop
  endfacet
  facet normal -2.460567e-01 5.572654e-01 7.930393e-01
    outer loop
      vertex   -5.516404e+01 5.537494e+01 1.554571e+02
      vertex   -5.507173e+01 5.518954e+01 1.556160e+02
      vertex   -5.409034e+01 5.584902e+01 1.554571e+02
    endloop
  endfacet
  facet normal -2.460567e-01 5.572654e-01 7.930393e-01
    outer loop
      vertex   -5.409034e+01 5.584902e+01 1.554571e+02
      vertex   -5.507173e+01 5.518954e+01 1.556160e+02
      vertex   -5.401552e+01 5.565590e+01 1.556160e+02
    endloop
  endfacet
  facet normal -1.935891e-01 5.775915e-01 7.930393e-01
    outer loop
      vertex   -5.409034e+01 5.584902e+01 1.554571e+02
      vertex   -5.401552e+01 5.565590e+01 1.556160e+02
      vertex   -5.297746e+01 5.622202e+01 1.554571e+02
    endloop
  endfacet
  facet normal -1.935891e-01 5.775915e-01 7.930393e-01
    outer loop
      vertex   -5.297746e+01 5.622202e+01 1.554571e+02
      vertex   -5.401552e+01 5.565590e+01 1.556160e+02
      vertex   -5.292079e+01 5.602282e+01 1.556160e+02
    endloop
  endfacet
  facet normal -1.394699e-01 5.929897e-01 7.930393e-01
    outer loop
      vertex   -5.297746e+01 5.622202e+01 1.554571e+02
      vertex   -5.292079e+01 5.602282e+01 1.556160e+02
      vertex   -5.183492e+01 5.649074e+01 1.554571e+02
    endloop
  endfacet
  facet normal -1.394699e-01 5.929897e-01 7.930393e-01
    outer loop
      vertex   -5.183492e+01 5.649074e+01 1.554571e+02
      vertex   -5.292079e+01 5.602282e+01 1.556160e+02
      vertex   -5.179687e+01 5.628716e+01 1.556160e+02
    endloop
  endfacet
  facet normal -8.416077e-02 6.033288e-01 7.930393e-01
    outer loop
      vertex   -5.183492e+01 5.649074e+01 1.554571e+02
      vertex   -5.179687e+01 5.628716e+01 1.556160e+02
      vertex   -5.067246e+01 5.665290e+01 1.554571e+02
    endloop
  endfacet
  facet normal -8.416077e-02 6.033288e-01 7.930393e-01
    outer loop
      vertex   -5.067246e+01 5.665290e+01 1.554571e+02
      vertex   -5.179687e+01 5.628716e+01 1.556160e+02
      vertex   -5.065335e+01 5.644668e+01 1.556160e+02
    endloop
  endfacet
  facet normal -2.813360e-02 6.085205e-01 7.930393e-01
    outer loop
      vertex   -5.067246e+01 5.665290e+01 1.554571e+02
      vertex   -5.065335e+01 5.644668e+01 1.556160e+02
      vertex   -4.950000e+01 5.670711e+01 1.554571e+02
    endloop
  endfacet
  facet normal -2.813360e-02 6.085205e-01 7.930393e-01
    outer loop
      vertex   -4.950000e+01 5.670711e+01 1.554571e+02
      vertex   -5.065335e+01 5.644668e+01 1.556160e+02
      vertex   -4.950000e+01 5.650000e+01 1.556160e+02
    endloop
  endfacet
  facet normal 2.813360e-02 6.085205e-01 7.930393e-01
    outer loop
      vertex   -4.950000e+01 5.670711e+01 1.554571e+02
      vertex   -4.950000e+01 5.650000e+01 1.556160e+02
      vertex   -4.832754e+01 5.665290e+01 1.554571e+02
    endloop
  endfacet
  facet normal 2.813360e-02 6.085205e-01 7.930393e-01
    outer loop
      vertex   -4.832754e+01 5.665290e+01 1.554571e+02
      vertex   -4.950000e+01 5.650000e+01 1.556160e+02
      vertex   -4.834665e+01 5.644668e+01 1.556160e+02
    endloop
  endfacet
  facet normal 8.416077e-02 6.033288e-01 7.930393e-01
    outer loop
      vertex   -4.832754e+01 5.665290e+01 1.554571e+02
      vertex   -4.834665e+01 5.644668e+01 1.556160e+02
      vertex   -4.716508e+01 5.649074e+01 1.554571e+02
    endloop
  endfacet
  facet normal 8.416077e-02 6.033288e-01 7.930393e-01
    outer loop
      vertex   -4.716508e+01 5.649074e+01 1.554571e+02
      vertex   -4.834665e+01 5.644668e+01 1.556160e+02
      vertex   -4.720313e+01 5.628716e+01 1.556160e+02
    endloop
  endfacet
  facet normal 1.394699e-01 5.929897e-01 7.930393e-01
    outer loop
      vertex   -4.716508e+01 5.649074e+01 1.554571e+02
      vertex   -4.720313e+01 5.628716e+01 1.556160e+02
      vertex   -4.602254e+01 5.622202e+01 1.554571e+02
    endloop
  endfacet
  facet normal 1.394699e-01 5.929897e-01 7.930393e-01
    outer loop
      vertex   -4.602254e+01 5.622202e+01 1.554571e+02
      vertex   -4.720313e+01 5.628716e+01 1.556160e+02
      vertex   -4.607921e+01 5.602282e+01 1.556160e+02
    endloop
  endfacet
  facet normal 1.935891e-01 5.775915e-01 7.930393e-01
    outer loop
      vertex   -4.602254e+01 5.622202e+01 1.554571e+02
      vertex   -4.607921e+01 5.602282e+01 1.556160e+02
      vertex   -4.490966e+01 5.584902e+01 1.554571e+02
    endloop
  endfacet
  facet normal 1.935891e-01 5.775915e-01 7.930393e-01
    outer loop
      vertex   -4.490966e+01 5.584902e+01 1.554571e+02
      vertex   -4.607921e+01 5.602282e+01 1.556160e+02
      vertex   -4.498448e+01 5.565590e+01 1.556160e+02
    endloop
  endfacet
  facet normal 2.460567e-01 5.572654e-01 7.930393e-01
    outer loop
      vertex   -4.490966e+01 5.584902e+01 1.554571e+02
      vertex   -4.498448e+01 5.565590e+01 1.556160e+02
      vertex   -4.383596e+01 5.537494e+01 1.554571e+02
    endloop
  endfacet
  facet normal 2.460567e-01 5.572654e-01 7.930393e-01
    outer loop
      vertex   -4.383596e+01 5.537494e+01 1.554571e+02
      vertex   -4.498448e+01 5.565590e+01 1.556160e+02
      vertex   -4.392827e+01 5.518954e+01 1.556160e+02
    endloop
  endfacet
  facet normal 2.964251e-01 5.321850e-01 7.930393e-01
    outer loop
      vertex   -4.383596e+01 5.537494e+01 1.554571e+02
      vertex   -4.392827e+01 5.518954e+01 1.556160e+02
      vertex   -4.281057e+01 5.480380e+01 1.554571e+02
    endloop
  endfacet
  facet normal 2.964251e-01 5.321850e-01 7.930393e-01
    outer loop
      vertex   -4.281057e+01 5.480380e+01 1.554571e+02
      vertex   -4.392827e+01 5.518954e+01 1.556160e+02
      vertex   -4.291960e+01 5.462771e+01 1.556160e+02
    endloop
  endfacet
  facet normal 3.442644e-01 5.025641e-01 7.930393e-01
    outer loop
      vertex   -4.281057e+01 5.480380e+01 1.554571e+02
      vertex   -4.291960e+01 5.462771e+01 1.556160e+02
      vertex   -4.184226e+01 5.414049e+01 1.554571e+02
    endloop
  endfacet
  facet normal 3.442644e-01 5.025641e-01 7.930393e-01
    outer loop
      vertex   -4.184226e+01 5.414049e+01 1.554571e+02
      vertex   -4.291960e+01 5.462771e+01 1.556160e+02
      vertex   -4.196707e+01 5.397522e+01 1.556160e+02
    endloop
  endfacet
  facet normal 3.891666e-01 4.686555e-01 7.930393e-01
    outer loop
      vertex   -4.184226e+01 5.414049e+01 1.554571e+02
      vertex   -4.196707e+01 5.397522e+01 1.556160e+02
      vertex   -4.093928e+01 5.339067e+01 1.554571e+02
    endloop
  endfacet
  facet normal 3.891666e-01 4.686555e-01 7.930393e-01
    outer loop
      vertex   -4.093928e+01 5.339067e+01 1.554571e+02
      vertex   -4.196707e+01 5.397522e+01 1.556160e+02
      vertex   -4.107880e+01 5.323761e+01 1.556160e+02
    endloop
  endfacet
  facet normal 4.307486e-01 4.307486e-01 7.930393e-01
    outer loop
      vertex   -4.093928e+01 5.339067e+01 1.554571e+02
      vertex   -4.107880e+01 5.323761e+01 1.556160e+02
      vertex   -4.010933e+01 5.256072e+01 1.554571e+02
    endloop
  endfacet
  facet normal 4.307486e-01 4.307486e-01 7.930393e-01
    outer loop
      vertex   -4.010933e+01 5.256072e+01 1.554571e+02
      vertex   -4.107880e+01 5.323761e+01 1.556160e+02
      vertex   -4.026239e+01 5.242120e+01 1.556160e+02
    endloop
  endfacet
  facet normal 4.686555e-01 3.891666e-01 7.930393e-01
    outer loop
      vertex   -4.010933e+01 5.256072e+01 1.554571e+02
      vertex   -4.026239e+01 5.242120e+01 1.556160e+02
      vertex   -3.935951e+01 5.165774e+01 1.554571e+02
    endloop
  endfacet
  facet normal 4.686555e-01 3.891666e-01 7.930393e-01
    outer loop
      vertex   -3.935951e+01 5.165774e+01 1.554571e+02
      vertex   -4.026239e+01 5.242120e+01 1.556160e+02
      vertex   -3.952478e+01 5.153293e+01 1.556160e+02
    endloop
  endfacet
  facet normal 5.025641e-01 3.442644e-01 7.930393e-01
    outer loop
      vertex   -3.935951e+01 5.165774e+01 1.554571e+02
      vertex   -3.952478e+01 5.153293e+01 1.556160e+02
      vertex   -3.869620e+01 5.068943e+01 1.554571e+02
    endloop
  endfacet
  facet normal 5.025641e-01 3.442644e-01 7.930393e-01
    outer loop
      vertex   -3.869620e+01 5.068943e+01 1.554571e+02
      vertex   -3.952478e+01 5.153293e+01 1.556160e+02
      vertex   -3.887229e+01 5.058040e+01 1.556160e+02
    endloop
  endfacet
  facet normal 5.321850e-01 2.964251e-01 7.930393e-01
    outer loop
      vertex   -3.869620e+01 5.068943e+01 1.554571e+02
      vertex   -3.887229e+01 5.058040e+01 1.556160e+02
      vertex   -3.812506e+01 4.966404e+01 1.554571e+02
    endloop
  endfacet
  facet normal 5.321850e-01 2.964251e-01 7.930393e-01
    outer loop
      vertex   -3.812506e+01 4.966404e+01 1.554571e+02
      vertex   -3.887229e+01 5.058040e+01 1.556160e+02
      vertex   -3.831046e+01 4.957173e+01 1.556160e+02
    endloop
  endfacet
  facet normal 5.572654e-01 2.460567e-01 7.930393e-01
    outer loop
      vertex   -3.812506e+01 4.966404e+01 1.554571e+02
      vertex   -3.831046e+01 4.957173e+01 1.556160e+02
      vertex   -3.765098e+01 4.859034e+01 1.554571e+02
    endloop
  endfacet
  facet normal 5.572654e-01 2.460567e-01 7.930393e-01
    outer loop
      vertex   -3.765098e+01 4.859034e+01 1.554571e+02
      vertex   -3.831046e+01 4.957173e+01 1.556160e+02
      vertex   -3.784410e+01 4.851552e+01 1.556160e+02
    endloop
  endfacet
  facet normal 5.775915e-01 1.935891e-01 7.930393e-01
    outer loop
      vertex   -3.765098e+01 4.859034e+01 1.554571e+02
      vertex   -3.784410e+01 4.851552e+01 1.556160e+02
      vertex   -3.727798e+01 4.747746e+01 1.554571e+02
    endloop
  endfacet
  facet normal 5.775915e-01 1.935891e-01 7.930393e-01
    outer loop
      vertex   -3.727798e+01 4.747746e+01 1.554571e+02
      vertex   -3.784410e+01 4.851552e+01 1.556160e+02
      vertex   -3.747718e+01 4.742079e+01 1.556160e+02
    endloop
  endfacet
  facet normal 5.929897e-01 1.394699e-01 7.930393e-01
    outer loop
      vertex   -3.727798e+01 4.747746e+01 1.554571e+02
      vertex   -3.747718e+01 4.742079e+01 1.556160e+02
      vertex   -3.700926e+01 4.633492e+01 1.554571e+02
    endloop
  endfacet
  facet normal 5.929897e-01 1.394699e-01 7.930393e-01
    outer loop
      vertex   -3.700926e+01 4.633492e+01 1.554571e+02
      vertex   -3.747718e+01 4.742079e+01 1.556160e+02
      vertex   -3.721284e+01 4.629687e+01 1.556160e+02
    endloop
  endfacet
  facet normal 6.033288e-01 8.416077e-02 7.930393e-01
    outer loop
      vertex   -3.700926e+01 4.633492e+01 1.554571e+02
      vertex   -3.721284e+01 4.629687e+01 1.556160e+02
      vertex   -3.684710e+01 4.517246e+01 1.554571e+02
    endloop
  endfacet
  facet normal 6.033288e-01 8.416077e-02 7.930393e-01
    outer loop
      vertex   -3.684710e+01 4.517246e+01 1.554571e+02
      vertex   -3.721284e+01 4.629687e+01 1.556160e+02
      vertex   -3.705332e+01 4.515335e+01 1.556160e+02
    endloop
  endfacet
  facet normal 6.085205e-01 2.813360e-02 7.930393e-01
    outer loop
      vertex   -3.684710e+01 4.517246e+01 1.554571e+02
      vertex   -3.705332e+01 4.515335e+01 1.556160e+02
      vertex   -3.679289e+01 4.400000e+01 1.554571e+02
    endloop
  endfacet
  facet normal 6.085205e-01 2.813360e-02 7.930393e-01
    outer loop
      vertex   -3.679289e+01 4.400000e+01 1.554571e+02
      vertex   -3.705332e+01 4.515335e+01 1.556160e+02
      vertex   -3.700000e+01 4.400000e+01 1.556160e+02
    endloop
  endfacet
  facet normal 6.085205e-01 -2.813360e-02 7.930393e-01
    outer loop
      vertex   -3.679289e+01 4.400000e+01 1.554571e+02
      vertex   -3.700000e+01 4.400000e+01 1.556160e+02
      vertex   -3.684710e+01 4.282754e+01 1.554571e+02
    endloop
  endfacet
  facet normal 6.085205e-01 -2.813360e-02 7.930393e-01
    outer loop
      vertex   -3.684710e+01 4.282754e+01 1.554571e+02
      vertex   -3.700000e+01 4.400000e+01 1.556160e+02
      vertex   -3.705332e+01 4.284665e+01 1.556160e+02
    endloop
  endfacet
  facet normal 6.033288e-01 -8.416077e-02 7.930393e-01
    outer loop
      vertex   -3.684710e+01 4.282754e+01 1.554571e+02
      vertex   -3.705332e+01 4.284665e+01 1.556160e+02
      vertex   -3.700926e+01 4.166508e+01 1.554571e+02
    endloop
  endfacet
  facet normal 6.033288e-01 -8.416077e-02 7.930393e-01
    outer loop
      vertex   -3.700926e+01 4.166508e+01 1.554571e+02
      vertex   -3.705332e+01 4.284665e+01 1.556160e+02
      vertex   -3.721284e+01 4.170313e+01 1.556160e+02
    endloop
  endfacet
  facet normal 5.929897e-01 -1.394699e-01 7.930393e-01
    outer loop
      vertex   -3.700926e+01 4.166508e+01 1.554571e+02
      vertex   -3.721284e+01 4.170313e+01 1.556160e+02
      vertex   -3.727798e+01 4.052254e+01 1.554571e+02
    endloop
  endfacet
  facet normal 5.929897e-01 -1.394699e-01 7.930393e-01
    outer loop
      vertex   -3.727798e+01 4.052254e+01 1.554571e+02
      vertex   -3.721284e+01 4.170313e+01 1.556160e+02
      vertex   -3.747718e+01 4.057921e+01 1.556160e+02
    endloop
  endfacet
  facet normal 5.775915e-01 -1.935891e-01 7.930393e-01
    outer loop
      vertex   -3.727798e+01 4.052254e+01 1.554571e+02
      vertex   -3.747718e+01 4.057921e+01 1.556160e+02
      vertex   -3.765098e+01 3.940966e+01 1.554571e+02
    endloop
  endfacet
  facet normal 5.775915e-01 -1.935891e-01 7.930393e-01
    outer loop
      vertex   -3.765098e+01 3.940966e+01 1.554571e+02
      vertex   -3.747718e+01 4.057921e+01 1.556160e+02
      vertex   -3.784410e+01 3.948448e+01 1.556160e+02
    endloop
  endfacet
  facet normal 5.572654e-01 -2.460567e-01 7.930393e-01
    outer loop
      vertex   -3.765098e+01 3.940966e+01 1.554571e+02
      vertex   -3.784410e+01 3.948448e+01 1.556160e+02
      vertex   -3.812506e+01 3.833596e+01 1.554571e+02
    endloop
  endfacet
  facet normal 5.572654e-01 -2.460567e-01 7.930393e-01
    outer loop
      vertex   -3.812506e+01 3.833596e+01 1.554571e+02
      vertex   -3.784410e+01 3.948448e+01 1.556160e+02
      vertex   -3.831046e+01 3.842827e+01 1.556160e+02
    endloop
  endfacet
  facet normal 5.321850e-01 -2.964251e-01 7.930393e-01
    outer loop
      vertex   -3.812506e+01 3.833596e+01 1.554571e+02
      vertex   -3.831046e+01 3.842827e+01 1.556160e+02
      vertex   -3.869620e+01 3.731057e+01 1.554571e+02
    endloop
  endfacet
  facet normal 5.321850e-01 -2.964251e-01 7.930393e-01
    outer loop
      vertex   -3.869620e+01 3.731057e+01 1.554571e+02
      vertex   -3.831046e+01 3.842827e+01 1.556160e+02
      vertex   -3.887229e+01 3.741960e+01 1.556160e+02
    endloop
  endfacet
  facet normal 5.025641e-01 -3.442644e-01 7.930393e-01
    outer loop
      vertex   -3.869620e+01 3.731057e+01 1.554571e+02
      vertex   -3.887229e+01 3.741960e+01 1.556160e+02
      vertex   -3.935951e+01 3.634226e+01 1.554571e+02
    endloop
  endfacet
  facet normal 5.025641e-01 -3.442644e-01 7.930393e-01
    outer loop
      vertex   -3.935951e+01 3.634226e+01 1.554571e+02
      vertex   -3.887229e+01 3.741960e+01 1.556160e+02
      vertex   -3.952478e+01 3.646707e+01 1.556160e+02
    endloop
  endfacet
  facet normal 4.686555e-01 -3.891666e-01 7.930393e-01
    outer loop
      vertex   -3.935951e+01 3.634226e+01 1.554571e+02
      vertex   -3.952478e+01 3.646707e+01 1.556160e+02
      vertex   -4.010933e+01 3.543928e+01 1.554571e+02
    endloop
  endfacet
  facet normal 4.686555e-01 -3.891666e-01 7.930393e-01
    outer loop
      vertex   -4.010933e+01 3.543928e+01 1.554571e+02
      vertex   -3.952478e+01 3.646707e+01 1.556160e+02
      vertex   -4.026239e+01 3.557880e+01 1.556160e+02
    endloop
  endfacet
  facet normal 4.307486e-01 -4.307486e-01 7.930393e-01
    outer loop
      vertex   -4.010933e+01 3.543928e+01 1.554571e+02
      vertex   -4.026239e+01 3.557880e+01 1.556160e+02
      vertex   -4.093928e+01 3.460933e+01 1.554571e+02
    endloop
  endfacet
  facet normal 4.307486e-01 -4.307486e-01 7.930393e-01
    outer loop
      vertex   -4.093928e+01 3.460933e+01 1.554571e+02
      vertex   -4.026239e+01 3.557880e+01 1.556160e+02
      vertex   -4.107880e+01 3.476239e+01 1.556160e+02
    endloop
  endfacet
  facet normal 3.891666e-01 -4.686555e-01 7.930393e-01
    outer loop
      vertex   -4.093928e+01 3.460933e+01 1.554571e+02
      vertex   -4.107880e+01 3.476239e+01 1.556160e+02
      vertex   -4.184226e+01 3.385951e+01 1.554571e+02
    endloop
  endfacet
  facet normal 3.891666e-01 -4.686555e-01 7.930393e-01
    outer loop
      vertex   -4.184226e+01 3.385951e+01 1.554571e+02
      vertex   -4.107880e+01 3.476239e+01 1.556160e+02
      vertex   -4.196707e+01 3.402478e+01 1.556160e+02
    endloop
  endfacet
  facet normal 3.442644e-01 -5.025641e-01 7.930393e-01
    outer loop
      vertex   -4.184226e+01 3.385951e+01 1.554571e+02
      vertex   -4.196707e+01 3.402478e+01 1.556160e+02
      vertex   -4.281057e+01 3.319620e+01 1.554571e+02
    endloop
  endfacet
  facet normal 3.442644e-01 -5.025641e-01 7.930393e-01
    outer loop
      vertex   -4.281057e+01 3.319620e+01 1.554571e+02
      vertex   -4.196707e+01 3.402478e+01 1.556160e+02
      vertex   -4.291960e+01 3.337229e+01 1.556160e+02
    endloop
  endfacet
  facet normal 2.964251e-01 -5.321850e-01 7.930393e-01
    outer loop
      vertex   -4.281057e+01 3.319620e+01 1.554571e+02
      vertex   -4.291960e+01 3.337229e+01 1.556160e+02
      vertex   -4.383596e+01 3.262506e+01 1.554571e+02
    endloop
  endfacet
  facet normal 2.964251e-01 -5.321850e-01 7.930393e-01
    outer loop
      vertex   -4.383596e+01 3.262506e+01 1.554571e+02
      vertex   -4.291960e+01 3.337229e+01 1.556160e+02
      vertex   -4.392827e+01 3.281046e+01 1.556160e+02
    endloop
  endfacet
  facet normal 2.460567e-01 -5.572654e-01 7.930393e-01
    outer loop
      vertex   -4.383596e+01 3.262506e+01 1.554571e+02
      vertex   -4.392827e+01 3.281046e+01 1.556160e+02
      vertex   -4.490966e+01 3.215098e+01 1.554571e+02
    endloop
  endfacet
  facet normal 2.460567e-01 -5.572654e-01 7.930393e-01
    outer loop
      vertex   -4.490966e+01 3.215098e+01 1.554571e+02
      vertex   -4.392827e+01 3.281046e+01 1.556160e+02
      vertex   -4.498448e+01 3.234410e+01 1.556160e+02
    endloop
  endfacet
  facet normal 1.935891e-01 -5.775915e-01 7.930393e-01
    outer loop
      vertex   -4.490966e+01 3.215098e+01 1.554571e+02
      vertex   -4.498448e+01 3.234410e+01 1.556160e+02
      vertex   -4.602254e+01 3.177798e+01 1.554571e+02
    endloop
  endfacet
  facet normal 1.935891e-01 -5.775915e-01 7.930393e-01
    outer loop
      vertex   -4.602254e+01 3.177798e+01 1.554571e+02
      vertex   -4.498448e+01 3.234410e+01 1.556160e+02
      vertex   -4.607921e+01 3.197718e+01 1.556160e+02
    endloop
  endfacet
  facet normal 1.394699e-01 -5.929897e-01 7.930393e-01
    outer loop
      vertex   -4.602254e+01 3.177798e+01 1.554571e+02
      vertex   -4.607921e+01 3.197718e+01 1.556160e+02
      vertex   -4.716508e+01 3.150926e+01 1.554571e+02
    endloop
  endfacet
  facet normal 1.394699e-01 -5.929897e-01 7.930393e-01
    outer loop
      vertex   -4.716508e+01 3.150926e+01 1.554571e+02
      vertex   -4.607921e+01 3.197718e+01 1.556160e+02
      vertex   -4.720313e+01 3.171284e+01 1.556160e+02
    endloop
  endfacet
  facet normal 8.416077e-02 -6.033288e-01 7.930393e-01
    outer loop
      vertex   -4.716508e+01 3.150926e+01 1.554571e+02
      vertex   -4.720313e+01 3.171284e+01 1.556160e+02
      vertex   -4.832754e+01 3.134710e+01 1.554571e+02
    endloop
  endfacet
  facet normal 8.416077e-02 -6.033288e-01 7.930393e-01
    outer loop
      vertex   -4.832754e+01 3.134710e+01 1.554571e+02
      vertex   -4.720313e+01 3.171284e+01 1.556160e+02
      vertex   -4.834665e+01 3.155332e+01 1.556160e+02
    endloop
  endfacet
  facet normal 2.813360e-02 -6.085205e-01 7.930393e-01
    outer loop
      vertex   -4.832754e+01 3.134710e+01 1.554571e+02
      vertex   -4.834665e+01 3.155332e+01 1.556160e+02
      vertex   -4.950000e+01 3.129289e+01 1.554571e+02
    endloop
  endfacet
  facet normal 2.813360e-02 -6.085205e-01 7.930393e-01
    outer loop
      vertex   -4.950000e+01 3.129289e+01 1.554571e+02
      vertex   -4.834665e+01 3.155332e+01 1.556160e+02
      vertex   -4.950000e+01 3.150000e+01 1.556160e+02
    endloop
  endfacet
  facet normal -2.813360e-02 -6.085205e-01 7.930393e-01
    outer loop
      vertex   -4.950000e+01 3.129289e+01 1.554571e+02
      vertex   -4.950000e+01 3.150000e+01 1.556160e+02
      vertex   -5.067246e+01 3.134710e+01 1.554571e+02
    endloop
  endfacet
  facet normal -2.813360e-02 -6.085205e-01 7.930393e-01
    outer loop
      vertex   -5.067246e+01 3.134710e+01 1.554571e+02
      vertex   -4.950000e+01 3.150000e+01 1.556160e+02
      vertex   -5.065335e+01 3.155332e+01 1.556160e+02
    endloop
  endfacet
  facet normal -8.416077e-02 -6.033288e-01 7.930393e-01
    outer loop
      vertex   -5.067246e+01 3.134710e+01 1.554571e+02
      vertex   -5.065335e+01 3.155332e+01 1.556160e+02
      vertex   -5.183492e+01 3.150926e+01 1.554571e+02
    endloop
  endfacet
  facet normal -8.416077e-02 -6.033288e-01 7.930393e-01
    outer loop
      vertex   -5.183492e+01 3.150926e+01 1.554571e+02
      vertex   -5.065335e+01 3.155332e+01 1.556160e+02
      vertex   -5.179687e+01 3.171284e+01 1.556160e+02
    endloop
  endfacet
  facet normal -1.394699e-01 -5.929897e-01 7.930393e-01
    outer loop
      vertex   -5.183492e+01 3.150926e+01 1.554571e+02
      vertex   -5.179687e+01 3.171284e+01 1.556160e+02
      vertex   -5.297746e+01 3.177798e+01 1.554571e+02
    endloop
  endfacet
  facet normal -1.394699e-01 -5.929897e-01 7.930393e-01
    outer loop
      vertex   -5.297746e+01 3.177798e+01 1.554571e+02
      vertex   -5.179687e+01 3.171284e+01 1.556160e+02
      vertex   -5.292079e+01 3.197718e+01 1.556160e+02
    endloop
  endfacet
  facet normal -1.935891e-01 -5.775915e-01 7.930393e-01
    outer loop
      vertex   -5.297746e+01 3.177798e+01 1.554571e+02
      vertex   -5.292079e+01 3.197718e+01 1.556160e+02
      vertex   -5.409034e+01 3.215098e+01 1.554571e+02
    endloop
  endfacet
  facet normal -1.935891e-01 -5.775915e-01 7.930393e-01
    outer loop
      vertex   -5.409034e+01 3.215098e+01 1.554571e+02
      vertex   -5.292079e+01 3.197718e+01 1.556160e+02
      vertex   -5.401552e+01 3.234410e+01 1.556160e+02
    endloop
  endfacet
  facet normal -2.460567e-01 -5.572654e-01 7.930393e-01
    outer loop
      vertex   -5.409034e+01 3.215098e+01 1.554571e+02
      vertex   -5.401552e+01 3.234410e+01 1.556160e+02
      vertex   -5.516404e+01 3.262506e+01 1.554571e+02
    endloop
  endfacet
  facet normal -2.460567e-01 -5.572654e-01 7.930393e-01
    outer loop
      vertex   -5.516404e+01 3.262506e+01 1.554571e+02
      vertex   -5.401552e+01 3.234410e+01 1.556160e+02
      vertex   -5.507173e+01 3.281046e+01 1.556160e+02
    endloop
  endfacet
  facet normal -2.964251e-01 -5.321850e-01 7.930393e-01
    outer loop
      vertex   -5.516404e+01 3.262506e+01 1.554571e+02
      vertex   -5.507173e+01 3.281046e+01 1.556160e+02
      vertex   -5.618943e+01 3.319620e+01 1.554571e+02
    endloop
  endfacet
  facet normal -2.964251e-01 -5.321850e-01 7.930393e-01
    outer loop
      vertex   -5.618943e+01 3.319620e+01 1.554571e+02
      vertex   -5.507173e+01 3.281046e+01 1.556160e+02
      vertex   -5.608040e+01 3.337229e+01 1.556160e+02
    endloop
  endfacet
  facet normal -3.442644e-01 -5.025641e-01 7.930393e-01
    outer loop
      vertex   -5.618943e+01 3.319620e+01 1.554571e+02
      vertex   -5.608040e+01 3.337229e+01 1.556160e+02
      vertex   -5.715774e+01 3.385951e+01 1.554571e+02
    endloop
  endfacet
  facet normal -3.442644e-01 -5.025641e-01 7.930393e-01
    outer loop
      vertex   -5.715774e+01 3.385951e+01 1.554571e+02
      vertex   -5.608040e+01 3.337229e+01 1.556160e+02
      vertex   -5.703293e+01 3.402478e+01 1.556160e+02
    endloop
  endfacet
  facet normal -3.891666e-01 -4.686555e-01 7.930393e-01
    outer loop
      vertex   -5.715774e+01 3.385951e+01 1.554571e+02
      vertex   -5.703293e+01 3.402478e+01 1.556160e+02
      vertex   -5.806072e+01 3.460933e+01 1.554571e+02
    endloop
  endfacet
  facet normal -3.891666e-01 -4.686555e-01 7.930393e-01
    outer loop
      vertex   -5.806072e+01 3.460933e+01 1.554571e+02
      vertex   -5.703293e+01 3.402478e+01 1.556160e+02
      vertex   -5.792120e+01 3.476239e+01 1.556160e+02
    endloop
  endfacet
  facet normal -4.307486e-01 -4.307486e-01 7.930393e-01
    outer loop
      vertex   -5.806072e+01 3.460933e+01 1.554571e+02
      vertex   -5.792120e+01 3.476239e+01 1.556160e+02
      vertex   -5.889067e+01 3.543928e+01 1.554571e+02
    endloop
  endfacet
  facet normal -4.307486e-01 -4.307486e-01 7.930393e-01
    outer loop
      vertex   -5.889067e+01 3.543928e+01 1.554571e+02
      vertex   -5.792120e+01 3.476239e+01 1.556160e+02
      vertex   -5.873761e+01 3.557880e+01 1.556160e+02
    endloop
  endfacet
  facet normal -4.686555e-01 -3.891666e-01 7.930393e-01
    outer loop
      vertex   -5.889067e+01 3.543928e+01 1.554571e+02
      vertex   -5.873761e+01 3.557880e+01 1.556160e+02
      vertex   -5.964049e+01 3.634226e+01 1.554571e+02
    endloop
  endfacet
  facet normal -4.686555e-01 -3.891666e-01 7.930393e-01
    outer loop
      vertex   -5.964049e+01 3.634226e+01 1.554571e+02
      vertex   -5.873761e+01 3.557880e+01 1.556160e+02
      vertex   -5.947522e+01 3.646707e+01 1.556160e+02
    endloop
  endfacet
  facet normal -5.025641e-01 -3.442644e-01 7.930393e-01
    outer loop
      vertex   -5.964049e+01 3.634226e+01 1.554571e+02
      vertex   -5.947522e+01 3.646707e+01 1.556160e+02
      vertex   -6.030380e+01 3.731057e+01 1.554571e+02
    endloop
  endfacet
  facet normal -5.025641e-01 -3.442644e-01 7.930393e-01
    outer loop
      vertex   -6.030380e+01 3.731057e+01 1.554571e+02
      vertex   -5.947522e+01 3.646707e+01 1.556160e+02
      vertex   -6.012771e+01 3.741960e+01 1.556160e+02
    endloop
  endfacet
  facet normal -5.321850e-01 -2.964251e-01 7.930393e-01
    outer loop
      vertex   -6.030380e+01 3.731057e+01 1.554571e+02
      vertex   -6.012771e+01 3.741960e+01 1.556160e+02
      vertex   -6.087494e+01 3.833596e+01 1.554571e+02
    endloop
  endfacet
  facet normal -5.321850e-01 -2.964251e-01 7.930393e-01
    outer loop
      vertex   -6.087494e+01 3.833596e+01 1.554571e+02
      vertex   -6.012771e+01 3.741960e+01 1.556160e+02
      vertex   -6.068954e+01 3.842827e+01 1.556160e+02
    endloop
  endfacet
  facet normal -5.572654e-01 -2.460567e-01 7.930393e-01
    outer loop
      vertex   -6.087494e+01 3.833596e+01 1.554571e+02
      vertex   -6.068954e+01 3.842827e+01 1.556160e+02
      vertex   -6.134902e+01 3.940966e+01 1.554571e+02
    endloop
  endfacet
  facet normal -5.572654e-01 -2.460567e-01 7.930393e-01
    outer loop
      vertex   -6.134902e+01 3.940966e+01 1.554571e+02
      vertex   -6.068954e+01 3.842827e+01 1.556160e+02
      vertex   -6.115590e+01 3.948448e+01 1.556160e+02
    endloop
  endfacet
  facet normal -5.775915e-01 -1.935891e-01 7.930393e-01
    outer loop
      vertex   -6.134902e+01 3.940966e+01 1.554571e+02
      vertex   -6.115590e+01 3.948448e+01 1.556160e+02
      vertex   -6.172202e+01 4.052254e+01 1.554571e+02
    endloop
  endfacet
  facet normal -5.775915e-01 -1.935891e-01 7.930393e-01
    outer loop
      vertex   -6.172202e+01 4.052254e+01 1.554571e+02
      vertex   -6.115590e+01 3.948448e+01 1.556160e+02
      vertex   -6.152282e+01 4.057921e+01 1.556160e+02
    endloop
  endfacet
  facet normal -5.929897e-01 -1.394699e-01 7.930393e-01
    outer loop
      vertex   -6.172202e+01 4.052254e+01 1.554571e+02
      vertex   -6.152282e+01 4.057921e+01 1.556160e+02
      vertex   -6.199074e+01 4.166508e+01 1.554571e+02
    endloop
  endfacet
  facet normal -5.929897e-01 -1.394699e-01 7.930393e-01
    outer loop
      vertex   -6.199074e+01 4.166508e+01 1.554571e+02
      vertex   -6.152282e+01 4.057921e+01 1.556160e+02
      vertex   -6.178716e+01 4.170313e+01 1.556160e+02
    endloop
  endfacet
  facet normal -6.033288e-01 -8.416077e-02 7.930393e-01
    outer loop
      vertex   -6.199074e+01 4.166508e+01 1.554571e+02
      vertex   -6.178716e+01 4.170313e+01 1.556160e+02
      vertex   -6.215290e+01 4.282754e+01 1.554571e+02
    endloop
  endfacet
  facet normal -6.033288e-01 -8.416077e-02 7.930393e-01
    outer loop
      vertex   -6.215290e+01 4.282754e+01 1.554571e+02
      vertex   -6.178716e+01 4.170313e+01 1.556160e+02
      vertex   -6.194668e+01 4.284665e+01 1.556160e+02
    endloop
  endfacet
  facet normal -6.085205e-01 -2.813360e-02 7.930393e-01
    outer loop
      vertex   -6.215290e+01 4.282754e+01 1.554571e+02
      vertex   -6.194668e+01 4.284665e+01 1.556160e+02
      vertex   -6.220711e+01 4.400000e+01 1.554571e+02
    endloop
  endfacet
  facet normal -6.085205e-01 -2.813360e-02 7.930393e-01
    outer loop
      vertex   -6.220711e+01 4.400000e+01 1.554571e+02
      vertex   -6.194668e+01 4.284665e+01 1.556160e+02
      vertex   -6.200000e+01 4.400000e+01 1.556160e+02
    endloop
  endfacet
  facet normal -3.826236e-01 1.768975e-02 9.237350e-01
    outer loop
      vertex   -6.200000e+01 4.400000e+01 1.556160e+02
      vertex   -6.175882e+01 4.400000e+01 1.557159e+02
      vertex   -6.194668e+01 4.515335e+01 1.556160e+02
    endloop
  endfacet
  facet normal -3.826236e-01 1.768975e-02 9.237350e-01
    outer loop
      vertex   -6.194668e+01 4.515335e+01 1.556160e+02
      vertex   -6.175882e+01 4.400000e+01 1.557159e+02
      vertex   -6.170653e+01 4.513110e+01 1.557159e+02
    endloop
  endfacet
  facet normal -3.793591e-01 5.291834e-02 9.237350e-01
    outer loop
      vertex   -6.194668e+01 4.515335e+01 1.556160e+02
      vertex   -6.170653e+01 4.513110e+01 1.557159e+02
      vertex   -6.178716e+01 4.629687e+01 1.556160e+02
    endloop
  endfacet
  facet normal -3.793591e-01 5.291834e-02 9.237350e-01
    outer loop
      vertex   -6.178716e+01 4.629687e+01 1.556160e+02
      vertex   -6.170653e+01 4.513110e+01 1.557159e+02
      vertex   -6.155009e+01 4.625255e+01 1.557159e+02
    endloop
  endfacet
  facet normal -3.728582e-01 8.769545e-02 9.237350e-01
    outer loop
      vertex   -6.178716e+01 4.629687e+01 1.556160e+02
      vertex   -6.155009e+01 4.625255e+01 1.557159e+02
      vertex   -6.152282e+01 4.742079e+01 1.556160e+02
    endloop
  endfacet
  facet normal -3.728582e-01 8.769545e-02 9.237350e-01
    outer loop
      vertex   -6.152282e+01 4.742079e+01 1.556160e+02
      vertex   -6.155009e+01 4.625255e+01 1.557159e+02
      vertex   -6.129085e+01 4.735479e+01 1.557159e+02
    endloop
  endfacet
  facet normal -3.631761e-01 1.217244e-01 9.237350e-01
    outer loop
      vertex   -6.152282e+01 4.742079e+01 1.556160e+02
      vertex   -6.129085e+01 4.735479e+01 1.557159e+02
      vertex   -6.115590e+01 4.851552e+01 1.556160e+02
    endloop
  endfacet
  facet normal -3.631761e-01 1.217244e-01 9.237350e-01
    outer loop
      vertex   -6.115590e+01 4.851552e+01 1.556160e+02
      vertex   -6.129085e+01 4.735479e+01 1.557159e+02
      vertex   -6.093101e+01 4.842840e+01 1.557159e+02
    endloop
  endfacet
  facet normal -3.503956e-01 1.547148e-01 9.237350e-01
    outer loop
      vertex   -6.115590e+01 4.851552e+01 1.556160e+02
      vertex   -6.093101e+01 4.842840e+01 1.557159e+02
      vertex   -6.068954e+01 4.957173e+01 1.556160e+02
    endloop
  endfacet
  facet normal -3.503956e-01 1.547148e-01 9.237350e-01
    outer loop
      vertex   -6.068954e+01 4.957173e+01 1.556160e+02
      vertex   -6.093101e+01 4.842840e+01 1.557159e+02
      vertex   -6.047364e+01 4.946423e+01 1.557159e+02
    endloop
  endfacet
  facet normal -3.346256e-01 1.863852e-01 9.237350e-01
    outer loop
      vertex   -6.068954e+01 4.957173e+01 1.556160e+02
      vertex   -6.047364e+01 4.946423e+01 1.557159e+02
      vertex   -6.012771e+01 5.058040e+01 1.556160e+02
    endloop
  endfacet
  facet normal -3.346256e-01 1.863852e-01 9.237350e-01
    outer loop
      vertex   -6.012771e+01 5.058040e+01 1.556160e+02
      vertex   -6.047364e+01 4.946423e+01 1.557159e+02
      vertex   -5.992266e+01 5.045344e+01 1.557159e+02
    endloop
  endfacet
  facet normal -3.160006e-01 2.164655e-01 9.237350e-01
    outer loop
      vertex   -6.012771e+01 5.058040e+01 1.556160e+02
      vertex   -5.992266e+01 5.045344e+01 1.557159e+02
      vertex   -5.947522e+01 5.153293e+01 1.556160e+02
    endloop
  endfacet
  facet normal -3.160006e-01 2.164655e-01 9.237350e-01
    outer loop
      vertex   -5.947522e+01 5.153293e+01 1.556160e+02
      vertex   -5.992266e+01 5.045344e+01 1.557159e+02
      vertex   -5.928275e+01 5.138759e+01 1.557159e+02
    endloop
  endfacet
  facet normal -2.946797e-01 2.446989e-01 9.237350e-01
    outer loop
      vertex   -5.947522e+01 5.153293e+01 1.556160e+02
      vertex   -5.928275e+01 5.138759e+01 1.557159e+02
      vertex   -5.873761e+01 5.242120e+01 1.556160e+02
    endloop
  endfacet
  facet normal -2.946797e-01 2.446989e-01 9.237350e-01
    outer loop
      vertex   -5.873761e+01 5.242120e+01 1.556160e+02
      vertex   -5.928275e+01 5.138759e+01 1.557159e+02
      vertex   -5.855938e+01 5.225871e+01 1.557159e+02
    endloop
  endfacet
  facet normal -2.708447e-01 2.708447e-01 9.237350e-01
    outer loop
      vertex   -5.873761e+01 5.242120e+01 1.556160e+02
      vertex   -5.855938e+01 5.225871e+01 1.557159e+02
      vertex   -5.792120e+01 5.323761e+01 1.556160e+02
    endloop
  endfacet
  facet normal -2.708447e-01 2.708447e-01 9.237350e-01
    outer loop
      vertex   -5.792120e+01 5.323761e+01 1.556160e+02
      vertex   -5.855938e+01 5.225871e+01 1.557159e+02
      vertex   -5.775871e+01 5.305938e+01 1.557159e+02
    endloop
  endfacet
  facet normal -2.446989e-01 2.946797e-01 9.237350e-01
    outer loop
      vertex   -5.792120e+01 5.323761e+01 1.556160e+02
      vertex   -5.775871e+01 5.305938e+01 1.557159e+02
      vertex   -5.703293e+01 5.397522e+01 1.556160e+02
    endloop
  endfacet
  facet normal -2.446989e-01 2.946797e-01 9.237350e-01
    outer loop
      vertex   -5.703293e+01 5.397522e+01 1.556160e+02
      vertex   -5.775871e+01 5.305938e+01 1.557159e+02
      vertex   -5.688759e+01 5.378275e+01 1.557159e+02
    endloop
  endfacet
  facet normal -2.164655e-01 3.160006e-01 9.237350e-01
    outer loop
      vertex   -5.703293e+01 5.397522e+01 1.556160e+02
      vertex   -5.688759e+01 5.378275e+01 1.557159e+02
      vertex   -5.608040e+01 5.462771e+01 1.556160e+02
    endloop
  endfacet
  facet normal -2.164655e-01 3.160006e-01 9.237350e-01
    outer loop
      vertex   -5.608040e+01 5.462771e+01 1.556160e+02
      vertex   -5.688759e+01 5.378275e+01 1.557159e+02
      vertex   -5.595344e+01 5.442266e+01 1.557159e+02
    endloop
  endfacet
  facet normal -1.863852e-01 3.346256e-01 9.237350e-01
    outer loop
      vertex   -5.608040e+01 5.462771e+01 1.556160e+02
      vertex   -5.595344e+01 5.442266e+01 1.557159e+02
      vertex   -5.507173e+01 5.518954e+01 1.556160e+02
    endloop
  endfacet
  facet normal -1.863852e-01 3.346256e-01 9.237350e-01
    outer loop
      vertex   -5.507173e+01 5.518954e+01 1.556160e+02
      vertex   -5.595344e+01 5.442266e+01 1.557159e+02
      vertex   -5.496423e+01 5.497364e+01 1.557159e+02
    endloop
  endfacet
  facet normal -1.547148e-01 3.503956e-01 9.237350e-01
    outer loop
      vertex   -5.507173e+01 5.518954e+01 1.556160e+02
      vertex   -5.496423e+01 5.497364e+01 1.557159e+02
      vertex   -5.401552e+01 5.565590e+01 1.556160e+02
    endloop
  endfacet
  facet normal -1.547148e-01 3.503956e-01 9.237350e-01
    outer loop
      vertex   -5.401552e+01 5.565590e+01 1.556160e+02
      vertex   -5.496423e+01 5.497364e+01 1.557159e+02
      vertex   -5.392840e+01 5.543101e+01 1.557159e+02
    endloop
  endfacet
  facet normal -1.217244e-01 3.631761e-01 9.237350e-01
    outer loop
      vertex   -5.401552e+01 5.565590e+01 1.556160e+02
      vertex   -5.392840e+01 5.543101e+01 1.557159e+02
      vertex   -5.292079e+01 5.602282e+01 1.556160e+02
    endloop
  endfacet
  facet normal -1.217244e-01 3.631761e-01 9.237350e-01
    outer loop
      vertex   -5.292079e+01 5.602282e+01 1.556160e+02
      vertex   -5.392840e+01 5.543101e+01 1.557159e+02
      vertex   -5.285479e+01 5.579085e+01 1.557159e+02
    endloop
  endfacet
  facet normal -8.769545e-02 3.728582e-01 9.237350e-01
    outer loop
      vertex   -5.292079e+01 5.602282e+01 1.556160e+02
      vertex   -5.285479e+01 5.579085e+01 1.557159e+02
      vertex   -5.179687e+01 5.628716e+01 1.556160e+02
    endloop
  endfacet
  facet normal -8.769545e-02 3.728582e-01 9.237350e-01
    outer loop
      vertex   -5.179687e+01 5.628716e+01 1.556160e+02
      vertex   -5.285479e+01 5.579085e+01 1.557159e+02
      vertex   -5.175255e+01 5.605009e+01 1.557159e+02
    endloop
  endfacet
  facet normal -5.291834e-02 3.793591e-01 9.237350e-01
    outer loop
      vertex   -5.179687e+01 5.628716e+01 1.556160e+02
      vertex   -5.175255e+01 5.605009e+01 1.557159e+02
      vertex   -5.065335e+01 5.644668e+01 1.556160e+02
    endloop
  endfacet
  facet normal -5.291834e-02 3.793591e-01 9.237350e-01
    outer loop
      vertex   -5.065335e+01 5.644668e+01 1.556160e+02
      vertex   -5.175255e+01 5.605009e+01 1.557159e+02
      vertex   -5.063110e+01 5.620653e+01 1.557159e+02
    endloop
  endfacet
  facet normal -1.768975e-02 3.826236e-01 9.237350e-01
    outer loop
      vertex   -5.065335e+01 5.644668e+01 1.556160e+02
      vertex   -5.063110e+01 5.620653e+01 1.557159e+02
      vertex   -4.950000e+01 5.650000e+01 1.556160e+02
    endloop
  endfacet
  facet normal -1.768975e-02 3.826236e-01 9.237350e-01
    outer loop
      vertex   -4.950000e+01 5.650000e+01 1.556160e+02
      vertex   -5.063110e+01 5.620653e+01 1.557159e+02
      vertex   -4.950000e+01 5.625882e+01 1.557159e+02
    endloop
  endfacet
  facet normal 1.768975e-02 3.826236e-01 9.237350e-01
    outer loop
      vertex   -4.950000e+01 5.650000e+01 1.556160e+02
      vertex   -4.950000e+01 5.625882e+01 1.557159e+02
      vertex   -4.834665e+01 5.644668e+01 1.556160e+02
    endloop
  endfacet
  facet normal 1.768975e-02 3.826236e-01 9.237350e-01
    outer loop
      vertex   -4.834665e+01 5.644668e+01 1.556160e+02
      vertex   -4.950000e+01 5.625882e+01 1.557159e+02
      vertex   -4.836890e+01 5.620653e+01 1.557159e+02
    endloop
  endfacet
  facet normal 5.291834e-02 3.793591e-01 9.237350e-01
    outer loop
      vertex   -4.834665e+01 5.644668e+01 1.556160e+02
      vertex   -4.836890e+01 5.620653e+01 1.557159e+02
      vertex   -4.720313e+01 5.628716e+01 1.556160e+02
    endloop
  endfacet
  facet normal 5.291834e-02 3.793591e-01 9.237350e-01
    outer loop
      vertex   -4.720313e+01 5.628716e+01 1.556160e+02
      vertex   -4.836890e+01 5.620653e+01 1.557159e+02
      vertex   -4.724745e+01 5.605009e+01 1.557159e+02
    endloop
  endfacet
  facet normal 8.769545e-02 3.728582e-01 9.237350e-01
    outer loop
      vertex   -4.720313e+01 5.628716e+01 1.556160e+02
      vertex   -4.724745e+01 5.605009e+01 1.557159e+02
      vertex   -4.607921e+01 5.602282e+01 1.556160e+02
    endloop
  endfacet
  facet normal 8.769545e-02 3.728582e-01 9.237350e-01
    outer loop
      vertex   -4.607921e+01 5.602282e+01 1.556160e+02
      vertex   -4.724745e+01 5.605009e+01 1.557159e+02
      vertex   -4.614521e+01 5.579085e+01 1.557159e+02
    endloop
  endfacet
  facet normal 1.217244e-01 3.631761e-01 9.237350e-01
    outer loop
      vertex   -4.607921e+01 5.602282e+01 1.556160e+02
      vertex   -4.614521e+01 5.579085e+01 1.557159e+02
      vertex   -4.498448e+01 5.565590e+01 1.556160e+02
    endloop
  endfacet
  facet normal 1.217244e-01 3.631761e-01 9.237350e-01
    outer loop
      vertex   -4.498448e+01 5.565590e+01 1.556160e+02
      vertex   -4.614521e+01 5.579085e+01 1.557159e+02
      vertex   -4.507160e+01 5.543101e+01 1.557159e+02
    endloop
  endfacet
  facet normal 1.547148e-01 3.503956e-01 9.237350e-01
    outer loop
      vertex   -4.498448e+01 5.565590e+01 1.556160e+02
      vertex   -4.507160e+01 5.543101e+01 1.557159e+02
      vertex   -4.392827e+01 5.518954e+01 1.556160e+02
    endloop
  endfacet
  facet normal 1.547148e-01 3.503956e-01 9.237350e-01
    outer loop
      vertex   -4.392827e+01 5.518954e+01 1.556160e+02
      vertex   -4.507160e+01 5.543101e+01 1.557159e+02
      vertex   -4.403577e+01 5.497364e+01 1.557159e+02
    endloop
  endfacet
  facet normal 1.863852e-01 3.346256e-01 9.237350e-01
    outer loop
      vertex   -4.392827e+01 5.518954e+01 1.556160e+02
      vertex   -4.403577e+01 5.497364e+01 1.557159e+02
      vertex   -4.291960e+01 5.462771e+01 1.556160e+02
    endloop
  endfacet
  facet normal 1.863852e-01 3.346256e-01 9.237350e-01
    outer loop
      vertex   -4.291960e+01 5.462771e+01 1.556160e+02
      vertex   -4.403577e+01 5.497364e+01 1.557159e+02
      vertex   -4.304656e+01 5.442266e+01 1.557159e+02
    endloop
  endfacet
  facet normal 2.164655e-01 3.160006e-01 9.237350e-01
    outer loop
      vertex   -4.291960e+01 5.462771e+01 1.556160e+02
      vertex   -4.304656e+01 5.442266e+01 1.557159e+02
      vertex   -4.196707e+01 5.397522e+01 1.556160e+02
    endloop
  endfacet
  facet normal 2.164655e-01 3.160006e-01 9.237350e-01
    outer loop
      vertex   -4.196707e+01 5.397522e+01 1.556160e+02
      vertex   -4.304656e+01 5.442266e+01 1.557159e+02
      vertex   -4.211241e+01 5.378275e+01 1.557159e+02
    endloop
  endfacet
  facet normal 2.446989e-01 2.946797e-01 9.237350e-01
    outer loop
      vertex   -4.196707e+01 5.397522e+01 1.556160e+02
      vertex   -4.211241e+01 5.378275e+01 1.557159e+02
      vertex   -4.107880e+01 5.323761e+01 1.556160e+02
    endloop
  endfacet
  facet normal 2.446989e-01 2.946797e-01 9.237350e-01
    outer loop
      vertex   -4.107880e+01 5.323761e+01 1.556160e+02
      vertex   -4.211241e+01 5.378275e+01 1.557159e+02
      vertex   -4.124129e+01 5.305938e+01 1.557159e+02
    endloop
  endfacet
  facet normal 2.708447e-01 2.708447e-01 9.237350e-01
    outer loop
      vertex   -4.107880e+01 5.323761e+01 1.556160e+02
      vertex   -4.124129e+01 5.305938e+01 1.557159e+02
      vertex   -4.026239e+01 5.242120e+01 1.556160e+02
    endloop
  endfacet
  facet normal 2.708447e-01 2.708447e-01 9.237350e-01
    outer loop
      vertex   -4.026239e+01 5.242120e+01 1.556160e+02
      vertex   -4.124129e+01 5.305938e+01 1.557159e+02
      vertex   -4.044062e+01 5.225871e+01 1.557159e+02
    endloop
  endfacet
  facet normal 2.946797e-01 2.446989e-01 9.237350e-01
    outer loop
      vertex   -4.026239e+01 5.242120e+01 1.556160e+02
      vertex   -4.044062e+01 5.225871e+01 1.557159e+02
      vertex   -3.952478e+01 5.153293e+01 1.556160e+02
    endloop
  endfacet
  facet normal 2.946797e-01 2.446989e-01 9.237350e-01
    outer loop
      vertex   -3.952478e+01 5.153293e+01 1.556160e+02
      vertex   -4.044062e+01 5.225871e+01 1.557159e+02
      vertex   -3.971725e+01 5.138759e+01 1.557159e+02
    endloop
  endfacet
  facet normal 3.160006e-01 2.164655e-01 9.237350e-01
    outer loop
      vertex   -3.952478e+01 5.153293e+01 1.556160e+02
      vertex   -3.971725e+01 5.138759e+01 1.557159e+02
      vertex   -3.887229e+01 5.058040e+01 1.556160e+02
    endloop
  endfacet
  facet normal 3.160006e-01 2.164655e-01 9.237350e-01
    outer loop
      vertex   -3.887229e+01 5.058040e+01 1.556160e+02
      vertex   -3.971725e+01 5.138759e+01 1.557159e+02
      vertex   -3.907734e+01 5.045344e+01 1.557159e+02
    endloop
  endfacet
  facet normal 3.346256e-01 1.863852e-01 9.237350e-01
    outer loop
      vertex   -3.887229e+01 5.058040e+01 1.556160e+02
      vertex   -3.907734e+01 5.045344e+01 1.557159e+02
      vertex   -3.831046e+01 4.957173e+01 1.556160e+02
    endloop
  endfacet
  facet normal 3.346256e-01 1.863852e-01 9.237350e-01
    outer loop
      vertex   -3.831046e+01 4.957173e+01 1.556160e+02
      vertex   -3.907734e+01 5.045344e+01 1.557159e+02
      vertex   -3.852636e+01 4.946423e+01 1.557159e+02
    endloop
  endfacet
  facet normal 3.503956e-01 1.547148e-01 9.237350e-01
    outer loop
      vertex   -3.831046e+01 4.957173e+01 1.556160e+02
      vertex   -3.852636e+01 4.946423e+01 1.557159e+02
      vertex   -3.784410e+01 4.851552e+01 1.556160e+02
    endloop
  endfacet
  facet normal 3.503956e-01 1.547148e-01 9.237350e-01
    outer loop
      vertex   -3.784410e+01 4.851552e+01 1.556160e+02
      vertex   -3.852636e+01 4.946423e+01 1.557159e+02
      vertex   -3.806899e+01 4.842840e+01 1.557159e+02
    endloop
  endfacet
  facet normal 3.631761e-01 1.217244e-01 9.237350e-01
    outer loop
      vertex   -3.784410e+01 4.851552e+01 1.556160e+02
      vertex   -3.806899e+01 4.842840e+01 1.557159e+02
      vertex   -3.747718e+01 4.742079e+01 1.556160e+02
    endloop
  endfacet
  facet normal 3.631761e-01 1.217244e-01 9.237350e-01
    outer loop
      vertex   -3.747718e+01 4.742079e+01 1.556160e+02
      vertex   -3.806899e+01 4.842840e+01 1.557159e+02
      vertex   -3.770915e+01 4.735479e+01 1.557159e+02
    endloop
  endfacet
  facet normal 3.728582e-01 8.769545e-02 9.237350e-01
    outer loop
      vertex   -3.747718e+01 4.742079e+01 1.556160e+02
      vertex   -3.770915e+01 4.735479e+01 1.557159e+02
      vertex   -3.721284e+01 4.629687e+01 1.556160e+02
    endloop
  endfacet
  facet normal 3.728582e-01 8.769545e-02 9.237350e-01
    outer loop
      vertex   -3.721284e+01 4.629687e+01 1.556160e+02
      vertex   -3.770915e+01 4.735479e+01 1.557159e+02
      vertex   -3.744991e+01 4.625255e+01 1.557159e+02
    endloop
  endfacet
  facet normal 3.793591e-01 5.291834e-02 9.237350e-01
    outer loop
      vertex   -3.721284e+01 4.629687e+01 1.556160e+02
      vertex   -3.744991e+01 4.625255e+01 1.557159e+02
      vertex   -3.705332e+01 4.515335e+01 1.556160e+02
    endloop
  endfacet
  facet normal 3.793591e-01 5.291834e-02 9.237350e-01
    outer loop
      vertex   -3.705332e+01 4.515335e+01 1.556160e+02
      vertex   -3.744991e+01 4.625255e+01 1.557159e+02
      vertex   -3.729347e+01 4.513110e+01 1.557159e+02
    endloop
  endfacet
  facet normal 3.826236e-01 1.768975e-02 9.237350e-01
    outer loop
      vertex   -3.705332e+01 4.515335e+01 1.556160e+02
      vertex   -3.729347e+01 4.513110e+01 1.557159e+02
      vertex   -3.700000e+01 4.400000e+01 1.556160e+02
    endloop
  endfacet
  facet normal 3.826236e-01 1.768975e-02 9.237350e-01
    outer loop
      vertex   -3.700000e+01 4.400000e+01 1.556160e+02
      vertex   -3.729347e+01 4.513110e+01 1.557159e+02
      vertex   -3.724118e+01 4.400000e+01 1.557159e+02
    endloop
  endfacet
  facet normal 3.826236e-01 -1.768975e-02 9.237350e-01
    outer loop
      vertex   -3.700000e+01 4.400000e+01 1.556160e+02
      vertex   -3.724118e+01 4.400000e+01 1.557159e+02
      vertex   -3.705332e+01 4.284665e+01 1.556160e+02
    endloop
  endfacet
  facet normal 3.826236e-01 -1.768975e-02 9.237350e-01
    outer loop
      vertex   -3.705332e+01 4.284665e+01 1.556160e+02
      vertex   -3.724118e+01 4.400000e+01 1.557159e+02
      vertex   -3.729347e+01 4.286890e+01 1.557159e+02
    endloop
  endfacet
  facet normal 3.793591e-01 -5.291834e-02 9.237350e-01
    outer loop
      vertex   -3.705332e+01 4.284665e+01 1.556160e+02
      vertex   -3.729347e+01 4.286890e+01 1.557159e+02
      vertex   -3.721284e+01 4.170313e+01 1.556160e+02
    endloop
  endfacet
  facet normal 3.793591e-01 -5.291834e-02 9.237350e-01
    outer loop
      vertex   -3.721284e+01 4.170313e+01 1.556160e+02
      vertex   -3.729347e+01 4.286890e+01 1.557159e+02
      vertex   -3.744991e+01 4.174745e+01 1.557159e+02
    endloop
  endfacet
  facet normal 3.728582e-01 -8.769545e-02 9.237350e-01
    outer loop
      vertex   -3.721284e+01 4.170313e+01 1.556160e+02
      vertex   -3.744991e+01 4.174745e+01 1.557159e+02
      vertex   -3.747718e+01 4.057921e+01 1.556160e+02
    endloop
  endfacet
  facet normal 3.728582e-01 -8.769545e-02 9.237350e-01
    outer loop
      vertex   -3.747718e+01 4.057921e+01 1.556160e+02
      vertex   -3.744991e+01 4.174745e+01 1.557159e+02
      vertex   -3.770915e+01 4.064522e+01 1.557159e+02
    endloop
  endfacet
  facet normal 3.631761e-01 -1.217244e-01 9.237350e-01
    outer loop
      vertex   -3.747718e+01 4.057921e+01 1.556160e+02
      vertex   -3.770915e+01 4.064522e+01 1.557159e+02
      vertex   -3.784410e+01 3.948448e+01 1.556160e+02
    endloop
  endfacet
  facet normal 3.631761e-01 -1.217244e-01 9.237350e-01
    outer loop
      vertex   -3.784410e+01 3.948448e+01 1.556160e+02
      vertex   -3.770915e+01 4.064522e+01 1.557159e+02
      vertex   -3.806899e+01 3.957160e+01 1.557159e+02
    endloop
  endfacet
  facet normal 3.503956e-01 -1.547148e-01 9.237350e-01
    outer loop
      vertex   -3.784410e+01 3.948448e+01 1.556160e+02
      vertex   -3.806899e+01 3.957160e+01 1.557159e+02
      vertex   -3.831046e+01 3.842827e+01 1.556160e+02
    endloop
  endfacet
  facet normal 3.503956e-01 -1.547148e-01 9.237350e-01
    outer loop
      vertex   -3.831046e+01 3.842827e+01 1.556160e+02
      vertex   -3.806899e+01 3.957160e+01 1.557159e+02
      vertex   -3.852636e+01 3.853577e+01 1.557159e+02
    endloop
  endfacet
  facet normal 3.346256e-01 -1.863852e-01 9.237350e-01
    outer loop
      vertex   -3.831046e+01 3.842827e+01 1.556160e+02
      vertex   -3.852636e+01 3.853577e+01 1.557159e+02
      vertex   -3.887229e+01 3.741960e+01 1.556160e+02
    endloop
  endfacet
  facet normal 3.346256e-01 -1.863852e-01 9.237350e-01
    outer loop
      vertex   -3.887229e+01 3.741960e+01 1.556160e+02
      vertex   -3.852636e+01 3.853577e+01 1.557159e+02
      vertex   -3.907734e+01 3.754656e+01 1.557159e+02
    endloop
  endfacet
  facet normal 3.160006e-01 -2.164655e-01 9.237350e-01
    outer loop
      vertex   -3.887229e+01 3.741960e+01 1.556160e+02
      vertex   -3.907734e+01 3.754656e+01 1.557159e+02
      vertex   -3.952478e+01 3.646707e+01 1.556160e+02
    endloop
  endfacet
  facet normal 3.160006e-01 -2.164655e-01 9.237350e-01
    outer loop
      vertex   -3.952478e+01 3.646707e+01 1.556160e+02
      vertex   -3.907734e+01 3.754656e+01 1.557159e+02
      vertex   -3.971725e+01 3.661241e+01 1.557159e+02
    endloop
  endfacet
  facet normal 2.946797e-01 -2.446989e-01 9.237350e-01
    outer loop
      vertex   -3.952478e+01 3.646707e+01 1.556160e+02
      vertex   -3.971725e+01 3.661241e+01 1.557159e+02
      vertex   -4.026239e+01 3.557880e+01 1.556160e+02
    endloop
  endfacet
  facet normal 2.946797e-01 -2.446989e-01 9.237350e-01
    outer loop
      vertex   -4.026239e+01 3.557880e+01 1.556160e+02
      vertex   -3.971725e+01 3.661241e+01 1.557159e+02
      vertex   -4.044062e+01 3.574129e+01 1.557159e+02
    endloop
  endfacet
  facet normal 2.708447e-01 -2.708447e-01 9.237350e-01
    outer loop
      vertex   -4.026239e+01 3.557880e+01 1.556160e+02
      vertex   -4.044062e+01 3.574129e+01 1.557159e+02
      vertex   -4.107880e+01 3.476239e+01 1.556160e+02
    endloop
  endfacet
  facet normal 2.708447e-01 -2.708447e-01 9.237350e-01
    outer loop
      vertex   -4.107880e+01 3.476239e+01 1.556160e+02
      vertex   -4.044062e+01 3.574129e+01 1.557159e+02
      vertex   -4.124129e+01 3.494062e+01 1.557159e+02
    endloop
  endfacet
  facet normal 2.446989e-01 -2.946797e-01 9.237350e-01
    outer loop
      vertex   -4.107880e+01 3.476239e+01 1.556160e+02
      vertex   -4.124129e+01 3.494062e+01 1.557159e+02
      vertex   -4.196707e+01 3.402478e+01 1.556160e+02
    endloop
  endfacet
  facet normal 2.446989e-01 -2.946797e-01 9.237350e-01
    outer loop
      vertex   -4.196707e+01 3.402478e+01 1.556160e+02
      vertex   -4.124129e+01 3.494062e+01 1.557159e+02
      vertex   -4.211241e+01 3.421725e+01 1.557159e+02
    endloop
  endfacet
  facet normal 2.164655e-01 -3.160006e-01 9.237350e-01
    outer loop
      vertex   -4.196707e+01 3.402478e+01 1.556160e+02
      vertex   -4.211241e+01 3.421725e+01 1.557159e+02
      vertex   -4.291960e+01 3.337229e+01 1.556160e+02
    endloop
  endfacet
  facet normal 2.164655e-01 -3.160006e-01 9.237350e-01
    outer loop
      vertex   -4.291960e+01 3.337229e+01 1.556160e+02
      vertex   -4.211241e+01 3.421725e+01 1.557159e+02
      vertex   -4.304656e+01 3.357734e+01 1.557159e+02
    endloop
  endfacet
  facet normal 1.863852e-01 -3.346256e-01 9.237350e-01
    outer loop
      vertex   -4.291960e+01 3.337229e+01 1.556160e+02
      vertex   -4.304656e+01 3.357734e+01 1.557159e+02
      vertex   -4.392827e+01 3.281046e+01 1.556160e+02
    endloop
  endfacet
  facet normal 1.863852e-01 -3.346256e-01 9.237350e-01
    outer loop
      vertex   -4.392827e+01 3.281046e+01 1.556160e+02
      vertex   -4.304656e+01 3.357734e+01 1.557159e+02
      vertex   -4.403577e+01 3.302636e+01 1.557159e+02
    endloop
  endfacet
  facet normal 1.547148e-01 -3.503956e-01 9.237350e-01
    outer loop
      vertex   -4.392827e+01 3.281046e+01 1.556160e+02
      vertex   -4.403577e+01 3.302636e+01 1.557159e+02
      vertex   -4.498448e+01 3.234410e+01 1.556160e+02
    endloop
  endfacet
  facet normal 1.547148e-01 -3.503956e-01 9.237350e-01
    outer loop
      vertex   -4.498448e+01 3.234410e+01 1.556160e+02
      vertex   -4.403577e+01 3.302636e+01 1.557159e+02
      vertex   -4.507160e+01 3.256899e+01 1.557159e+02
    endloop
  endfacet
  facet normal 1.217244e-01 -3.631761e-01 9.237350e-01
    outer loop
      vertex   -4.498448e+01 3.234410e+01 1.556160e+02
      vertex   -4.507160e+01 3.256899e+01 1.557159e+02
      vertex   -4.607921e+01 3.197718e+01 1.556160e+02
    endloop
  endfacet
  facet normal 1.217244e-01 -3.631761e-01 9.237350e-01
    outer loop
      vertex   -4.607921e+01 3.197718e+01 1.556160e+02
      vertex   -4.507160e+01 3.256899e+01 1.557159e+02
      vertex   -4.614521e+01 3.220915e+01 1.557159e+02
    endloop
  endfacet
  facet normal 8.769545e-02 -3.728582e-01 9.237350e-01
    outer loop
      vertex   -4.607921e+01 3.197718e+01 1.556160e+02
      vertex   -4.614521e+01 3.220915e+01 1.557159e+02
      vertex   -4.720313e+01 3.171284e+01 1.556160e+02
    endloop
  endfacet
  facet normal 8.769545e-02 -3.728582e-01 9.237350e-01
    outer loop
      vertex   -4.720313e+01 3.171284e+01 1.556160e+02
      vertex   -4.614521e+01 3.220915e+01 1.557159e+02
      vertex   -4.724745e+01 3.194991e+01 1.557159e+02
    endloop
  endfacet
  facet normal 5.291834e-02 -3.793591e-01 9.237350e-01
    outer loop
      vertex   -4.720313e+01 3.171284e+01 1.556160e+02
      vertex   -4.724745e+01 3.194991e+01 1.557159e+02
      vertex   -4.834665e+01 3.155332e+01 1.556160e+02
    endloop
  endfacet
  facet normal 5.291834e-02 -3.793591e-01 9.237350e-01
    outer loop
      vertex   -4.834665e+01 3.155332e+01 1.556160e+02
      vertex   -4.724745e+01 3.194991e+01 1.557159e+02
      vertex   -4.836890e+01 3.179348e+01 1.557159e+02
    endloop
  endfacet
  facet normal 1.768975e-02 -3.826236e-01 9.237350e-01
    outer loop
      vertex   -4.834665e+01 3.155332e+01 1.556160e+02
      vertex   -4.836890e+01 3.179348e+01 1.557159e+02
      vertex   -4.950000e+01 3.150000e+01 1.556160e+02
    endloop
  endfacet
  facet normal 1.768975e-02 -3.826236e-01 9.237350e-01
    outer loop
      vertex   -4.950000e+01 3.150000e+01 1.556160e+02
      vertex   -4.836890e+01 3.179348e+01 1.557159e+02
      vertex   -4.950000e+01 3.174118e+01 1.557159e+02
    endloop
  endfacet
  facet normal -1.768975e-02 -3.826236e-01 9.237350e-01
    outer loop
      vertex   -4.950000e+01 3.150000e+01 1.556160e+02
      vertex   -4.950000e+01 3.174118e+01 1.557159e+02
      vertex   -5.065335e+01 3.155332e+01 1.556160e+02
    endloop
  endfacet
  facet normal -1.768975e-02 -3.826236e-01 9.237350e-01
    outer loop
      vertex   -5.065335e+01 3.155332e+01 1.556160e+02
      vertex   -4.950000e+01 3.174118e+01 1.557159e+02
      vertex   -5.063110e+01 3.179348e+01 1.557159e+02
    endloop
  endfacet
  facet normal -5.291834e-02 -3.793591e-01 9.237350e-01
    outer loop
      vertex   -5.065335e+01 3.155332e+01 1.556160e+02
      vertex   -5.063110e+01 3.179348e+01 1.557159e+02
      vertex   -5.179687e+01 3.171284e+01 1.556160e+02
    endloop
  endfacet
  facet normal -5.291834e-02 -3.793591e-01 9.237350e-01
    outer loop
      vertex   -5.179687e+01 3.171284e+01 1.556160e+02
      vertex   -5.063110e+01 3.179348e+01 1.557159e+02
      vertex   -5.175255e+01 3.194991e+01 1.557159e+02
    endloop
  endfacet
  facet normal -8.769545e-02 -3.728582e-01 9.237350e-01
    outer loop
      vertex   -5.179687e+01 3.171284e+01 1.556160e+02
      vertex   -5.175255e+01 3.194991e+01 1.557159e+02
      vertex   -5.292079e+01 3.197718e+01 1.556160e+02
    endloop
  endfacet
  facet normal -8.769545e-02 -3.728582e-01 9.237350e-01
    outer loop
      vertex   -5.292079e+01 3.197718e+01 1.556160e+02
      vertex   -5.175255e+01 3.194991e+01 1.557159e+02
      vertex   -5.285479e+01 3.220915e+01 1.557159e+02
    endloop
  endfacet
  facet normal -1.217244e-01 -3.631761e-01 9.237350e-01
    outer loop
      vertex   -5.292079e+01 3.197718e+01 1.556160e+02
      vertex   -5.285479e+01 3.220915e+01 1.557159e+02
      vertex   -5.401552e+01 3.234410e+01 1.556160e+02
    endloop
  endfacet
  facet normal -1.217244e-01 -3.631761e-01 9.237350e-01
    outer loop
      vertex   -5.401552e+01 3.234410e+01 1.556160e+02
      vertex   -5.285479e+01 3.220915e+01 1.557159e+02
      vertex   -5.392840e+01 3.256899e+01 1.557159e+02
    endloop
  endfacet
  facet normal -1.547148e-01 -3.503956e-01 9.237350e-01
    outer loop
      vertex   -5.401552e+01 3.234410e+01 1.556160e+02
      vertex   -5.392840e+01 3.256899e+01 1.557159e+02
      vertex   -5.507173e+01 3.281046e+01 1.556160e+02
    endloop
  endfacet
  facet normal -1.547148e-01 -3.503956e-01 9.237350e-01
    outer loop
      vertex   -5.507173e+01 3.281046e+01 1.556160e+02
      vertex   -5.392840e+01 3.256899e+01 1.557159e+02
      vertex   -5.496423e+01 3.302636e+01 1.557159e+02
    endloop
  endfacet
  facet normal -1.863852e-01 -3.346256e-01 9.237350e-01
    outer loop
      vertex   -5.507173e+01 3.281046e+01 1.556160e+02
      vertex   -5.496423e+01 3.302636e+01 1.557159e+02
      vertex   -5.608040e+01 3.337229e+01 1.556160e+02
    endloop
  endfacet
  facet normal -1.863852e-01 -3.346256e-01 9.237350e-01
    outer loop
      vertex   -5.608040e+01 3.337229e+01 1.556160e+02
      vertex   -5.496423e+01 3.302636e+01 1.557159e+02
      vertex   -5.595344e+01 3.357734e+01 1.557159e+02
    endloop
  endfacet
  facet normal -2.164655e-01 -3.160006e-01 9.237350e-01
    outer loop
      vertex   -5.608040e+01 3.337229e+01 1.556160e+02
      vertex   -5.595344e+01 3.357734e+01 1.557159e+02
      vertex   -5.703293e+01 3.402478e+01 1.556160e+02
    endloop
  endfacet
  facet normal -2.164655e-01 -3.160006e-01 9.237350e-01
    outer loop
      vertex   -5.703293e+01 3.402478e+01 1.556160e+02
      vertex   -5.595344e+01 3.357734e+01 1.557159e+02
      vertex   -5.688759e+01 3.421725e+01 1.557159e+02
    endloop
  endfacet
  facet normal -2.446989e-01 -2.946797e-01 9.237350e-01
    outer loop
      vertex   -5.703293e+01 3.402478e+01 1.556160e+02
      vertex   -5.688759e+01 3.421725e+01 1.557159e+02
      vertex   -5.792120e+01 3.476239e+01 1.556160e+02
    endloop
  endfacet
  facet normal -2.446989e-01 -2.946797e-01 9.237350e-01
    outer loop
      vertex   -5.792120e+01 3.476239e+01 1.556160e+02
      vertex   -5.688759e+01 3.421725e+01 1.557159e+02
      vertex   -5.775871e+01 3.494062e+01 1.557159e+02
    endloop
  endfacet
  facet normal -2.708447e-01 -2.708447e-01 9.237350e-01
    outer loop
      vertex   -5.792120e+01 3.476239e+01 1.556160e+02
      vertex   -5.775871e+01 3.494062e+01 1.557159e+02
      vertex   -5.873761e+01 3.557880e+01 1.556160e+02
    endloop
  endfacet
  facet normal -2.708447e-01 -2.708447e-01 9.237350e-01
    outer loop
      vertex   -5.873761e+01 3.557880e+01 1.556160e+02
      vertex   -5.775871e+01 3.494062e+01 1.557159e+02
      vertex   -5.855938e+01 3.574129e+01 1.557159e+02
    endloop
  endfacet
  facet normal -2.946797e-01 -2.446989e-01 9.237350e-01
    outer loop
      vertex   -5.873761e+01 3.557880e+01 1.556160e+02
      vertex   -5.855938e+01 3.574129e+01 1.557159e+02
      vertex   -5.947522e+01 3.646707e+01 1.556160e+02
    endloop
  endfacet
  facet normal -2.946797e-01 -2.446989e-01 9.237350e-01
    outer loop
      vertex   -5.947522e+01 3.646707e+01 1.556160e+02
      vertex   -5.855938e+01 3.574129e+01 1.557159e+02
      vertex   -5.928275e+01 3.661241e+01 1.557159e+02
    endloop
  endfacet
  facet normal -3.160006e-01 -2.164655e-01 9.237350e-01
    outer loop
      vertex   -5.947522e+01 3.646707e+01 1.556160e+02
      vertex   -5.928275e+01 3.661241e+01 1.557159e+02
      vertex   -6.012771e+01 3.741960e+01 1.556160e+02
    endloop
  endfacet
  facet normal -3.160006e-01 -2.164655e-01 9.237350e-01
    outer loop
      vertex   -6.012771e+01 3.741960e+01 1.556160e+02
      vertex   -5.928275e+01 3.661241e+01 1.557159e+02
      vertex   -5.992266e+01 3.754656e+01 1.557159e+02
    endloop
  endfacet
  facet normal -3.346256e-01 -1.863852e-01 9.237350e-01
    outer loop
      vertex   -6.012771e+01 3.741960e+01 1.556160e+02
      vertex   -5.992266e+01 3.754656e+01 1.557159e+02
      vertex   -6.068954e+01 3.842827e+01 1.556160e+02
    endloop
  endfacet
  facet normal -3.346256e-01 -1.863852e-01 9.237350e-01
    outer loop
      vertex   -6.068954e+01 3.842827e+01 1.556160e+02
      vertex   -5.992266e+01 3.754656e+01 1.557159e+02
      vertex   -6.047364e+01 3.853577e+01 1.557159e+02
    endloop
  endfacet
  facet normal -3.503956e-01 -1.547148e-01 9.237350e-01
    outer loop
      vertex   -6.068954e+01 3.842827e+01 1.556160e+02
      vertex   -6.047364e+01 3.853577e+01 1.557159e+02
      vertex   -6.115590e+01 3.948448e+01 1.556160e+02
    endloop
  endfacet
  facet normal -3.503956e-01 -1.547148e-01 9.237350e-01
    outer loop
      vertex   -6.115590e+01 3.948448e+01 1.556160e+02
      vertex   -6.047364e+01 3.853577e+01 1.557159e+02
      vertex   -6.093101e+01 3.957160e+01 1.557159e+02
    endloop
  endfacet
  facet normal -3.631761e-01 -1.217244e-01 9.237350e-01
    outer loop
      vertex   -6.115590e+01 3.948448e+01 1.556160e+02
      vertex   -6.093101e+01 3.957160e+01 1.557159e+02
      vertex   -6.152282e+01 4.057921e+01 1.556160e+02
    endloop
  endfacet
  facet normal -3.631761e-01 -1.217244e-01 9.237350e-01
    outer loop
      vertex   -6.152282e+01 4.057921e+01 1.556160e+02
      vertex   -6.093101e+01 3.957160e+01 1.557159e+02
      vertex   -6.129085e+01 4.064522e+01 1.557159e+02
    endloop
  endfacet
  facet normal -3.728582e-01 -8.769545e-02 9.237350e-01
    outer loop
      vertex   -6.152282e+01 4.057921e+01 1.556160e+02
      vertex   -6.129085e+01 4.064522e+01 1.557159e+02
      vertex   -6.178716e+01 4.170313e+01 1.556160e+02
    endloop
  endfacet
  facet normal -3.728582e-01 -8.769545e-02 9.237350e-01
    outer loop
      vertex   -6.178716e+01 4.170313e+01 1.556160e+02
      vertex   -6.129085e+01 4.064522e+01 1.557159e+02
      vertex   -6.155009e+01 4.174745e+01 1.557159e+02
    endloop
  endfacet
  facet normal -3.793591e-01 -5.291834e-02 9.237350e-01
    outer loop
      vertex   -6.178716e+01 4.170313e+01 1.556160e+02
      vertex   -6.155009e+01 4.174745e+01 1.557159e+02
      vertex   -6.194668e+01 4.284665e+01 1.556160e+02
    endloop
  endfacet
  facet normal -3.793591e-01 -5.291834e-02 9.237350e-01
    outer loop
      vertex   -6.194668e+01 4.284665e+01 1.556160e+02
      vertex   -6.155009e+01 4.174745e+01 1.557159e+02
      vertex   -6.170653e+01 4.286890e+01 1.557159e+02
    endloop
  endfacet
  facet normal -3.826236e-01 -1.768975e-02 9.237350e-01
    outer loop
      vertex   -6.194668e+01 4.284665e+01 1.556160e+02
      vertex   -6.170653e+01 4.286890e+01 1.557159e+02
      vertex   -6.200000e+01 4.400000e+01 1.556160e+02
    endloop
  endfacet
  facet normal -3.826236e-01 -1.768975e-02 9.237350e-01
    outer loop
      vertex   -6.200000e+01 4.400000e+01 1.556160e+02
      vertex   -6.170653e+01 4.286890e+01 1.557159e+02
      vertex   -6.175882e+01 4.400000e+01 1.557159e+02
    endloop
  endfacet
  facet normal 0.000000e+00 0.000000e+00 1.000000e+00
    outer loop
      vertex   -4.235729e+01 5.364271e+01 1.557500e+02
      vertex   -4.752010e+01 5.002010e+01 1.557500e+02
      vertex   -4.950000e+01 4.650000e+01 1.557500e+02
    endloop
  endfacet
  facet normal 0.000000e+00 0.000000e+00 1.000000e+00
    outer loop
      vertex   -4.950000e+01 4.650000e+01 1.557500e+02
      vertex   -4.752010e+01 5.002010e+01 1.557500e+02
      vertex   -4.794440e+01 4.967189e+01 1.557500e+02
    endloop
  endfacet
  facet normal 0.000000e+00 0.000000e+00 1.000000e+00
    outer loop
      vertex   -4.950000e+01 4.650000e+01 1.557500e+02
      vertex   -4.794440e+01 4.967189e+01 1.557500e+02
      vertex   -4.842849e+01 4.941314e+01 1.557500e+02
    endloop
  endfacet
  facet normal 0.000000e+00 0.000000e+00 1.000000e+00
    outer loop
      vertex   -4.326392e+01 5.425238e+01 1.557500e+02
      vertex   -4.675380e+01 5.254625e+01 1.557500e+02
      vertex   -4.235729e+01 5.364271e+01 1.557500e+02
    endloop
  endfacet
  facet normal 0.000000e+00 0.000000e+00 1.000000e+00
    outer loop
      vertex   -4.235729e+01 5.364271e+01 1.557500e+02
      vertex   -4.675380e+01 5.254625e+01 1.557500e+02
      vertex   -4.670000e+01 5.200000e+01 1.557500e+02
    endloop
  endfacet
  facet normal 0.000000e+00 0.000000e+00 1.000000e+00
    outer loop
      vertex   -4.235729e+01 5.364271e+01 1.557500e+02
      vertex   -4.670000e+01 5.200000e+01 1.557500e+02
      vertex   -4.675380e+01 5.145375e+01 1.557500e+02
    endloop
  endfacet
  facet normal 0.000000e+00 -0.000000e+00 1.000000e+00
    outer loop
      vertex   -4.675380e+01 5.254625e+01 1.557500e+02
      vertex   -4.326392e+01 5.425238e+01 1.557500e+02
      vertex   -4.691314e+01 5.307151e+01 1.557500e+02
    endloop
  endfacet
  facet normal 0.000000e+00 0.000000e+00 1.000000e+00
    outer loop
      vertex   -4.691314e+01 5.307151e+01 1.557500e+02
      vertex   -4.326392e+01 5.425238e+01 1.557500e+02
      vertex   -4.422225e+01 5.477707e+01 1.557500e+02
    endloop
  endfacet
  facet normal 0.000000e+00 -0.000000e+00 1.000000e+00
    outer loop
      vertex   -4.691314e+01 5.307151e+01 1.557500e+02
      vertex   -4.422225e+01 5.477707e+01 1.557500e+02
      vertex   -4.717189e+01 5.355560e+01 1.557500e+02
    endloop
  endfacet
  facet normal 0.000000e+00 0.000000e+00 1.000000e+00
    outer loop
      vertex   -4.717189e+01 5.355560e+01 1.557500e+02
      vertex   -4.422225e+01 5.477707e+01 1.557500e+02
      vertex   -4.522432e+01 5.521243e+01 1.557500e+02
    endloop
  endfacet
  facet normal 0.000000e+00 -0.000000e+00 1.000000e+00
    outer loop
      vertex   -4.717189e+01 5.355560e+01 1.557500e+02
      vertex   -4.522432e+01 5.521243e+01 1.557500e+02
      vertex   -4.752010e+01 5.397990e+01 1.557500e+02
    endloop
  endfacet
  facet normal 0.000000e+00 0.000000e+00 1.000000e+00
    outer loop
      vertex   -4.752010e+01 5.397990e+01 1.557500e+02
      vertex   -4.522432e+01 5.521243e+01 1.557500e+02
      vertex   -4.626184e+01 5.555484e+01 1.557500e+02
    endloop
  endfacet
  facet normal 0.000000e+00 -0.000000e+00 1.000000e+00
    outer loop
      vertex   -4.752010e+01 5.397990e+01 1.557500e+02
      vertex   -4.626184e+01 5.555484e+01 1.557500e+02
      vertex   -4.794440e+01 5.432812e+01 1.557500e+02
    endloop
  endfacet
  facet normal 0.000000e+00 0.000000e+00 1.000000e+00
    outer loop
      vertex   -4.794440e+01 5.432812e+01 1.557500e+02
      vertex   -4.626184e+01 5.555484e+01 1.557500e+02
      vertex   -4.732620e+01 5.580147e+01 1.557500e+02
    endloop
  endfacet
  facet normal 0.000000e+00 -0.000000e+00 1.000000e+00
    outer loop
      vertex   -4.794440e+01 5.432812e+01 1.557500e+02
      vertex   -4.732620e+01 5.580147e+01 1.557500e+02
      vertex   -4.842849e+01 5.458686e+01 1.557500e+02
    endloop
  endfacet
  facet normal 0.000000e+00 0.000000e+00 1.000000e+00
    outer loop
      vertex   -4.842849e+01 5.458686e+01 1.557500e+02
      vertex   -4.732620e+01 5.580147e+01 1.557500e+02
      vertex   -4.840857e+01 5.595026e+01 1.557500e+02
    endloop
  endfacet
  facet normal 0.000000e+00 -0.000000e+00 1.000000e+00
    outer loop
      vertex   -4.842849e+01 5.458686e+01 1.557500e+02
      vertex   -4.840857e+01 5.595026e+01 1.557500e+02
      vertex   -4.895375e+01 5.474620e+01 1.557500e+02
    endloop
  endfacet
  facet normal 0.000000e+00 -0.000000e+00 1.000000e+00
    outer loop
      vertex   -4.895375e+01 5.474620e+01 1.557500e+02
      vertex   -4.840857e+01 5.595026e+01 1.557500e+02
      vertex   -4.950000e+01 5.600000e+01 1.557500e+02
    endloop
  endfacet
  facet normal 0.000000e+00 0.000000e+00 1.000000e+00
    outer loop
      vertex   -4.895375e+01 5.474620e+01 1.557500e+02
      vertex   -4.950000e+01 5.600000e+01 1.557500e+02
      vertex   -4.950000e+01 5.480000e+01 1.557500e+02
    endloop
  endfacet
  facet normal 0.000000e+00 -0.000000e+00 1.000000e+00
    outer loop
      vertex   -4.950000e+01 5.480000e+01 1.557500e+02
      vertex   -4.950000e+01 5.600000e+01 1.557500e+02
      vertex   -5.004625e+01 5.474620e+01 1.557500e+02
    endloop
  endfacet
  facet normal 0.000000e+00 -0.000000e+00 1.000000e+00
    outer loop
      vertex   -5.004625e+01 5.474620e+01 1.557500e+02
      vertex   -4.950000e+01 5.600000e+01 1.557500e+02
      vertex   -5.059143e+01 5.595026e+01 1.557500e+02
    endloop
  endfacet
  facet normal 0.000000e+00 0.000000e+00 1.000000e+00
    outer loop
      vertex   -5.004625e+01 5.474620e+01 1.557500e+02
      vertex   -5.059143e+01 5.595026e+01 1.557500e+02
      vertex   -5.057151e+01 5.458686e+01 1.557500e+02
    endloop
  endfacet
  facet normal 0.000000e+00 0.000000e+00 1.000000e+00
    outer loop
      vertex   -5.057151e+01 5.458686e+01 1.557500e+02
      vertex   -5.059143e+01 5.595026e+01 1.557500e+02
      vertex   -5.167380e+01 5.580147e+01 1.557500e+02
    endloop
  endfacet
  facet normal 0.000000e+00 0.000000e+00 1.000000e+00
    outer loop
      vertex   -5.057151e+01 5.458686e+01 1.557500e+02
      vertex   -5.167380e+01 5.580147e+01 1.557500e+02
      vertex   -5.105560e+01 5.432812e+01 1.557500e+02
    endloop
  endfacet
  facet normal 0.000000e+00 0.000000e+00 1.000000e+00
    outer loop
      vertex   -5.105560e+01 5.432812e+01 1.557500e+02
      vertex   -5.167380e+01 5.580147e+01 1.557500e+02
      vertex   -5.273816e+01 5.555484e+01 1.557500e+02
    endloop
  endfacet
  facet normal 0.000000e+00 0.000000e+00 1.000000e+00
    outer loop
      vertex   -5.105560e+01 5.432812e+01 1.557500e+02
      vertex   -5.273816e+01 5.555484e+01 1.557500e+02
      vertex   -5.147990e+01 5.397990e+01 1.557500e+02
    endloop
  endfacet
  facet normal 0.000000e+00 0.000000e+00 1.000000e+00
    outer loop
      vertex   -5.147990e+01 5.397990e+01 1.557500e+02
      vertex   -5.273816e+01 5.555484e+01 1.557500e+02
      vertex   -5.377568e+01 5.521243e+01 1.557500e+02
    endloop
  endfacet
  facet normal 0.000000e+00 0.000000e+00 1.000000e+00
    outer loop
      vertex   -5.147990e+01 5.397990e+01 1.557500e+02
      vertex   -5.377568e+01 5.521243e+01 1.557500e+02
      vertex   -5.182811e+01 5.355560e+01 1.557500e+02
    endloop
  endfacet
  facet normal 0.000000e+00 0.000000e+00 1.000000e+00
    outer loop
      vertex   -5.182811e+01 5.355560e+01 1.557500e+02
      vertex   -5.377568e+01 5.521243e+01 1.557500e+02
      vertex   -5.477775e+01 5.477707e+01 1.557500e+02
    endloop
  endfacet
  facet normal 0.000000e+00 0.000000e+00 1.000000e+00
    outer loop
      vertex   -5.182811e+01 5.355560e+01 1.557500e+02
      vertex   -5.477775e+01 5.477707e+01 1.557500e+02
      vertex   -5.208686e+01 5.307151e+01 1.557500e+02
    endloop
  endfacet
  facet normal 0.000000e+00 0.000000e+00 1.000000e+00
    outer loop
      vertex   -5.208686e+01 5.307151e+01 1.557500e+02
      vertex   -5.477775e+01 5.477707e+01 1.557500e+02
      vertex   -5.573608e+01 5.425238e+01 1.557500e+02
    endloop
  endfacet
  facet normal 0.000000e+00 0.000000e+00 1.000000e+00
    outer loop
      vertex   -5.208686e+01 5.307151e+01 1.557500e+02
      vertex   -5.573608e+01 5.425238e+01 1.557500e+02
      vertex   -5.224620e+01 5.254625e+01 1.557500e+02
    endloop
  endfacet
  facet normal 0.000000e+00 0.000000e+00 1.000000e+00
    outer loop
      vertex   -5.224620e+01 5.254625e+01 1.557500e+02
      vertex   -5.573608e+01 5.425238e+01 1.557500e+02
      vertex   -5.664271e+01 5.364271e+01 1.557500e+02
    endloop
  endfacet
  facet normal 0.000000e+00 0.000000e+00 1.000000e+00
    outer loop
      vertex   -5.224620e+01 5.254625e+01 1.557500e+02
      vertex   -5.664271e+01 5.364271e+01 1.557500e+02
      vertex   -5.230000e+01 5.200000e+01 1.557500e+02
    endloop
  endfacet
  facet normal 0.000000e+00 0.000000e+00 1.000000e+00
    outer loop
      vertex   -5.230000e+01 5.200000e+01 1.557500e+02
      vertex   -5.664271e+01 5.364271e+01 1.557500e+02
      vertex   -5.224620e+01 5.145375e+01 1.557500e+02
    endloop
  endfacet
  facet normal 0.000000e+00 0.000000e+00 1.000000e+00
    outer loop
      vertex   -5.224620e+01 5.145375e+01 1.557500e+02
      vertex   -5.664271e+01 5.364271e+01 1.557500e+02
      vertex   -5.208686e+01 5.092849e+01 1.557500e+02
    endloop
  endfacet
  facet normal 0.000000e+00 0.000000e+00 1.000000e+00
    outer loop
      vertex   -5.208686e+01 5.092849e+01 1.557500e+02
      vertex   -5.664271e+01 5.364271e+01 1.557500e+02
      vertex   -5.182811e+01 5.044440e+01 1.557500e+02
    endloop
  endfacet
  facet normal 0.000000e+00 0.000000e+00 1.000000e+00
    outer loop
      vertex   -5.182811e+01 5.044440e+01 1.557500e+02
      vertex   -5.664271e+01 5.364271e+01 1.557500e+02
      vertex   -5.147990e+01 5.002010e+01 1.557500e+02
    endloop
  endfacet
  facet normal 0.000000e+00 0.000000e+00 1.000000e+00
    outer loop
      vertex   -5.147990e+01 5.002010e+01 1.557500e+02
      vertex   -5.664271e+01 5.364271e+01 1.557500e+02
      vertex   -4.950000e+01 4.650000e+01 1.557500e+02
    endloop
  endfacet
  facet normal 0.000000e+00 0.000000e+00 1.000000e+00
    outer loop
      vertex   -5.147990e+01 5.002010e+01 1.557500e+02
      vertex   -4.950000e+01 4.650000e+01 1.557500e+02
      vertex   -5.105560e+01 4.967189e+01 1.557500e+02
    endloop
  endfacet
  facet normal 0.000000e+00 0.000000e+00 1.000000e+00
    outer loop
      vertex   -5.105560e+01 4.967189e+01 1.557500e+02
      vertex   -4.950000e+01 4.650000e+01 1.557500e+02
      vertex   -5.057151e+01 4.941314e+01 1.557500e+02
    endloop
  endfacet
  facet normal 0.000000e+00 0.000000e+00 1.000000e+00
    outer loop
      vertex   -5.057151e+01 4.941314e+01 1.557500e+02
      vertex   -4.950000e+01 4.650000e+01 1.557500e+02
      vertex   -5.004625e+01 4.925380e+01 1.557500e+02
    endloop
  endfacet
  facet normal 0.000000e+00 0.000000e+00 1.000000e+00
    outer loop
      vertex   -5.004625e+01 4.925380e+01 1.557500e+02
      vertex   -4.950000e+01 4.650000e+01 1.557500e+02
      vertex   -4.950000e+01 4.920000e+01 1.557500e+02
    endloop
  endfacet
  facet normal -0.000000e+00 0.000000e+00 1.000000e+00
    outer loop
      vertex   -4.950000e+01 4.920000e+01 1.557500e+02
      vertex   -4.950000e+01 4.650000e+01 1.557500e+02
      vertex   -4.895375e+01 4.925380e+01 1.557500e+02
    endloop
  endfacet
  facet normal -0.000000e+00 0.000000e+00 1.000000e+00
    outer loop
      vertex   -4.895375e+01 4.925380e+01 1.557500e+02
      vertex   -4.950000e+01 4.650000e+01 1.557500e+02
      vertex   -4.842849e+01 4.941314e+01 1.557500e+02
    endloop
  endfacet
  facet normal -0.000000e+00 0.000000e+00 1.000000e+00
    outer loop
      vertex   -4.675380e+01 5.145375e+01 1.557500e+02
      vertex   -4.691314e+01 5.092849e+01 1.557500e+02
      vertex   -4.235729e+01 5.364271e+01 1.557500e+02
    endloop
  endfacet
  facet normal 0.000000e+00 0.000000e+00 1.000000e+00
    outer loop
      vertex   -4.235729e+01 5.364271e+01 1.557500e+02
      vertex   -4.691314e+01 5.092849e+01 1.557500e+02
      vertex   -4.717189e+01 5.044440e+01 1.557500e+02
    endloop
  endfacet
  facet normal 0.000000e+00 0.000000e+00 1.000000e+00
    outer loop
      vertex   -4.235729e+01 5.364271e+01 1.557500e+02
      vertex   -4.717189e+01 5.044440e+01 1.557500e+02
      vertex   -4.752010e+01 5.002010e+01 1.557500e+02
    endloop
  endfacet
  facet normal 9.989330e-01 4.618346e-02 -0.000000e+00
    outer loop
      vertex   -3.650000e+01 4.400000e+01 1.492500e+02
      vertex   -3.655546e+01 4.519949e+01 1.492500e+02
      vertex   -3.650000e+01 4.400000e+01 1.537500e+02
    endloop
  endfacet
  facet normal 9.989330e-01 4.618346e-02 -1.197768e-16
    outer loop
      vertex   -3.650000e+01 4.400000e+01 1.537500e+02
      vertex   -3.655546e+01 4.519949e+01 1.492500e+02
      vertex   -3.655546e+01 4.519949e+01 1.547500e+02
    endloop
  endfacet
  facet normal 9.989330e-01 4.618346e-02 -7.425999e-15
    outer loop
      vertex   -3.650000e+01 4.400000e+01 1.537500e+02
      vertex   -3.655546e+01 4.519949e+01 1.547500e+02
      vertex   -3.650000e+01 4.400000e+01 1.547500e+02
    endloop
  endfacet
  facet normal 9.904104e-01 1.381564e-01 -3.569673e-16
    outer loop
      vertex   -3.655546e+01 4.519949e+01 1.547500e+02
      vertex   -3.655546e+01 4.519949e+01 1.492500e+02
      vertex   -3.672135e+01 4.638874e+01 1.547500e+02
    endloop
  endfacet
  facet normal 9.904104e-01 1.381564e-01 -1.784836e-16
    outer loop
      vertex   -3.672135e+01 4.638874e+01 1.547500e+02
      vertex   -3.655546e+01 4.519949e+01 1.492500e+02
      vertex   -3.672135e+01 4.638874e+01 1.492500e+02
    endloop
  endfacet
  facet normal 9.734381e-01 2.289505e-01 -2.957803e-16
    outer loop
      vertex   -3.672135e+01 4.638874e+01 1.547500e+02
      vertex   -3.672135e+01 4.638874e+01 1.492500e+02
      vertex   -3.699627e+01 4.755762e+01 1.547500e+02
    endloop
  endfacet
  facet normal 9.734381e-01 2.289505e-01 -2.957803e-16
    outer loop
      vertex   -3.699627e+01 4.755762e+01 1.547500e+02
      vertex   -3.672135e+01 4.638874e+01 1.492500e+02
      vertex   -3.699627e+01 4.755762e+01 1.492500e+02
    endloop
  endfacet
  facet normal 9.481606e-01 3.177914e-01 -4.105534e-16
    outer loop
      vertex   -3.699627e+01 4.755762e+01 1.547500e+02
      vertex   -3.699627e+01 4.755762e+01 1.492500e+02
      vertex   -3.737786e+01 4.869614e+01 1.547500e+02
    endloop
  endfacet
  facet normal 9.481606e-01 3.177914e-01 -8.211069e-16
    outer loop
      vertex   -3.737786e+01 4.869614e+01 1.547500e+02
      vertex   -3.699627e+01 4.755762e+01 1.492500e+02
      vertex   -3.737786e+01 4.869614e+01 1.492500e+02
    endloop
  endfacet
  facet normal 9.147939e-01 4.039210e-01 -1.043648e-15
    outer loop
      vertex   -3.737786e+01 4.869614e+01 1.547500e+02
      vertex   -3.737786e+01 4.869614e+01 1.492500e+02
      vertex   -3.786288e+01 4.979460e+01 1.547500e+02
    endloop
  endfacet
  facet normal 9.147939e-01 4.039210e-01 1.181818e-15
    outer loop
      vertex   -3.786288e+01 4.979460e+01 1.547500e+02
      vertex   -3.737786e+01 4.869614e+01 1.492500e+02
      vertex   -3.786288e+01 4.979460e+01 1.492500e+02
    endloop
  endfacet
  facet normal 8.736224e-01 4.866045e-01 1.128629e-15
    outer loop
      vertex   -3.786288e+01 4.979460e+01 1.547500e+02
      vertex   -3.786288e+01 4.979460e+01 1.492500e+02
      vertex   -3.844718e+01 5.084362e+01 1.547500e+02
    endloop
  endfacet
  facet normal 8.736224e-01 4.866045e-01 3.713314e-16
    outer loop
      vertex   -3.844718e+01 5.084362e+01 1.547500e+02
      vertex   -3.786288e+01 4.979460e+01 1.492500e+02
      vertex   -3.844718e+01 5.084362e+01 1.492500e+02
    endloop
  endfacet
  facet normal 8.249975e-01 5.651364e-01 -5.867054e-17
    outer loop
      vertex   -3.844718e+01 5.084362e+01 1.547500e+02
      vertex   -3.844718e+01 5.084362e+01 1.492500e+02
      vertex   -3.912578e+01 5.183425e+01 1.547500e+02
    endloop
  endfacet
  facet normal 8.249975e-01 5.651364e-01 3.357134e-16
    outer loop
      vertex   -3.912578e+01 5.183425e+01 1.547500e+02
      vertex   -3.844718e+01 5.084362e+01 1.492500e+02
      vertex   -3.912578e+01 5.183425e+01 1.492500e+02
    endloop
  endfacet
  facet normal 7.693340e-01 6.388468e-01 1.685758e-16
    outer loop
      vertex   -3.912578e+01 5.183425e+01 1.547500e+02
      vertex   -3.912578e+01 5.183425e+01 1.492500e+02
      vertex   -3.989288e+01 5.275804e+01 1.547500e+02
    endloop
  endfacet
  facet normal 7.693340e-01 6.388468e-01 1.685758e-16
    outer loop
      vertex   -3.989288e+01 5.275804e+01 1.547500e+02
      vertex   -3.912578e+01 5.183425e+01 1.492500e+02
      vertex   -3.989288e+01 5.275804e+01 1.492500e+02
    endloop
  endfacet
  facet normal 7.071068e-01 7.071068e-01 -7.644655e-30
    outer loop
      vertex   -3.989288e+01 5.275804e+01 1.547500e+02
      vertex   -3.989288e+01 5.275804e+01 1.492500e+02
      vertex   -4.074196e+01 5.360712e+01 1.547500e+02
    endloop
  endfacet
  facet normal 7.071068e-01 7.071068e-01 -1.528931e-29
    outer loop
      vertex   -4.074196e+01 5.360712e+01 1.547500e+02
      vertex   -3.989288e+01 5.275804e+01 1.492500e+02
      vertex   -4.074196e+01 5.360712e+01 1.492500e+02
    endloop
  endfacet
  facet normal 6.388468e-01 7.693340e-01 -3.371517e-16
    outer loop
      vertex   -4.074196e+01 5.360712e+01 1.547500e+02
      vertex   -4.074196e+01 5.360712e+01 1.492500e+02
      vertex   -4.166575e+01 5.437422e+01 1.547500e+02
    endloop
  endfacet
  facet normal 6.388468e-01 7.693340e-01 -1.685758e-16
    outer loop
      vertex   -4.166575e+01 5.437422e+01 1.547500e+02
      vertex   -4.074196e+01 5.360712e+01 1.492500e+02
      vertex   -4.166575e+01 5.437422e+01 1.492500e+02
    endloop
  endfacet
  facet normal 5.651364e-01 8.249975e-01 -3.357134e-16
    outer loop
      vertex   -4.166575e+01 5.437422e+01 1.547500e+02
      vertex   -4.166575e+01 5.437422e+01 1.492500e+02
      vertex   -4.265638e+01 5.505282e+01 1.547500e+02
    endloop
  endfacet
  facet normal 5.651364e-01 8.249975e-01 7.300974e-16
    outer loop
      vertex   -4.265638e+01 5.505282e+01 1.547500e+02
      vertex   -4.166575e+01 5.437422e+01 1.492500e+02
      vertex   -4.265638e+01 5.505282e+01 1.492500e+02
    endloop
  endfacet
  facet normal 4.866045e-01 8.736224e-01 6.286423e-16
    outer loop
      vertex   -4.265638e+01 5.505282e+01 1.547500e+02
      vertex   -4.265638e+01 5.505282e+01 1.492500e+02
      vertex   -4.370540e+01 5.563712e+01 1.547500e+02
    endloop
  endfacet
  facet normal 4.866045e-01 8.736224e-01 6.286423e-16
    outer loop
      vertex   -4.370540e+01 5.563712e+01 1.547500e+02
      vertex   -4.265638e+01 5.505282e+01 1.492500e+02
      vertex   -4.370540e+01 5.563712e+01 1.492500e+02
    endloop
  endfacet
  facet normal 4.039210e-01 9.147939e-01 5.218239e-16
    outer loop
      vertex   -4.370540e+01 5.563712e+01 1.547500e+02
      vertex   -4.370540e+01 5.563712e+01 1.492500e+02
      vertex   -4.480386e+01 5.612214e+01 1.547500e+02
    endloop
  endfacet
  facet normal 4.039210e-01 9.147939e-01 1.043648e-15
    outer loop
      vertex   -4.480386e+01 5.612214e+01 1.547500e+02
      vertex   -4.370540e+01 5.563712e+01 1.492500e+02
      vertex   -4.480386e+01 5.612214e+01 1.492500e+02
    endloop
  endfacet
  facet normal 3.177914e-01 9.481606e-01 8.211069e-16
    outer loop
      vertex   -4.480386e+01 5.612214e+01 1.547500e+02
      vertex   -4.480386e+01 5.612214e+01 1.492500e+02
      vertex   -4.594238e+01 5.650373e+01 1.547500e+02
    endloop
  endfacet
  facet normal 3.177914e-01 9.481606e-01 1.231660e-15
    outer loop
      vertex   -4.594238e+01 5.650373e+01 1.547500e+02
      vertex   -4.480386e+01 5.612214e+01 1.492500e+02
      vertex   -4.594238e+01 5.650373e+01 1.492500e+02
    endloop
  endfacet
  facet normal 2.289505e-01 9.734381e-01 8.873408e-16
    outer loop
      vertex   -4.594238e+01 5.650373e+01 1.547500e+02
      vertex   -4.594238e+01 5.650373e+01 1.492500e+02
      vertex   -4.711126e+01 5.677865e+01 1.547500e+02
    endloop
  endfacet
  facet normal 2.289505e-01 9.734381e-01 5.915605e-16
    outer loop
      vertex   -4.711126e+01 5.677865e+01 1.547500e+02
      vertex   -4.594238e+01 5.650373e+01 1.492500e+02
      vertex   -4.711126e+01 5.677865e+01 1.492500e+02
    endloop
  endfacet
  facet normal 1.381564e-01 9.904104e-01 3.569673e-16
    outer loop
      vertex   -4.711126e+01 5.677865e+01 1.547500e+02
      vertex   -4.711126e+01 5.677865e+01 1.492500e+02
      vertex   -4.830051e+01 5.694454e+01 1.547500e+02
    endloop
  endfacet
  facet normal 1.381564e-01 9.904104e-01 1.784836e-16
    outer loop
      vertex   -4.830051e+01 5.694454e+01 1.547500e+02
      vertex   -4.711126e+01 5.677865e+01 1.492500e+02
      vertex   -4.830051e+01 5.694454e+01 1.492500e+02
    endloop
  endfacet
  facet normal 4.618346e-02 9.989330e-01 5.966422e-17
    outer loop
      vertex   -4.830051e+01 5.694454e+01 1.547500e+02
      vertex   -4.830051e+01 5.694454e+01 1.492500e+02
      vertex   -4.950000e+01 5.700000e+01 1.547500e+02
    endloop
  endfacet
  facet normal 4.618346e-02 9.989330e-01 5.966422e-17
    outer loop
      vertex   -4.950000e+01 5.700000e+01 1.547500e+02
      vertex   -4.830051e+01 5.694454e+01 1.492500e+02
      vertex   -4.950000e+01 5.700000e+01 1.492500e+02
    endloop
  endfacet
  facet normal -4.618346e-02 9.989330e-01 -5.966422e-17
    outer loop
      vertex   -4.950000e+01 5.700000e+01 1.547500e+02
      vertex   -4.950000e+01 5.700000e+01 1.492500e+02
      vertex   -5.069949e+01 5.694454e+01 1.547500e+02
    endloop
  endfacet
  facet normal -4.618346e-02 9.989330e-01 -5.966422e-17
    outer loop
      vertex   -5.069949e+01 5.694454e+01 1.547500e+02
      vertex   -4.950000e+01 5.700000e+01 1.492500e+02
      vertex   -5.069949e+01 5.694454e+01 1.492500e+02
    endloop
  endfacet
  facet normal -1.381564e-01 9.904104e-01 -1.784836e-16
    outer loop
      vertex   -5.069949e+01 5.694454e+01 1.547500e+02
      vertex   -5.069949e+01 5.694454e+01 1.492500e+02
      vertex   -5.188874e+01 5.677865e+01 1.547500e+02
    endloop
  endfacet
  facet normal -1.381564e-01 9.904104e-01 -3.569673e-16
    outer loop
      vertex   -5.188874e+01 5.677865e+01 1.547500e+02
      vertex   -5.069949e+01 5.694454e+01 1.492500e+02
      vertex   -5.188874e+01 5.677865e+01 1.492500e+02
    endloop
  endfacet
  facet normal -2.289505e-01 9.734381e-01 -5.915605e-16
    outer loop
      vertex   -5.188874e+01 5.677865e+01 1.547500e+02
      vertex   -5.188874e+01 5.677865e+01 1.492500e+02
      vertex   -5.305762e+01 5.650373e+01 1.547500e+02
    endloop
  endfacet
  facet normal -2.289505e-01 9.734381e-01 -8.873408e-16
    outer loop
      vertex   -5.305762e+01 5.650373e+01 1.547500e+02
      vertex   -5.188874e+01 5.677865e+01 1.492500e+02
      vertex   -5.305762e+01 5.650373e+01 1.492500e+02
    endloop
  endfacet
  facet normal -3.177914e-01 9.481606e-01 -1.231660e-15
    outer loop
      vertex   -5.305762e+01 5.650373e+01 1.547500e+02
      vertex   -5.305762e+01 5.650373e+01 1.492500e+02
      vertex   -5.419614e+01 5.612214e+01 1.547500e+02
    endloop
  endfacet
  facet normal -3.177914e-01 9.481606e-01 -4.105534e-16
    outer loop
      vertex   -5.419614e+01 5.612214e+01 1.547500e+02
      vertex   -5.305762e+01 5.650373e+01 1.492500e+02
      vertex   -5.419614e+01 5.612214e+01 1.492500e+02
    endloop
  endfacet
  facet normal -4.039210e-01 9.147939e-01 -5.218239e-16
    outer loop
      vertex   -5.419614e+01 5.612214e+01 1.547500e+02
      vertex   -5.419614e+01 5.612214e+01 1.492500e+02
      vertex   -5.529460e+01 5.563712e+01 1.547500e+02
    endloop
  endfacet
  facet normal -4.039210e-01 9.147939e-01 -1.043648e-15
    outer loop
      vertex   -5.529460e+01 5.563712e+01 1.547500e+02
      vertex   -5.419614e+01 5.612214e+01 1.492500e+02
      vertex   -5.529460e+01 5.563712e+01 1.492500e+02
    endloop
  endfacet
  facet normal -4.866045e-01 8.736224e-01 -1.257285e-15
    outer loop
      vertex   -5.529460e+01 5.563712e+01 1.547500e+02
      vertex   -5.529460e+01 5.563712e+01 1.492500e+02
      vertex   -5.634362e+01 5.505282e+01 1.547500e+02
    endloop
  endfacet
  facet normal -4.866045e-01 8.736224e-01 2.757245e-15
    outer loop
      vertex   -5.634362e+01 5.505282e+01 1.547500e+02
      vertex   -5.529460e+01 5.563712e+01 1.492500e+02
      vertex   -5.634362e+01 5.505282e+01 1.492500e+02
    endloop
  endfacet
  facet normal -5.651364e-01 8.249975e-01 2.467335e-15
    outer loop
      vertex   -5.634362e+01 5.505282e+01 1.547500e+02
      vertex   -5.634362e+01 5.505282e+01 1.492500e+02
      vertex   -5.733425e+01 5.437422e+01 1.547500e+02
    endloop
  endfacet
  facet normal -5.651364e-01 8.249975e-01 6.714269e-16
    outer loop
      vertex   -5.733425e+01 5.437422e+01 1.547500e+02
      vertex   -5.634362e+01 5.505282e+01 1.492500e+02
      vertex   -5.733425e+01 5.437422e+01 1.492500e+02
    endloop
  endfacet
  facet normal -6.388468e-01 7.693340e-01 3.371517e-16
    outer loop
      vertex   -5.733425e+01 5.437422e+01 1.547500e+02
      vertex   -5.733425e+01 5.437422e+01 1.492500e+02
      vertex   -5.825804e+01 5.360712e+01 1.547500e+02
    endloop
  endfacet
  facet normal -6.388468e-01 7.693340e-01 1.685758e-16
    outer loop
      vertex   -5.825804e+01 5.360712e+01 1.547500e+02
      vertex   -5.733425e+01 5.437422e+01 1.492500e+02
      vertex   -5.825804e+01 5.360712e+01 1.492500e+02
    endloop
  endfacet
  facet normal -7.071068e-01 7.071068e-01 7.644655e-30
    outer loop
      vertex   -5.825804e+01 5.360712e+01 1.547500e+02
      vertex   -5.825804e+01 5.360712e+01 1.492500e+02
      vertex   -5.910712e+01 5.275804e+01 1.547500e+02
    endloop
  endfacet
  facet normal -7.071068e-01 7.071068e-01 -9.135083e-16
    outer loop
      vertex   -5.910712e+01 5.275804e+01 1.547500e+02
      vertex   -5.825804e+01 5.360712e+01 1.492500e+02
      vertex   -5.910712e+01 5.275804e+01 1.492500e+02
    endloop
  endfacet
  facet normal -7.693340e-01 6.388468e-01 -9.938994e-16
    outer loop
      vertex   -5.910712e+01 5.275804e+01 1.547500e+02
      vertex   -5.910712e+01 5.275804e+01 1.492500e+02
      vertex   -5.987422e+01 5.183425e+01 1.547500e+02
    endloop
  endfacet
  facet normal -7.693340e-01 6.388468e-01 -1.685758e-16
    outer loop
      vertex   -5.987422e+01 5.183425e+01 1.547500e+02
      vertex   -5.910712e+01 5.275804e+01 1.492500e+02
      vertex   -5.987422e+01 5.183425e+01 1.492500e+02
    endloop
  endfacet
  facet normal -8.249975e-01 5.651364e-01 -3.357134e-16
    outer loop
      vertex   -5.987422e+01 5.183425e+01 1.547500e+02
      vertex   -5.987422e+01 5.183425e+01 1.492500e+02
      vertex   -6.055282e+01 5.084362e+01 1.547500e+02
    endloop
  endfacet
  facet normal -8.249975e-01 5.651364e-01 -3.357134e-16
    outer loop
      vertex   -6.055282e+01 5.084362e+01 1.547500e+02
      vertex   -5.987422e+01 5.183425e+01 1.492500e+02
      vertex   -6.055282e+01 5.084362e+01 1.492500e+02
    endloop
  endfacet
  facet normal -8.736224e-01 4.866045e-01 -4.999868e-16
    outer loop
      vertex   -6.055282e+01 5.084362e+01 1.547500e+02
      vertex   -6.055282e+01 5.084362e+01 1.492500e+02
      vertex   -6.113712e+01 4.979460e+01 1.547500e+02
    endloop
  endfacet
  facet normal -8.736224e-01 4.866045e-01 1.257285e-15
    outer loop
      vertex   -6.113712e+01 4.979460e+01 1.547500e+02
      vertex   -6.055282e+01 5.084362e+01 1.492500e+02
      vertex   -6.113712e+01 4.979460e+01 1.492500e+02
    endloop
  endfacet
  facet normal -9.147939e-01 4.039210e-01 1.043648e-15
    outer loop
      vertex   -6.113712e+01 4.979460e+01 1.547500e+02
      vertex   -6.113712e+01 4.979460e+01 1.492500e+02
      vertex   -6.162214e+01 4.869614e+01 1.547500e+02
    endloop
  endfacet
  facet normal -9.147939e-01 4.039210e-01 1.043648e-15
    outer loop
      vertex   -6.162214e+01 4.869614e+01 1.547500e+02
      vertex   -6.113712e+01 4.979460e+01 1.492500e+02
      vertex   -6.162214e+01 4.869614e+01 1.492500e+02
    endloop
  endfacet
  facet normal -9.481606e-01 3.177914e-01 8.211069e-16
    outer loop
      vertex   -6.162214e+01 4.869614e+01 1.547500e+02
      vertex   -6.162214e+01 4.869614e+01 1.492500e+02
      vertex   -6.200373e+01 4.755762e+01 1.547500e+02
    endloop
  endfacet
  facet normal -9.481606e-01 3.177914e-01 4.105534e-16
    outer loop
      vertex   -6.200373e+01 4.755762e+01 1.547500e+02
      vertex   -6.162214e+01 4.869614e+01 1.492500e+02
      vertex   -6.200373e+01 4.755762e+01 1.492500e+02
    endloop
  endfacet
  facet normal -9.734381e-01 2.289505e-01 2.957803e-16
    outer loop
      vertex   -6.200373e+01 4.755762e+01 1.547500e+02
      vertex   -6.200373e+01 4.755762e+01 1.492500e+02
      vertex   -6.227865e+01 4.638874e+01 1.547500e+02
    endloop
  endfacet
  facet normal -9.734381e-01 2.289505e-01 2.957803e-16
    outer loop
      vertex   -6.227865e+01 4.638874e+01 1.547500e+02
      vertex   -6.200373e+01 4.755762e+01 1.492500e+02
      vertex   -6.227865e+01 4.638874e+01 1.492500e+02
    endloop
  endfacet
  facet normal -9.904104e-01 1.381564e-01 1.784836e-16
    outer loop
      vertex   -6.227865e+01 4.638874e+01 1.547500e+02
      vertex   -6.227865e+01 4.638874e+01 1.492500e+02
      vertex   -6.244454e+01 4.519949e+01 1.547500e+02
    endloop
  endfacet
  facet normal -9.904104e-01 1.381564e-01 1.784836e-16
    outer loop
      vertex   -6.244454e+01 4.519949e+01 1.547500e+02
      vertex   -6.227865e+01 4.638874e+01 1.492500e+02
      vertex   -6.244454e+01 4.519949e+01 1.492500e+02
    endloop
  endfacet
  facet normal -9.989330e-01 4.618346e-02 5.966422e-17
    outer loop
      vertex   -6.244454e+01 4.519949e+01 1.547500e+02
      vertex   -6.244454e+01 4.519949e+01 1.492500e+02
      vertex   -6.250000e+01 4.400000e+01 1.537500e+02
    endloop
  endfacet
  facet normal -9.989330e-01 4.618346e-02 0.000000e+00
    outer loop
      vertex   -6.250000e+01 4.400000e+01 1.537500e+02
      vertex   -6.244454e+01 4.519949e+01 1.492500e+02
      vertex   -6.250000e+01 4.400000e+01 1.492500e+02
    endloop
  endfacet
  facet normal -9.989330e-01 -4.618346e-02 -6.563064e-16
    outer loop
      vertex   -6.244454e+01 4.280051e+01 1.537500e+02
      vertex   -6.244454e+01 4.280051e+01 1.547500e+02
      vertex   -6.250000e+01 4.400000e+01 1.537500e+02
    endloop
  endfacet
  facet normal -9.989330e-01 -4.618346e-02 6.441539e-15
    outer loop
      vertex   -6.250000e+01 4.400000e+01 1.537500e+02
      vertex   -6.244454e+01 4.280051e+01 1.547500e+02
      vertex   -6.250000e+01 4.400000e+01 1.547500e+02
    endloop
  endfacet
  facet normal -9.989330e-01 4.618346e-02 7.754152e-15
    outer loop
      vertex   -6.250000e+01 4.400000e+01 1.537500e+02
      vertex   -6.250000e+01 4.400000e+01 1.547500e+02
      vertex   -6.244454e+01 4.519949e+01 1.547500e+02
    endloop
  endfacet
  facet normal -9.904104e-01 -1.381564e-01 -1.963320e-15
    outer loop
      vertex   -6.244454e+01 4.280051e+01 1.547500e+02
      vertex   -6.244454e+01 4.280051e+01 1.537500e+02
      vertex   -6.227865e+01 4.161126e+01 1.547500e+02
    endloop
  endfacet
  facet normal -9.904104e-01 -1.381564e-01 5.073969e-15
    outer loop
      vertex   -6.227865e+01 4.161126e+01 1.547500e+02
      vertex   -6.244454e+01 4.280051e+01 1.537500e+02
      vertex   -6.227865e+01 4.161126e+01 1.537500e+02
    endloop
  endfacet
  facet normal -9.734381e-01 -2.289505e-01 3.663110e-15
    outer loop
      vertex   -6.227865e+01 4.161126e+01 1.547500e+02
      vertex   -6.227865e+01 4.161126e+01 1.537500e+02
      vertex   -6.200373e+01 4.044238e+01 1.547500e+02
    endloop
  endfacet
  facet normal -9.734381e-01 -2.289505e-01 -1.626792e-15
    outer loop
      vertex   -6.200373e+01 4.044238e+01 1.547500e+02
      vertex   -6.227865e+01 4.161126e+01 1.537500e+02
      vertex   -6.200373e+01 4.044238e+01 1.537500e+02
    endloop
  endfacet
  facet normal -9.481606e-01 -3.177914e-01 -2.258044e-15
    outer loop
      vertex   -6.200373e+01 4.044238e+01 1.547500e+02
      vertex   -6.200373e+01 4.044238e+01 1.537500e+02
      vertex   -6.162214e+01 3.930386e+01 1.547500e+02
    endloop
  endfacet
  facet normal -9.481606e-01 -3.177914e-01 2.220999e-15
    outer loop
      vertex   -6.162214e+01 3.930386e+01 1.547500e+02
      vertex   -6.200373e+01 4.044238e+01 1.537500e+02
      vertex   -6.162214e+01 3.930386e+01 1.537500e+02
    endloop
  endfacet
  facet normal -9.147939e-01 -4.039210e-01 7.599387e-16
    outer loop
      vertex   -6.162214e+01 3.930386e+01 1.547500e+02
      vertex   -6.162214e+01 3.930386e+01 1.537500e+02
      vertex   -6.113712e+01 3.820540e+01 1.547500e+02
    endloop
  endfacet
  facet normal -9.147939e-01 -4.039210e-01 -5.740063e-15
    outer loop
      vertex   -6.113712e+01 3.820540e+01 1.547500e+02
      vertex   -6.162214e+01 3.930386e+01 1.537500e+02
      vertex   -6.113712e+01 3.820540e+01 1.537500e+02
    endloop
  endfacet
  facet normal -8.736224e-01 -4.866045e-01 -6.915066e-15
    outer loop
      vertex   -6.113712e+01 3.820540e+01 1.547500e+02
      vertex   -6.113712e+01 3.820540e+01 1.537500e+02
      vertex   -6.055282e+01 3.715638e+01 1.547500e+02
    endloop
  endfacet
  facet normal -8.736224e-01 -4.866045e-01 2.749928e-15
    outer loop
      vertex   -6.055282e+01 3.715638e+01 1.547500e+02
      vertex   -6.113712e+01 3.820540e+01 1.537500e+02
      vertex   -6.055282e+01 3.715638e+01 1.537500e+02
    endloop
  endfacet
  facet normal -8.249975e-01 -5.651364e-01 1.846424e-15
    outer loop
      vertex   -6.055282e+01 3.715638e+01 1.547500e+02
      vertex   -6.055282e+01 3.715638e+01 1.537500e+02
      vertex   -5.987422e+01 3.616575e+01 1.547500e+02
    endloop
  endfacet
  facet normal -8.249975e-01 -5.651364e-01 7.708384e-15
    outer loop
      vertex   -5.987422e+01 3.616575e+01 1.547500e+02
      vertex   -6.055282e+01 3.715638e+01 1.537500e+02
      vertex   -5.987422e+01 3.616575e+01 1.537500e+02
    endloop
  endfacet
  facet normal -7.693340e-01 -6.388468e-01 6.393614e-15
    outer loop
      vertex   -5.987422e+01 3.616575e+01 1.547500e+02
      vertex   -5.987422e+01 3.616575e+01 1.537500e+02
      vertex   -5.910712e+01 3.524196e+01 1.547500e+02
    endloop
  endfacet
  facet normal -7.693340e-01 -6.388468e-01 1.186006e-14
    outer loop
      vertex   -5.910712e+01 3.524196e+01 1.547500e+02
      vertex   -5.987422e+01 3.616575e+01 1.537500e+02
      vertex   -5.910712e+01 3.524196e+01 1.537500e+02
    endloop
  endfacet
  facet normal -7.071068e-01 -7.071068e-01 1.004859e-14
    outer loop
      vertex   -5.910712e+01 3.524196e+01 1.547500e+02
      vertex   -5.910712e+01 3.524196e+01 1.537500e+02
      vertex   -5.825804e+01 3.439288e+01 1.547500e+02
    endloop
  endfacet
  facet normal -7.071068e-01 -7.071068e-01 1.507289e-14
    outer loop
      vertex   -5.825804e+01 3.439288e+01 1.547500e+02
      vertex   -5.910712e+01 3.524196e+01 1.537500e+02
      vertex   -5.825804e+01 3.439288e+01 1.537500e+02
    endloop
  endfacet
  facet normal -6.388468e-01 -7.693340e-01 1.361784e-14
    outer loop
      vertex   -5.825804e+01 3.439288e+01 1.547500e+02
      vertex   -5.825804e+01 3.439288e+01 1.537500e+02
      vertex   -5.733425e+01 3.362578e+01 1.547500e+02
    endloop
  endfacet
  facet normal -6.388468e-01 -7.693340e-01 8.151392e-15
    outer loop
      vertex   -5.733425e+01 3.362578e+01 1.547500e+02
      vertex   -5.825804e+01 3.439288e+01 1.537500e+02
      vertex   -5.733425e+01 3.362578e+01 1.537500e+02
    endloop
  endfacet
  facet normal -5.651364e-01 -8.249975e-01 6.184648e-15
    outer loop
      vertex   -5.733425e+01 3.362578e+01 1.547500e+02
      vertex   -5.733425e+01 3.362578e+01 1.537500e+02
      vertex   -5.634362e+01 3.294718e+01 1.547500e+02
    endloop
  endfacet
  facet normal -5.651364e-01 -8.249975e-01 8.031071e-15
    outer loop
      vertex   -5.634362e+01 3.294718e+01 1.547500e+02
      vertex   -5.733425e+01 3.362578e+01 1.537500e+02
      vertex   -5.634362e+01 3.294718e+01 1.537500e+02
    endloop
  endfacet
  facet normal -4.866045e-01 -8.736224e-01 6.915066e-15
    outer loop
      vertex   -5.634362e+01 3.294718e+01 1.547500e+02
      vertex   -5.634362e+01 3.294718e+01 1.537500e+02
      vertex   -5.529460e+01 3.236288e+01 1.547500e+02
    endloop
  endfacet
  facet normal -4.866045e-01 -8.736224e-01 6.915066e-15
    outer loop
      vertex   -5.529460e+01 3.236288e+01 1.547500e+02
      vertex   -5.634362e+01 3.294718e+01 1.537500e+02
      vertex   -5.529460e+01 3.236288e+01 1.537500e+02
    endloop
  endfacet
  facet normal -4.039210e-01 -9.147939e-01 5.740063e-15
    outer loop
      vertex   -5.529460e+01 3.236288e+01 1.547500e+02
      vertex   -5.529460e+01 3.236288e+01 1.537500e+02
      vertex   -5.419614e+01 3.187786e+01 1.547500e+02
    endloop
  endfacet
  facet normal -4.039210e-01 -9.147939e-01 1.186009e-14
    outer loop
      vertex   -5.419614e+01 3.187786e+01 1.547500e+02
      vertex   -5.529460e+01 3.236288e+01 1.537500e+02
      vertex   -5.419614e+01 3.187786e+01 1.537500e+02
    endloop
  endfacet
  facet normal -3.177914e-01 -9.481606e-01 1.014267e-14
    outer loop
      vertex   -5.419614e+01 3.187786e+01 1.547500e+02
      vertex   -5.419614e+01 3.187786e+01 1.537500e+02
      vertex   -5.305762e+01 3.149627e+01 1.547500e+02
    endloop
  endfacet
  facet normal -3.177914e-01 -9.481606e-01 1.125317e-14
    outer loop
      vertex   -5.305762e+01 3.149627e+01 1.547500e+02
      vertex   -5.419614e+01 3.187786e+01 1.537500e+02
      vertex   -5.305762e+01 3.149627e+01 1.537500e+02
    endloop
  endfacet
  facet normal -2.289505e-01 -9.734381e-01 1.017028e-14
    outer loop
      vertex   -5.305762e+01 3.149627e+01 1.547500e+02
      vertex   -5.305762e+01 3.149627e+01 1.537500e+02
      vertex   -5.188874e+01 3.122135e+01 1.547500e+02
    endloop
  endfacet
  facet normal -2.289505e-01 -9.734381e-01 6.711930e-15
    outer loop
      vertex   -5.188874e+01 3.122135e+01 1.547500e+02
      vertex   -5.305762e+01 3.149627e+01 1.537500e+02
      vertex   -5.188874e+01 3.122135e+01 1.537500e+02
    endloop
  endfacet
  facet normal -1.381564e-01 -9.904104e-01 5.481965e-15
    outer loop
      vertex   -5.188874e+01 3.122135e+01 1.547500e+02
      vertex   -5.188874e+01 3.122135e+01 1.537500e+02
      vertex   -5.069949e+01 3.105546e+01 1.547500e+02
    endloop
  endfacet
  facet normal -1.381564e-01 -9.904104e-01 1.350091e-14
    outer loop
      vertex   -5.069949e+01 3.105546e+01 1.547500e+02
      vertex   -5.188874e+01 3.122135e+01 1.537500e+02
      vertex   -5.069949e+01 3.105546e+01 1.537500e+02
    endloop
  endfacet
  facet normal -4.618346e-02 -9.989330e-01 1.163123e-14
    outer loop
      vertex   -5.069949e+01 3.105546e+01 1.547500e+02
      vertex   -5.069949e+01 3.105546e+01 1.537500e+02
      vertex   -4.950000e+01 3.100000e+01 1.547500e+02
    endloop
  endfacet
  facet normal -4.618346e-02 -9.989330e-01 1.097492e-14
    outer loop
      vertex   -4.950000e+01 3.100000e+01 1.547500e+02
      vertex   -5.069949e+01 3.105546e+01 1.537500e+02
      vertex   -4.950000e+01 3.100000e+01 1.537500e+02
    endloop
  endfacet
  facet normal 4.618346e-02 -9.989330e-01 1.031862e-14
    outer loop
      vertex   -4.950000e+01 3.100000e+01 1.547500e+02
      vertex   -4.950000e+01 3.100000e+01 1.537500e+02
      vertex   -4.830051e+01 3.105546e+01 1.547500e+02
    endloop
  endfacet
  facet normal 4.618346e-02 -9.989330e-01 9.990462e-15
    outer loop
      vertex   -4.830051e+01 3.105546e+01 1.547500e+02
      vertex   -4.950000e+01 3.100000e+01 1.537500e+02
      vertex   -4.830051e+01 3.105546e+01 1.537500e+02
    endloop
  endfacet
  facet normal 1.381564e-01 -9.904104e-01 8.592614e-15
    outer loop
      vertex   -4.830051e+01 3.105546e+01 1.547500e+02
      vertex   -4.830051e+01 3.105546e+01 1.537500e+02
      vertex   -4.711126e+01 3.122135e+01 1.547500e+02
    endloop
  endfacet
  facet normal 1.381564e-01 -9.904104e-01 1.112960e-14
    outer loop
      vertex   -4.711126e+01 3.122135e+01 1.547500e+02
      vertex   -4.830051e+01 3.105546e+01 1.537500e+02
      vertex   -4.711126e+01 3.122135e+01 1.537500e+02
    endloop
  endfacet
  facet normal 2.289505e-01 -9.734381e-01 8.953012e-15
    outer loop
      vertex   -4.711126e+01 3.122135e+01 1.547500e+02
      vertex   -4.711126e+01 3.122135e+01 1.537500e+02
      vertex   -4.594238e+01 3.149627e+01 1.547500e+02
    endloop
  endfacet
  facet normal 2.289505e-01 -9.734381e-01 2.036319e-15
    outer loop
      vertex   -4.594238e+01 3.149627e+01 1.547500e+02
      vertex   -4.711126e+01 3.122135e+01 1.537500e+02
      vertex   -4.594238e+01 3.149627e+01 1.537500e+02
    endloop
  endfacet
  facet normal 3.177914e-01 -9.481606e-01 -3.704494e-17
    outer loop
      vertex   -4.594238e+01 3.149627e+01 1.547500e+02
      vertex   -4.594238e+01 3.149627e+01 1.537500e+02
      vertex   -4.480386e+01 3.187786e+01 1.547500e+02
    endloop
  endfacet
  facet normal 3.177914e-01 -9.481606e-01 2.220999e-15
    outer loop
      vertex   -4.480386e+01 3.187786e+01 1.547500e+02
      vertex   -4.594238e+01 3.149627e+01 1.537500e+02
      vertex   -4.480386e+01 3.187786e+01 1.537500e+02
    endloop
  endfacet
  facet normal 4.039210e-01 -9.147939e-01 7.599387e-16
    outer loop
      vertex   -4.480386e+01 3.187786e+01 1.547500e+02
      vertex   -4.480386e+01 3.187786e+01 1.537500e+02
      vertex   -4.370540e+01 3.236288e+01 1.547500e+02
    endloop
  endfacet
  facet normal 4.039210e-01 -9.147939e-01 4.389909e-15
    outer loop
      vertex   -4.370540e+01 3.236288e+01 1.547500e+02
      vertex   -4.480386e+01 3.187786e+01 1.537500e+02
      vertex   -4.370540e+01 3.236288e+01 1.537500e+02
    endloop
  endfacet
  facet normal 4.866045e-01 -8.736224e-01 2.042323e-15
    outer loop
      vertex   -4.370540e+01 3.236288e+01 1.547500e+02
      vertex   -4.370540e+01 3.236288e+01 1.537500e+02
      vertex   -4.265638e+01 3.294718e+01 1.547500e+02
    endloop
  endfacet
  facet normal 4.866045e-01 -8.736224e-01 8.957388e-15
    outer loop
      vertex   -4.265638e+01 3.294718e+01 1.547500e+02
      vertex   -4.370540e+01 3.236288e+01 1.537500e+02
      vertex   -4.265638e+01 3.294718e+01 1.537500e+02
    endloop
  endfacet
  facet normal 5.651364e-01 -8.249975e-01 7.708384e-15
    outer loop
      vertex   -4.265638e+01 3.294718e+01 1.547500e+02
      vertex   -4.265638e+01 3.294718e+01 1.537500e+02
      vertex   -4.166575e+01 3.362578e+01 1.547500e+02
    endloop
  endfacet
  facet normal 5.651364e-01 -8.249975e-01 9.554807e-15
    outer loop
      vertex   -4.166575e+01 3.362578e+01 1.547500e+02
      vertex   -4.265638e+01 3.294718e+01 1.537500e+02
      vertex   -4.166575e+01 3.362578e+01 1.537500e+02
    endloop
  endfacet
  facet normal 6.388468e-01 -7.693340e-01 7.320781e-15
    outer loop
      vertex   -4.166575e+01 3.362578e+01 1.547500e+02
      vertex   -4.166575e+01 3.362578e+01 1.537500e+02
      vertex   -4.074196e+01 3.439288e+01 1.547500e+02
    endloop
  endfacet
  facet normal 6.388468e-01 -7.693340e-01 7.320781e-15
    outer loop
      vertex   -4.074196e+01 3.439288e+01 1.547500e+02
      vertex   -4.166575e+01 3.362578e+01 1.537500e+02
      vertex   -4.074196e+01 3.439288e+01 1.537500e+02
    endloop
  endfacet
  facet normal 7.071068e-01 -7.071068e-01 5.024296e-15
    outer loop
      vertex   -4.074196e+01 3.439288e+01 1.547500e+02
      vertex   -4.074196e+01 3.439288e+01 1.537500e+02
      vertex   -3.989288e+01 3.524196e+01 1.547500e+02
    endloop
  endfacet
  facet normal 7.071068e-01 -7.071068e-01 1.004859e-14
    outer loop
      vertex   -3.989288e+01 3.524196e+01 1.547500e+02
      vertex   -4.074196e+01 3.439288e+01 1.537500e+02
      vertex   -3.989288e+01 3.524196e+01 1.537500e+02
    endloop
  endfacet
  facet normal 7.693340e-01 -6.388468e-01 9.078559e-15
    outer loop
      vertex   -3.989288e+01 3.524196e+01 1.547500e+02
      vertex   -3.989288e+01 3.524196e+01 1.537500e+02
      vertex   -3.912578e+01 3.616575e+01 1.547500e+02
    endloop
  endfacet
  facet normal 7.693340e-01 -6.388468e-01 3.612112e-15
    outer loop
      vertex   -3.912578e+01 3.616575e+01 1.547500e+02
      vertex   -3.989288e+01 3.524196e+01 1.537500e+02
      vertex   -3.912578e+01 3.616575e+01 1.537500e+02
    endloop
  endfacet
  facet normal 8.249975e-01 -5.651364e-01 2.169112e-15
    outer loop
      vertex   -3.912578e+01 3.616575e+01 1.547500e+02
      vertex   -3.912578e+01 3.616575e+01 1.537500e+02
      vertex   -3.844718e+01 3.715638e+01 1.547500e+02
    endloop
  endfacet
  facet normal 8.249975e-01 -5.651364e-01 9.877495e-15
    outer loop
      vertex   -3.844718e+01 3.715638e+01 1.547500e+02
      vertex   -3.912578e+01 3.616575e+01 1.537500e+02
      vertex   -3.844718e+01 3.715638e+01 1.537500e+02
    endloop
  endfacet
  facet normal 8.736224e-01 -4.866045e-01 9.664993e-15
    outer loop
      vertex   -3.844718e+01 3.715638e+01 1.547500e+02
      vertex   -3.844718e+01 3.715638e+01 1.537500e+02
      vertex   -3.786288e+01 3.820540e+01 1.547500e+02
    endloop
  endfacet
  facet normal 8.736224e-01 -4.866045e-01 6.915066e-15
    outer loop
      vertex   -3.786288e+01 3.820540e+01 1.547500e+02
      vertex   -3.844718e+01 3.715638e+01 1.537500e+02
      vertex   -3.786288e+01 3.820540e+01 1.537500e+02
    endloop
  endfacet
  facet normal 9.147939e-01 -4.039210e-01 5.740063e-15
    outer loop
      vertex   -3.786288e+01 3.820540e+01 1.547500e+02
      vertex   -3.786288e+01 3.820540e+01 1.537500e+02
      vertex   -3.737786e+01 3.930386e+01 1.547500e+02
    endloop
  endfacet
  facet normal 9.147939e-01 -4.039210e-01 2.110093e-15
    outer loop
      vertex   -3.737786e+01 3.930386e+01 1.547500e+02
      vertex   -3.786288e+01 3.820540e+01 1.537500e+02
      vertex   -3.737786e+01 3.930386e+01 1.537500e+02
    endloop
  endfacet
  facet normal 9.481606e-01 -3.177914e-01 3.704494e-17
    outer loop
      vertex   -3.737786e+01 3.930386e+01 1.547500e+02
      vertex   -3.737786e+01 3.930386e+01 1.537500e+02
      vertex   -3.699627e+01 4.044238e+01 1.547500e+02
    endloop
  endfacet
  facet normal 9.481606e-01 -3.177914e-01 -4.479043e-15
    outer loop
      vertex   -3.699627e+01 4.044238e+01 1.547500e+02
      vertex   -3.737786e+01 3.930386e+01 1.537500e+02
      vertex   -3.699627e+01 4.044238e+01 1.537500e+02
    endloop
  endfacet
  facet normal 9.734381e-01 -2.289505e-01 -5.289902e-15
    outer loop
      vertex   -3.699627e+01 4.044238e+01 1.547500e+02
      vertex   -3.699627e+01 4.044238e+01 1.537500e+02
      vertex   -3.672135e+01 4.161126e+01 1.547500e+02
    endloop
  endfacet
  facet normal 9.734381e-01 -2.289505e-01 3.253583e-15
    outer loop
      vertex   -3.672135e+01 4.161126e+01 1.547500e+02
      vertex   -3.699627e+01 4.044238e+01 1.537500e+02
      vertex   -3.672135e+01 4.161126e+01 1.537500e+02
    endloop
  endfacet
  facet normal 9.904104e-01 -1.381564e-01 1.963320e-15
    outer loop
      vertex   -3.672135e+01 4.161126e+01 1.547500e+02
      vertex   -3.672135e+01 4.161126e+01 1.537500e+02
      vertex   -3.655546e+01 4.280051e+01 1.547500e+02
    endloop
  endfacet
  facet normal 9.904104e-01 -1.381564e-01 2.944980e-15
    outer loop
      vertex   -3.655546e+01 4.280051e+01 1.547500e+02
      vertex   -3.672135e+01 4.161126e+01 1.537500e+02
      vertex   -3.655546e+01 4.280051e+01 1.537500e+02
    endloop
  endfacet
  facet normal 9.989330e-01 -4.618346e-02 9.844596e-16
    outer loop
      vertex   -3.655546e+01 4.280051e+01 1.547500e+02
      vertex   -3.655546e+01 4.280051e+01 1.537500e+02
      vertex   -3.650000e+01 4.400000e+01 1.547500e+02
    endloop
  endfacet
  facet normal 9.989330e-01 -4.618346e-02 -6.769692e-15
    outer loop
      vertex   -3.650000e+01 4.400000e+01 1.547500e+02
      vertex   -3.655546e+01 4.280051e+01 1.537500e+02
      vertex   -3.650000e+01 4.400000e+01 1.537500e+02
    endloop
  endfacet
  facet normal 1.000000e+00 0.000000e+00 -0.000000e+00
    outer loop
      vertex   -3.650000e+01 4.400000e+01 1.492500e+02
      vertex   -3.650000e+01 4.400000e+01 1.537500e+02
      vertex   -3.650000e+01 7.000000e+00 1.492500e+02
    endloop
  endfacet
  facet normal 1.000000e+00 0.000000e+00 0.000000e+00
    outer loop
      vertex   -3.650000e+01 7.000000e+00 1.492500e+02
      vertex   -3.650000e+01 4.400000e+01 1.537500e+02
      vertex   -3.650000e+01 7.000000e+00 1.537500e+02
    endloop
  endfacet
  facet normal -1.000000e+00 -0.000000e+00 -0.000000e+00
    outer loop
      vertex   -6.250000e+01 4.400000e+01 1.537500e+02
      vertex   -6.250000e+01 4.400000e+01 1.492500e+02
      vertex   -6.250000e+01 7.000000e+00 1.537500e+02
    endloop
  endfacet
  facet normal -1.000000e+00 0.000000e+00 0.000000e+00
    outer loop
      vertex   -6.250000e+01 7.000000e+00 1.537500e+02
      vertex   -6.250000e+01 4.400000e+01 1.492500e+02
      vertex   -6.250000e+01 7.000000e+00 1.492500e+02
    endloop
  endfacet
  facet normal -2.344791e-14 -1.000000e+00 0.000000e+00
    outer loop
      vertex   -5.750000e+01 7.000000e+00 1.492500e+02
      vertex   -5.750000e+01 7.000000e+00 1.537500e+02
      vertex   -6.250000e+01 7.000000e+00 1.492500e+02
    endloop
  endfacet
  facet normal -2.344791e-14 -1.000000e+00 0.000000e+00
    outer loop
      vertex   -6.250000e+01 7.000000e+00 1.492500e+02
      vertex   -5.750000e+01 7.000000e+00 1.537500e+02
      vertex   -6.250000e+01 7.000000e+00 1.537500e+02
    endloop
  endfacet
  facet normal 0.000000e+00 -0.000000e+00 -1.000000e+00
    outer loop
      vertex   -6.244454e+01 4.519949e+01 1.492500e+02
      vertex   -6.030000e+01 4.400000e+01 1.492500e+02
      vertex   -6.250000e+01 4.400000e+01 1.492500e+02
    endloop
  endfacet
  facet normal 0.000000e+00 0.000000e+00 -1.000000e+00
    outer loop
      vertex   -6.250000e+01 4.400000e+01 1.492500e+02
      vertex   -6.030000e+01 4.400000e+01 1.492500e+02
      vertex   -6.027445e+01 4.380589e+01 1.492500e+02
    endloop
  endfacet
  facet normal 0.000000e+00 0.000000e+00 -1.000000e+00
    outer loop
      vertex   -6.250000e+01 4.400000e+01 1.492500e+02
      vertex   -6.027445e+01 4.380589e+01 1.492500e+02
      vertex   -6.019952e+01 4.362500e+01 1.492500e+02
    endloop
  endfacet
  facet normal 0.000000e+00 0.000000e+00 -1.000000e+00
    outer loop
      vertex   -6.030000e+01 4.400000e+01 1.492500e+02
      vertex   -6.244454e+01 4.519949e+01 1.492500e+02
      vertex   -6.027445e+01 4.419411e+01 1.492500e+02
    endloop
  endfacet
  facet normal 0.000000e+00 0.000000e+00 -1.000000e+00
    outer loop
      vertex   -6.027445e+01 4.419411e+01 1.492500e+02
      vertex   -6.244454e+01 4.519949e+01 1.492500e+02
      vertex   -6.227865e+01 4.638874e+01 1.492500e+02
    endloop
  endfacet
  facet normal 0.000000e+00 0.000000e+00 -1.000000e+00
    outer loop
      vertex   -6.027445e+01 4.419411e+01 1.492500e+02
      vertex   -6.227865e+01 4.638874e+01 1.492500e+02
      vertex   -6.200373e+01 4.755762e+01 1.492500e+02
    endloop
  endfacet
  facet normal 0.000000e+00 0.000000e+00 -1.000000e+00
    outer loop
      vertex   -6.027445e+01 4.419411e+01 1.492500e+02
      vertex   -6.200373e+01 4.755762e+01 1.492500e+02
      vertex   -6.019952e+01 4.437500e+01 1.492500e+02
    endloop
  endfacet
  facet normal 0.000000e+00 0.000000e+00 -1.000000e+00
    outer loop
      vertex   -6.019952e+01 4.437500e+01 1.492500e+02
      vertex   -6.200373e+01 4.755762e+01 1.492500e+02
      vertex   -6.162214e+01 4.869614e+01 1.492500e+02
    endloop
  endfacet
  facet normal 0.000000e+00 0.000000e+00 -1.000000e+00
    outer loop
      vertex   -6.019952e+01 4.437500e+01 1.492500e+02
      vertex   -6.162214e+01 4.869614e+01 1.492500e+02
      vertex   -6.008033e+01 4.453033e+01 1.492500e+02
    endloop
  endfacet
  facet normal 0.000000e+00 0.000000e+00 -1.000000e+00
    outer loop
      vertex   -6.008033e+01 4.453033e+01 1.492500e+02
      vertex   -6.162214e+01 4.869614e+01 1.492500e+02
      vertex   -6.113712e+01 4.979460e+01 1.492500e+02
    endloop
  endfacet
  facet normal 0.000000e+00 0.000000e+00 -1.000000e+00
    outer loop
      vertex   -6.008033e+01 4.453033e+01 1.492500e+02
      vertex   -6.113712e+01 4.979460e+01 1.492500e+02
      vertex   -5.992500e+01 4.464952e+01 1.492500e+02
    endloop
  endfacet
  facet normal 0.000000e+00 0.000000e+00 -1.000000e+00
    outer loop
      vertex   -5.992500e+01 4.464952e+01 1.492500e+02
      vertex   -6.113712e+01 4.979460e+01 1.492500e+02
      vertex   -6.055282e+01 5.084362e+01 1.492500e+02
    endloop
  endfacet
  facet normal 0.000000e+00 0.000000e+00 -1.000000e+00
    outer loop
      vertex   -5.992500e+01 4.464952e+01 1.492500e+02
      vertex   -6.055282e+01 5.084362e+01 1.492500e+02
      vertex   -5.974411e+01 4.472444e+01 1.492500e+02
    endloop
  endfacet
  facet normal 0.000000e+00 0.000000e+00 -1.000000e+00
    outer loop
      vertex   -5.974411e+01 4.472444e+01 1.492500e+02
      vertex   -6.055282e+01 5.084362e+01 1.492500e+02
      vertex   -5.955000e+01 4.475000e+01 1.492500e+02
    endloop
  endfacet
  facet normal 0.000000e+00 0.000000e+00 -1.000000e+00
    outer loop
      vertex   -5.955000e+01 4.475000e+01 1.492500e+02
      vertex   -6.055282e+01 5.084362e+01 1.492500e+02
      vertex   -5.987422e+01 5.183425e+01 1.492500e+02
    endloop
  endfacet
  facet normal 0.000000e+00 0.000000e+00 -1.000000e+00
    outer loop
      vertex   -5.955000e+01 4.475000e+01 1.492500e+02
      vertex   -5.987422e+01 5.183425e+01 1.492500e+02
      vertex   -5.935589e+01 4.472444e+01 1.492500e+02
    endloop
  endfacet
  facet normal 0.000000e+00 0.000000e+00 -1.000000e+00
    outer loop
      vertex   -5.935589e+01 4.472444e+01 1.492500e+02
      vertex   -5.987422e+01 5.183425e+01 1.492500e+02
      vertex   -5.917500e+01 4.464952e+01 1.492500e+02
    endloop
  endfacet
  facet normal 0.000000e+00 0.000000e+00 -1.000000e+00
    outer loop
      vertex   -5.917500e+01 4.464952e+01 1.492500e+02
      vertex   -5.987422e+01 5.183425e+01 1.492500e+02
      vertex   -5.910712e+01 5.275804e+01 1.492500e+02
    endloop
  endfacet
  facet normal 0.000000e+00 0.000000e+00 -1.000000e+00
    outer loop
      vertex   -5.917500e+01 4.464952e+01 1.492500e+02
      vertex   -5.910712e+01 5.275804e+01 1.492500e+02
      vertex   -5.901967e+01 4.453033e+01 1.492500e+02
    endloop
  endfacet
  facet normal 0.000000e+00 0.000000e+00 -1.000000e+00
    outer loop
      vertex   -5.901967e+01 4.453033e+01 1.492500e+02
      vertex   -5.910712e+01 5.275804e+01 1.492500e+02
      vertex   -5.890048e+01 4.437500e+01 1.492500e+02
    endloop
  endfacet
  facet normal 0.000000e+00 0.000000e+00 -1.000000e+00
    outer loop
      vertex   -5.890048e+01 4.437500e+01 1.492500e+02
      vertex   -5.910712e+01 5.275804e+01 1.492500e+02
      vertex   -5.825804e+01 5.360712e+01 1.492500e+02
    endloop
  endfacet
  facet normal 0.000000e+00 0.000000e+00 -1.000000e+00
    outer loop
      vertex   -5.890048e+01 4.437500e+01 1.492500e+02
      vertex   -5.825804e+01 5.360712e+01 1.492500e+02
      vertex   -5.609952e+01 4.437500e+01 1.492500e+02
    endloop
  endfacet
  facet normal 0.000000e+00 0.000000e+00 -1.000000e+00
    outer loop
      vertex   -5.609952e+01 4.437500e+01 1.492500e+02
      vertex   -5.825804e+01 5.360712e+01 1.492500e+02
      vertex   -5.733425e+01 5.437422e+01 1.492500e+02
    endloop
  endfacet
  facet normal 0.000000e+00 0.000000e+00 -1.000000e+00
    outer loop
      vertex   -5.609952e+01 4.437500e+01 1.492500e+02
      vertex   -5.733425e+01 5.437422e+01 1.492500e+02
      vertex   -5.598033e+01 4.453033e+01 1.492500e+02
    endloop
  endfacet
  facet normal 0.000000e+00 0.000000e+00 -1.000000e+00
    outer loop
      vertex   -5.598033e+01 4.453033e+01 1.492500e+02
      vertex   -5.733425e+01 5.437422e+01 1.492500e+02
      vertex   -5.582500e+01 4.464952e+01 1.492500e+02
    endloop
  endfacet
  facet normal 0.000000e+00 0.000000e+00 -1.000000e+00
    outer loop
      vertex   -5.582500e+01 4.464952e+01 1.492500e+02
      vertex   -5.733425e+01 5.437422e+01 1.492500e+02
      vertex   -5.634362e+01 5.505282e+01 1.492500e+02
    endloop
  endfacet
  facet normal 0.000000e+00 0.000000e+00 -1.000000e+00
    outer loop
      vertex   -5.582500e+01 4.464952e+01 1.492500e+02
      vertex   -5.634362e+01 5.505282e+01 1.492500e+02
      vertex   -5.564411e+01 4.472444e+01 1.492500e+02
    endloop
  endfacet
  facet normal 0.000000e+00 0.000000e+00 -1.000000e+00
    outer loop
      vertex   -5.564411e+01 4.472444e+01 1.492500e+02
      vertex   -5.634362e+01 5.505282e+01 1.492500e+02
      vertex   -5.545000e+01 4.475000e+01 1.492500e+02
    endloop
  endfacet
  facet normal 0.000000e+00 0.000000e+00 -1.000000e+00
    outer loop
      vertex   -5.545000e+01 4.475000e+01 1.492500e+02
      vertex   -5.634362e+01 5.505282e+01 1.492500e+02
      vertex   -5.529460e+01 5.563712e+01 1.492500e+02
    endloop
  endfacet
  facet normal 0.000000e+00 0.000000e+00 -1.000000e+00
    outer loop
      vertex   -5.545000e+01 4.475000e+01 1.492500e+02
      vertex   -5.529460e+01 5.563712e+01 1.492500e+02
      vertex   -5.525589e+01 4.472444e+01 1.492500e+02
    endloop
  endfacet
  facet normal 0.000000e+00 0.000000e+00 -1.000000e+00
    outer loop
      vertex   -5.525589e+01 4.472444e+01 1.492500e+02
      vertex   -5.529460e+01 5.563712e+01 1.492500e+02
      vertex   -5.507500e+01 4.464952e+01 1.492500e+02
    endloop
  endfacet
  facet normal 0.000000e+00 0.000000e+00 -1.000000e+00
    outer loop
      vertex   -5.507500e+01 4.464952e+01 1.492500e+02
      vertex   -5.529460e+01 5.563712e+01 1.492500e+02
      vertex   -5.419614e+01 5.612214e+01 1.492500e+02
    endloop
  endfacet
  facet normal 0.000000e+00 0.000000e+00 -1.000000e+00
    outer loop
      vertex   -5.507500e+01 4.464952e+01 1.492500e+02
      vertex   -5.419614e+01 5.612214e+01 1.492500e+02
      vertex   -5.491967e+01 4.453033e+01 1.492500e+02
    endloop
  endfacet
  facet normal 0.000000e+00 0.000000e+00 -1.000000e+00
    outer loop
      vertex   -5.491967e+01 4.453033e+01 1.492500e+02
      vertex   -5.419614e+01 5.612214e+01 1.492500e+02
      vertex   -5.480048e+01 4.437500e+01 1.492500e+02
    endloop
  endfacet
  facet normal 0.000000e+00 0.000000e+00 -1.000000e+00
    outer loop
      vertex   -5.480048e+01 4.437500e+01 1.492500e+02
      vertex   -5.419614e+01 5.612214e+01 1.492500e+02
      vertex   -5.305762e+01 5.650373e+01 1.492500e+02
    endloop
  endfacet
  facet normal 0.000000e+00 0.000000e+00 -1.000000e+00
    outer loop
      vertex   -5.480048e+01 4.437500e+01 1.492500e+02
      vertex   -5.305762e+01 5.650373e+01 1.492500e+02
      vertex   -5.025000e+01 4.995000e+01 1.492500e+02
    endloop
  endfacet
  facet normal 0.000000e+00 0.000000e+00 -1.000000e+00
    outer loop
      vertex   -5.025000e+01 4.995000e+01 1.492500e+02
      vertex   -5.305762e+01 5.650373e+01 1.492500e+02
      vertex   -5.022444e+01 5.014412e+01 1.492500e+02
    endloop
  endfacet
  facet normal 0.000000e+00 0.000000e+00 -1.000000e+00
    outer loop
      vertex   -5.022444e+01 5.014412e+01 1.492500e+02
      vertex   -5.305762e+01 5.650373e+01 1.492500e+02
      vertex   -5.188874e+01 5.677865e+01 1.492500e+02
    endloop
  endfacet
  facet normal 0.000000e+00 0.000000e+00 -1.000000e+00
    outer loop
      vertex   -5.022444e+01 5.014412e+01 1.492500e+02
      vertex   -5.188874e+01 5.677865e+01 1.492500e+02
      vertex   -5.022444e+01 5.385589e+01 1.492500e+02
    endloop
  endfacet
  facet normal 0.000000e+00 0.000000e+00 -1.000000e+00
    outer loop
      vertex   -5.022444e+01 5.385589e+01 1.492500e+02
      vertex   -5.188874e+01 5.677865e+01 1.492500e+02
      vertex   -5.025000e+01 5.405000e+01 1.492500e+02
    endloop
  endfacet
  facet normal 0.000000e+00 0.000000e+00 -1.000000e+00
    outer loop
      vertex   -5.025000e+01 5.405000e+01 1.492500e+02
      vertex   -5.188874e+01 5.677865e+01 1.492500e+02
      vertex   -5.069949e+01 5.694454e+01 1.492500e+02
    endloop
  endfacet
  facet normal 0.000000e+00 0.000000e+00 -1.000000e+00
    outer loop
      vertex   -5.025000e+01 5.405000e+01 1.492500e+02
      vertex   -5.069949e+01 5.694454e+01 1.492500e+02
      vertex   -5.022444e+01 5.424412e+01 1.492500e+02
    endloop
  endfacet
  facet normal 0.000000e+00 0.000000e+00 -1.000000e+00
    outer loop
      vertex   -5.022444e+01 5.424412e+01 1.492500e+02
      vertex   -5.069949e+01 5.694454e+01 1.492500e+02
      vertex   -5.014952e+01 5.442500e+01 1.492500e+02
    endloop
  endfacet
  facet normal 0.000000e+00 0.000000e+00 -1.000000e+00
    outer loop
      vertex   -5.014952e+01 5.442500e+01 1.492500e+02
      vertex   -5.069949e+01 5.694454e+01 1.492500e+02
      vertex   -5.003033e+01 5.458033e+01 1.492500e+02
    endloop
  endfacet
  facet normal 0.000000e+00 0.000000e+00 -1.000000e+00
    outer loop
      vertex   -5.003033e+01 5.458033e+01 1.492500e+02
      vertex   -5.069949e+01 5.694454e+01 1.492500e+02
      vertex   -4.987500e+01 5.469952e+01 1.492500e+02
    endloop
  endfacet
  facet normal 0.000000e+00 0.000000e+00 -1.000000e+00
    outer loop
      vertex   -4.987500e+01 5.469952e+01 1.492500e+02
      vertex   -5.069949e+01 5.694454e+01 1.492500e+02
      vertex   -4.950000e+01 5.700000e+01 1.492500e+02
    endloop
  endfacet
  facet normal 0.000000e+00 0.000000e+00 -1.000000e+00
    outer loop
      vertex   -4.987500e+01 5.469952e+01 1.492500e+02
      vertex   -4.950000e+01 5.700000e+01 1.492500e+02
      vertex   -4.969411e+01 5.477445e+01 1.492500e+02
    endloop
  endfacet
  facet normal 0.000000e+00 0.000000e+00 -1.000000e+00
    outer loop
      vertex   -4.969411e+01 5.477445e+01 1.492500e+02
      vertex   -4.950000e+01 5.700000e+01 1.492500e+02
      vertex   -4.950000e+01 5.480000e+01 1.492500e+02
    endloop
  endfacet
  facet normal 0.000000e+00 0.000000e+00 -1.000000e+00
    outer loop
      vertex   -4.950000e+01 5.480000e+01 1.492500e+02
      vertex   -4.950000e+01 5.700000e+01 1.492500e+02
      vertex   -4.930589e+01 5.477445e+01 1.492500e+02
    endloop
  endfacet
  facet normal 0.000000e+00 0.000000e+00 -1.000000e+00
    outer loop
      vertex   -4.930589e+01 5.477445e+01 1.492500e+02
      vertex   -4.950000e+01 5.700000e+01 1.492500e+02
      vertex   -4.912500e+01 5.469952e+01 1.492500e+02
    endloop
  endfacet
  facet normal 0.000000e+00 0.000000e+00 -1.000000e+00
    outer loop
      vertex   -4.912500e+01 5.469952e+01 1.492500e+02
      vertex   -4.950000e+01 5.700000e+01 1.492500e+02
      vertex   -4.830051e+01 5.694454e+01 1.492500e+02
    endloop
  endfacet
  facet normal 0.000000e+00 0.000000e+00 -1.000000e+00
    outer loop
      vertex   -4.912500e+01 5.469952e+01 1.492500e+02
      vertex   -4.830051e+01 5.694454e+01 1.492500e+02
      vertex   -4.896967e+01 5.458033e+01 1.492500e+02
    endloop
  endfacet
  facet normal 0.000000e+00 0.000000e+00 -1.000000e+00
    outer loop
      vertex   -4.896967e+01 5.458033e+01 1.492500e+02
      vertex   -4.830051e+01 5.694454e+01 1.492500e+02
      vertex   -4.885048e+01 5.442500e+01 1.492500e+02
    endloop
  endfacet
  facet normal 0.000000e+00 0.000000e+00 -1.000000e+00
    outer loop
      vertex   -4.885048e+01 5.442500e+01 1.492500e+02
      vertex   -4.830051e+01 5.694454e+01 1.492500e+02
      vertex   -4.877556e+01 5.424412e+01 1.492500e+02
    endloop
  endfacet
  facet normal 0.000000e+00 0.000000e+00 -1.000000e+00
    outer loop
      vertex   -4.877556e+01 5.424412e+01 1.492500e+02
      vertex   -4.830051e+01 5.694454e+01 1.492500e+02
      vertex   -4.875000e+01 5.405000e+01 1.492500e+02
    endloop
  endfacet
  facet normal 0.000000e+00 0.000000e+00 -1.000000e+00
    outer loop
      vertex   -4.875000e+01 5.405000e+01 1.492500e+02
      vertex   -4.830051e+01 5.694454e+01 1.492500e+02
      vertex   -4.711126e+01 5.677865e+01 1.492500e+02
    endloop
  endfacet
  facet normal 0.000000e+00 -0.000000e+00 -1.000000e+00
    outer loop
      vertex   -4.875000e+01 5.405000e+01 1.492500e+02
      vertex   -4.711126e+01 5.677865e+01 1.492500e+02
      vertex   -4.877556e+01 5.385589e+01 1.492500e+02
    endloop
  endfacet
  facet normal 0.000000e+00 0.000000e+00 -1.000000e+00
    outer loop
      vertex   -4.877556e+01 5.385589e+01 1.492500e+02
      vertex   -4.711126e+01 5.677865e+01 1.492500e+02
      vertex   -4.877556e+01 5.014412e+01 1.492500e+02
    endloop
  endfacet
  facet normal 0.000000e+00 -0.000000e+00 -1.000000e+00
    outer loop
      vertex   -4.877556e+01 5.385589e+01 1.492500e+02
      vertex   -4.877556e+01 5.014412e+01 1.492500e+02
      vertex   -4.885048e+01 5.032500e+01 1.492500e+02
    endloop
  endfacet
  facet normal 0.000000e+00 -0.000000e+00 -1.000000e+00
    outer loop
      vertex   -4.711126e+01 5.677865e+01 1.492500e+02
      vertex   -4.594238e+01 5.650373e+01 1.492500e+02
      vertex   -4.877556e+01 5.014412e+01 1.492500e+02
    endloop
  endfacet
  facet normal 0.000000e+00 0.000000e+00 -1.000000e+00
    outer loop
      vertex   -4.877556e+01 5.014412e+01 1.492500e+02
      vertex   -4.594238e+01 5.650373e+01 1.492500e+02
      vertex   -4.875000e+01 4.995000e+01 1.492500e+02
    endloop
  endfacet
  facet normal 0.000000e+00 0.000000e+00 -1.000000e+00
    outer loop
      vertex   -4.875000e+01 4.995000e+01 1.492500e+02
      vertex   -4.594238e+01 5.650373e+01 1.492500e+02
      vertex   -4.419952e+01 4.437500e+01 1.492500e+02
    endloop
  endfacet
  facet normal 0.000000e+00 0.000000e+00 -1.000000e+00
    outer loop
      vertex   -4.875000e+01 4.995000e+01 1.492500e+02
      vertex   -4.419952e+01 4.437500e+01 1.492500e+02
      vertex   -4.427444e+01 4.419411e+01 1.492500e+02
    endloop
  endfacet
  facet normal 0.000000e+00 0.000000e+00 -1.000000e+00
    outer loop
      vertex   -4.594238e+01 5.650373e+01 1.492500e+02
      vertex   -4.480386e+01 5.612214e+01 1.492500e+02
      vertex   -4.419952e+01 4.437500e+01 1.492500e+02
    endloop
  endfacet
  facet normal 0.000000e+00 0.000000e+00 -1.000000e+00
    outer loop
      vertex   -4.419952e+01 4.437500e+01 1.492500e+02
      vertex   -4.480386e+01 5.612214e+01 1.492500e+02
      vertex   -4.408033e+01 4.453033e+01 1.492500e+02
    endloop
  endfacet
  facet normal 0.000000e+00 0.000000e+00 -1.000000e+00
    outer loop
      vertex   -4.408033e+01 4.453033e+01 1.492500e+02
      vertex   -4.480386e+01 5.612214e+01 1.492500e+02
      vertex   -4.392500e+01 4.464952e+01 1.492500e+02
    endloop
  endfacet
  facet normal 0.000000e+00 0.000000e+00 -1.000000e+00
    outer loop
      vertex   -4.392500e+01 4.464952e+01 1.492500e+02
      vertex   -4.480386e+01 5.612214e+01 1.492500e+02
      vertex   -4.370540e+01 5.563712e+01 1.492500e+02
    endloop
  endfacet
  facet normal 0.000000e+00 0.000000e+00 -1.000000e+00
    outer loop
      vertex   -4.392500e+01 4.464952e+01 1.492500e+02
      vertex   -4.370540e+01 5.563712e+01 1.492500e+02
      vertex   -4.374411e+01 4.472444e+01 1.492500e+02
    endloop
  endfacet
  facet normal 0.000000e+00 0.000000e+00 -1.000000e+00
    outer loop
      vertex   -4.374411e+01 4.472444e+01 1.492500e+02
      vertex   -4.370540e+01 5.563712e+01 1.492500e+02
      vertex   -4.355000e+01 4.475000e+01 1.492500e+02
    endloop
  endfacet
  facet normal 0.000000e+00 0.000000e+00 -1.000000e+00
    outer loop
      vertex   -4.355000e+01 4.475000e+01 1.492500e+02
      vertex   -4.370540e+01 5.563712e+01 1.492500e+02
      vertex   -4.265638e+01 5.505282e+01 1.492500e+02
    endloop
  endfacet
  facet normal 0.000000e+00 0.000000e+00 -1.000000e+00
    outer loop
      vertex   -4.355000e+01 4.475000e+01 1.492500e+02
      vertex   -4.265638e+01 5.505282e+01 1.492500e+02
      vertex   -4.335589e+01 4.472444e+01 1.492500e+02
    endloop
  endfacet
  facet normal 0.000000e+00 0.000000e+00 -1.000000e+00
    outer loop
      vertex   -4.335589e+01 4.472444e+01 1.492500e+02
      vertex   -4.265638e+01 5.505282e+01 1.492500e+02
      vertex   -4.317500e+01 4.464952e+01 1.492500e+02
    endloop
  endfacet
  facet normal 0.000000e+00 0.000000e+00 -1.000000e+00
    outer loop
      vertex   -4.317500e+01 4.464952e+01 1.492500e+02
      vertex   -4.265638e+01 5.505282e+01 1.492500e+02
      vertex   -4.166575e+01 5.437422e+01 1.492500e+02
    endloop
  endfacet
  facet normal 0.000000e+00 0.000000e+00 -1.000000e+00
    outer loop
      vertex   -4.317500e+01 4.464952e+01 1.492500e+02
      vertex   -4.166575e+01 5.437422e+01 1.492500e+02
      vertex   -4.301967e+01 4.453033e+01 1.492500e+02
    endloop
  endfacet
  facet normal 0.000000e+00 0.000000e+00 -1.000000e+00
    outer loop
      vertex   -4.301967e+01 4.453033e+01 1.492500e+02
      vertex   -4.166575e+01 5.437422e+01 1.492500e+02
      vertex   -4.290048e+01 4.437500e+01 1.492500e+02
    endloop
  endfacet
  facet normal 0.000000e+00 0.000000e+00 -1.000000e+00
    outer loop
      vertex   -4.290048e+01 4.437500e+01 1.492500e+02
      vertex   -4.166575e+01 5.437422e+01 1.492500e+02
      vertex   -4.074196e+01 5.360712e+01 1.492500e+02
    endloop
  endfacet
  facet normal 0.000000e+00 0.000000e+00 -1.000000e+00
    outer loop
      vertex   -4.290048e+01 4.437500e+01 1.492500e+02
      vertex   -4.074196e+01 5.360712e+01 1.492500e+02
      vertex   -4.009952e+01 4.437500e+01 1.492500e+02
    endloop
  endfacet
  facet normal 0.000000e+00 0.000000e+00 -1.000000e+00
    outer loop
      vertex   -4.009952e+01 4.437500e+01 1.492500e+02
      vertex   -4.074196e+01 5.360712e+01 1.492500e+02
      vertex   -3.989288e+01 5.275804e+01 1.492500e+02
    endloop
  endfacet
  facet normal 0.000000e+00 0.000000e+00 -1.000000e+00
    outer loop
      vertex   -4.009952e+01 4.437500e+01 1.492500e+02
      vertex   -3.989288e+01 5.275804e+01 1.492500e+02
      vertex   -3.998033e+01 4.453033e+01 1.492500e+02
    endloop
  endfacet
  facet normal 0.000000e+00 0.000000e+00 -1.000000e+00
    outer loop
      vertex   -3.998033e+01 4.453033e+01 1.492500e+02
      vertex   -3.989288e+01 5.275804e+01 1.492500e+02
      vertex   -3.982500e+01 4.464952e+01 1.492500e+02
    endloop
  endfacet
  facet normal 0.000000e+00 0.000000e+00 -1.000000e+00
    outer loop
      vertex   -3.982500e+01 4.464952e+01 1.492500e+02
      vertex   -3.989288e+01 5.275804e+01 1.492500e+02
      vertex   -3.912578e+01 5.183425e+01 1.492500e+02
    endloop
  endfacet
  facet normal 0.000000e+00 0.000000e+00 -1.000000e+00
    outer loop
      vertex   -3.982500e+01 4.464952e+01 1.492500e+02
      vertex   -3.912578e+01 5.183425e+01 1.492500e+02
      vertex   -3.964411e+01 4.472444e+01 1.492500e+02
    endloop
  endfacet
  facet normal 0.000000e+00 0.000000e+00 -1.000000e+00
    outer loop
      vertex   -3.964411e+01 4.472444e+01 1.492500e+02
      vertex   -3.912578e+01 5.183425e+01 1.492500e+02
      vertex   -3.945000e+01 4.475000e+01 1.492500e+02
    endloop
  endfacet
  facet normal 0.000000e+00 0.000000e+00 -1.000000e+00
    outer loop
      vertex   -3.945000e+01 4.475000e+01 1.492500e+02
      vertex   -3.912578e+01 5.183425e+01 1.492500e+02
      vertex   -3.844718e+01 5.084362e+01 1.492500e+02
    endloop
  endfacet
  facet normal 0.000000e+00 0.000000e+00 -1.000000e+00
    outer loop
      vertex   -3.945000e+01 4.475000e+01 1.492500e+02
      vertex   -3.844718e+01 5.084362e+01 1.492500e+02
      vertex   -3.925589e+01 4.472444e+01 1.492500e+02
    endloop
  endfacet
  facet normal 0.000000e+00 0.000000e+00 -1.000000e+00
    outer loop
      vertex   -3.925589e+01 4.472444e+01 1.492500e+02
      vertex   -3.844718e+01 5.084362e+01 1.492500e+02
      vertex   -3.907500e+01 4.464952e+01 1.492500e+02
    endloop
  endfacet
  facet normal 0.000000e+00 0.000000e+00 -1.000000e+00
    outer loop
      vertex   -3.907500e+01 4.464952e+01 1.492500e+02
      vertex   -3.844718e+01 5.084362e+01 1.492500e+02
      vertex   -3.786288e+01 4.979460e+01 1.492500e+02
    endloop
  endfacet
  facet normal 0.000000e+00 0.000000e+00 -1.000000e+00
    outer loop
      vertex   -3.907500e+01 4.464952e+01 1.492500e+02
      vertex   -3.786288e+01 4.979460e+01 1.492500e+02
      vertex   -3.891967e+01 4.453033e+01 1.492500e+02
    endloop
  endfacet
  facet normal 0.000000e+00 0.000000e+00 -1.000000e+00
    outer loop
      vertex   -3.891967e+01 4.453033e+01 1.492500e+02
      vertex   -3.786288e+01 4.979460e+01 1.492500e+02
      vertex   -3.737786e+01 4.869614e+01 1.492500e+02
    endloop
  endfacet
  facet normal 0.000000e+00 0.000000e+00 -1.000000e+00
    outer loop
      vertex   -3.891967e+01 4.453033e+01 1.492500e+02
      vertex   -3.737786e+01 4.869614e+01 1.492500e+02
      vertex   -3.880048e+01 4.437500e+01 1.492500e+02
    endloop
  endfacet
  facet normal 0.000000e+00 0.000000e+00 -1.000000e+00
    outer loop
      vertex   -3.880048e+01 4.437500e+01 1.492500e+02
      vertex   -3.737786e+01 4.869614e+01 1.492500e+02
      vertex   -3.699627e+01 4.755762e+01 1.492500e+02
    endloop
  endfacet
  facet normal 0.000000e+00 0.000000e+00 -1.000000e+00
    outer loop
      vertex   -3.880048e+01 4.437500e+01 1.492500e+02
      vertex   -3.699627e+01 4.755762e+01 1.492500e+02
      vertex   -3.872555e+01 4.419411e+01 1.492500e+02
    endloop
  endfacet
  facet normal 0.000000e+00 0.000000e+00 -1.000000e+00
    outer loop
      vertex   -3.872555e+01 4.419411e+01 1.492500e+02
      vertex   -3.699627e+01 4.755762e+01 1.492500e+02
      vertex   -3.672135e+01 4.638874e+01 1.492500e+02
    endloop
  endfacet
  facet normal 0.000000e+00 0.000000e+00 -1.000000e+00
    outer loop
      vertex   -3.872555e+01 4.419411e+01 1.492500e+02
      vertex   -3.672135e+01 4.638874e+01 1.492500e+02
      vertex   -3.655546e+01 4.519949e+01 1.492500e+02
    endloop
  endfacet
  facet normal 0.000000e+00 0.000000e+00 -1.000000e+00
    outer loop
      vertex   -3.872555e+01 4.419411e+01 1.492500e+02
      vertex   -3.655546e+01 4.519949e+01 1.492500e+02
      vertex   -3.870000e+01 4.400000e+01 1.492500e+02
    endloop
  endfacet
  facet normal 0.000000e+00 0.000000e+00 -1.000000e+00
    outer loop
      vertex   -3.870000e+01 4.400000e+01 1.492500e+02
      vertex   -3.655546e+01 4.519949e+01 1.492500e+02
      vertex   -3.650000e+01 4.400000e+01 1.492500e+02
    endloop
  endfacet
  facet normal 0.000000e+00 -0.000000e+00 -1.000000e+00
    outer loop
      vertex   -3.870000e+01 4.400000e+01 1.492500e+02
      vertex   -3.650000e+01 4.400000e+01 1.492500e+02
      vertex   -3.872555e+01 4.380589e+01 1.492500e+02
    endloop
  endfacet
  facet normal 0.000000e+00 -0.000000e+00 -1.000000e+00
    outer loop
      vertex   -3.872555e+01 4.380589e+01 1.492500e+02
      vertex   -3.650000e+01 4.400000e+01 1.492500e+02
      vertex   -3.880048e+01 4.362500e+01 1.492500e+02
    endloop
  endfacet
  facet normal 0.000000e+00 -0.000000e+00 -1.000000e+00
    outer loop
      vertex   -3.880048e+01 4.362500e+01 1.492500e+02
      vertex   -3.650000e+01 4.400000e+01 1.492500e+02
      vertex   -3.891967e+01 4.346967e+01 1.492500e+02
    endloop
  endfacet
  facet normal 0.000000e+00 -0.000000e+00 -1.000000e+00
    outer loop
      vertex   -3.891967e+01 4.346967e+01 1.492500e+02
      vertex   -3.650000e+01 4.400000e+01 1.492500e+02
      vertex   -3.907500e+01 4.335048e+01 1.492500e+02
    endloop
  endfacet
  facet normal 0.000000e+00 0.000000e+00 -1.000000e+00
    outer loop
      vertex   -3.907500e+01 4.335048e+01 1.492500e+02
      vertex   -3.650000e+01 4.400000e+01 1.492500e+02
      vertex   -3.650000e+01 7.000000e+00 1.492500e+02
    endloop
  endfacet
  facet normal 0.000000e+00 -0.000000e+00 -1.000000e+00
    outer loop
      vertex   -3.907500e+01 4.335048e+01 1.492500e+02
      vertex   -3.650000e+01 7.000000e+00 1.492500e+02
      vertex   -3.925589e+01 4.327556e+01 1.492500e+02
    endloop
  endfacet
  facet normal 0.000000e+00 -0.000000e+00 -1.000000e+00
    outer loop
      vertex   -3.925589e+01 4.327556e+01 1.492500e+02
      vertex   -3.650000e+01 7.000000e+00 1.492500e+02
      vertex   -3.945000e+01 4.325000e+01 1.492500e+02
    endloop
  endfacet
  facet normal -5.684342e-15 -4.625877e-16 -1.000000e+00
    outer loop
      vertex   -3.945000e+01 4.325000e+01 1.492500e+02
      vertex   -3.650000e+01 7.000000e+00 1.492500e+02
      vertex   -4.150000e+01 7.000000e+00 1.492500e+02
    endloop
  endfacet
  facet normal -1.024589e-16 -7.782529e-16 -1.000000e+00
    outer loop
      vertex   -3.945000e+01 4.325000e+01 1.492500e+02
      vertex   -4.150000e+01 7.000000e+00 1.492500e+02
      vertex   -3.964411e+01 4.327556e+01 1.492500e+02
    endloop
  endfacet
  facet normal 8.628251e-16 -8.276376e-16 -1.000000e+00
    outer loop
      vertex   -3.964411e+01 4.327556e+01 1.492500e+02
      vertex   -4.150000e+01 7.000000e+00 1.492500e+02
      vertex   -4.877556e+01 3.375589e+01 1.492500e+02
    endloop
  endfacet
  facet normal 0.000000e+00 0.000000e+00 -1.000000e+00
    outer loop
      vertex   -3.964411e+01 4.327556e+01 1.492500e+02
      vertex   -4.877556e+01 3.375589e+01 1.492500e+02
      vertex   -4.875000e+01 3.395000e+01 1.492500e+02
    endloop
  endfacet
  facet normal 0.000000e+00 0.000000e+00 -1.000000e+00
    outer loop
      vertex   -4.150000e+01 -5.700000e+00 1.492500e+02
      vertex   -5.750000e+01 -5.700000e+00 1.492500e+02
      vertex   -4.150000e+01 7.000000e+00 1.492500e+02
    endloop
  endfacet
  facet normal -0.000000e+00 0.000000e+00 -1.000000e+00
    outer loop
      vertex   -4.150000e+01 7.000000e+00 1.492500e+02
      vertex   -5.750000e+01 -5.700000e+00 1.492500e+02
      vertex   -5.750000e+01 7.000000e+00 1.492500e+02
    endloop
  endfacet
  facet normal -0.000000e+00 -1.084798e-15 -1.000000e+00
    outer loop
      vertex   -4.150000e+01 7.000000e+00 1.492500e+02
      vertex   -5.750000e+01 7.000000e+00 1.492500e+02
      vertex   -4.950000e+01 3.320000e+01 1.492500e+02
    endloop
  endfacet
  facet normal -1.372971e-16 -1.042875e-15 -1.000000e+00
    outer loop
      vertex   -4.950000e+01 3.320000e+01 1.492500e+02
      vertex   -5.750000e+01 7.000000e+00 1.492500e+02
      vertex   -4.969411e+01 3.322556e+01 1.492500e+02
    endloop
  endfacet
  facet normal -3.996305e-16 -9.647933e-16 -1.000000e+00
    outer loop
      vertex   -4.969411e+01 3.322556e+01 1.492500e+02
      vertex   -5.750000e+01 7.000000e+00 1.492500e+02
      vertex   -4.987500e+01 3.330048e+01 1.492500e+02
    endloop
  endfacet
  facet normal -6.783151e-16 -8.839974e-16 -1.000000e+00
    outer loop
      vertex   -4.987500e+01 3.330048e+01 1.492500e+02
      vertex   -5.750000e+01 7.000000e+00 1.492500e+02
      vertex   -5.003033e+01 3.341967e+01 1.492500e+02
    endloop
  endfacet
  facet normal -1.024494e-15 -7.861218e-16 -1.000000e+00
    outer loop
      vertex   -5.003033e+01 3.341967e+01 1.492500e+02
      vertex   -5.750000e+01 7.000000e+00 1.492500e+02
      vertex   -5.014952e+01 3.357500e+01 1.492500e+02
    endloop
  endfacet
  facet normal -1.548175e-15 -6.412749e-16 -1.000000e+00
    outer loop
      vertex   -5.014952e+01 3.357500e+01 1.492500e+02
      vertex   -5.750000e+01 7.000000e+00 1.492500e+02
      vertex   -5.022444e+01 3.375589e+01 1.492500e+02
    endloop
  endfacet
  facet normal -1.262737e-15 -7.188922e-16 -1.000000e+00
    outer loop
      vertex   -5.022444e+01 3.375589e+01 1.492500e+02
      vertex   -5.750000e+01 7.000000e+00 1.492500e+02
      vertex   -5.564411e+01 4.327556e+01 1.492500e+02
    endloop
  endfacet
  facet normal 0.000000e+00 0.000000e+00 -1.000000e+00
    outer loop
      vertex   -5.022444e+01 3.375589e+01 1.492500e+02
      vertex   -5.564411e+01 4.327556e+01 1.492500e+02
      vertex   -5.545000e+01 4.325000e+01 1.492500e+02
    endloop
  endfacet
  facet normal 5.684342e-15 -4.625877e-16 -1.000000e+00
    outer loop
      vertex   -6.250000e+01 7.000000e+00 1.492500e+02
      vertex   -5.955000e+01 4.325000e+01 1.492500e+02
      vertex   -5.750000e+01 7.000000e+00 1.492500e+02
    endloop
  endfacet
  facet normal 1.024589e-16 -7.782529e-16 -1.000000e+00
    outer loop
      vertex   -5.750000e+01 7.000000e+00 1.492500e+02
      vertex   -5.955000e+01 4.325000e+01 1.492500e+02
      vertex   -5.935589e+01 4.327556e+01 1.492500e+02
    endloop
  endfacet
  facet normal 3.177995e-16 -7.672359e-16 -1.000000e+00
    outer loop
      vertex   -5.750000e+01 7.000000e+00 1.492500e+02
      vertex   -5.935589e+01 4.327556e+01 1.492500e+02
      vertex   -5.917500e+01 4.335048e+01 1.492500e+02
    endloop
  endfacet
  facet normal 0.000000e+00 0.000000e+00 -1.000000e+00
    outer loop
      vertex   -6.250000e+01 4.400000e+01 1.492500e+02
      vertex   -5.992500e+01 4.335048e+01 1.492500e+02
      vertex   -6.250000e+01 7.000000e+00 1.492500e+02
    endloop
  endfacet
  facet normal 0.000000e+00 0.000000e+00 -1.000000e+00
    outer loop
      vertex   -6.250000e+01 7.000000e+00 1.492500e+02
      vertex   -5.992500e+01 4.335048e+01 1.492500e+02
      vertex   -5.974411e+01 4.327556e+01 1.492500e+02
    endloop
  endfacet
  facet normal 0.000000e+00 0.000000e+00 -1.000000e+00
    outer loop
      vertex   -6.250000e+01 7.000000e+00 1.492500e+02
      vertex   -5.974411e+01 4.327556e+01 1.492500e+02
      vertex   -5.955000e+01 4.325000e+01 1.492500e+02
    endloop
  endfacet
  facet normal 0.000000e+00 0.000000e+00 -1.000000e+00
    outer loop
      vertex   -5.022444e+01 5.385589e+01 1.492500e+02
      vertex   -5.014952e+01 5.367500e+01 1.492500e+02
      vertex   -5.022444e+01 5.014412e+01 1.492500e+02
    endloop
  endfacet
  facet normal 0.000000e+00 0.000000e+00 -1.000000e+00
    outer loop
      vertex   -5.022444e+01 5.014412e+01 1.492500e+02
      vertex   -5.014952e+01 5.367500e+01 1.492500e+02
      vertex   -5.014952e+01 5.032500e+01 1.492500e+02
    endloop
  endfacet
  facet normal 0.000000e+00 0.000000e+00 -1.000000e+00
    outer loop
      vertex   -5.014952e+01 5.032500e+01 1.492500e+02
      vertex   -5.014952e+01 5.367500e+01 1.492500e+02
      vertex   -5.003033e+01 5.351967e+01 1.492500e+02
    endloop
  endfacet
  facet normal 0.000000e+00 0.000000e+00 -1.000000e+00
    outer loop
      vertex   -5.014952e+01 5.032500e+01 1.492500e+02
      vertex   -5.003033e+01 5.351967e+01 1.492500e+02
      vertex   -5.003033e+01 5.048033e+01 1.492500e+02
    endloop
  endfacet
  facet normal 0.000000e+00 0.000000e+00 -1.000000e+00
    outer loop
      vertex   -5.003033e+01 5.048033e+01 1.492500e+02
      vertex   -5.003033e+01 5.351967e+01 1.492500e+02
      vertex   -4.987500e+01 5.340048e+01 1.492500e+02
    endloop
  endfacet
  facet normal 0.000000e+00 0.000000e+00 -1.000000e+00
    outer loop
      vertex   -5.003033e+01 5.048033e+01 1.492500e+02
      vertex   -4.987500e+01 5.340048e+01 1.492500e+02
      vertex   -4.987500e+01 5.059952e+01 1.492500e+02
    endloop
  endfacet
  facet normal 0.000000e+00 0.000000e+00 -1.000000e+00
    outer loop
      vertex   -4.987500e+01 5.059952e+01 1.492500e+02
      vertex   -4.987500e+01 5.340048e+01 1.492500e+02
      vertex   -4.969411e+01 5.332556e+01 1.492500e+02
    endloop
  endfacet
  facet normal 0.000000e+00 0.000000e+00 -1.000000e+00
    outer loop
      vertex   -4.987500e+01 5.059952e+01 1.492500e+02
      vertex   -4.969411e+01 5.332556e+01 1.492500e+02
      vertex   -4.969411e+01 5.067445e+01 1.492500e+02
    endloop
  endfacet
  facet normal 0.000000e+00 0.000000e+00 -1.000000e+00
    outer loop
      vertex   -4.969411e+01 5.067445e+01 1.492500e+02
      vertex   -4.969411e+01 5.332556e+01 1.492500e+02
      vertex   -4.950000e+01 5.330000e+01 1.492500e+02
    endloop
  endfacet
  facet normal 0.000000e+00 0.000000e+00 -1.000000e+00
    outer loop
      vertex   -4.969411e+01 5.067445e+01 1.492500e+02
      vertex   -4.950000e+01 5.330000e+01 1.492500e+02
      vertex   -4.950000e+01 5.070000e+01 1.492500e+02
    endloop
  endfacet
  facet normal 0.000000e+00 0.000000e+00 -1.000000e+00
    outer loop
      vertex   -4.950000e+01 5.070000e+01 1.492500e+02
      vertex   -4.950000e+01 5.330000e+01 1.492500e+02
      vertex   -4.930589e+01 5.332556e+01 1.492500e+02
    endloop
  endfacet
  facet normal 0.000000e+00 0.000000e+00 -1.000000e+00
    outer loop
      vertex   -4.950000e+01 5.070000e+01 1.492500e+02
      vertex   -4.930589e+01 5.332556e+01 1.492500e+02
      vertex   -4.930589e+01 5.067445e+01 1.492500e+02
    endloop
  endfacet
  facet normal 0.000000e+00 0.000000e+00 -1.000000e+00
    outer loop
      vertex   -4.930589e+01 5.067445e+01 1.492500e+02
      vertex   -4.930589e+01 5.332556e+01 1.492500e+02
      vertex   -4.912500e+01 5.340048e+01 1.492500e+02
    endloop
  endfacet
  facet normal 0.000000e+00 0.000000e+00 -1.000000e+00
    outer loop
      vertex   -4.930589e+01 5.067445e+01 1.492500e+02
      vertex   -4.912500e+01 5.340048e+01 1.492500e+02
      vertex   -4.912500e+01 5.059952e+01 1.492500e+02
    endloop
  endfacet
  facet normal 0.000000e+00 0.000000e+00 -1.000000e+00
    outer loop
      vertex   -4.912500e+01 5.059952e+01 1.492500e+02
      vertex   -4.912500e+01 5.340048e+01 1.492500e+02
      vertex   -4.896967e+01 5.351967e+01 1.492500e+02
    endloop
  endfacet
  facet normal 0.000000e+00 0.000000e+00 -1.000000e+00
    outer loop
      vertex   -4.912500e+01 5.059952e+01 1.492500e+02
      vertex   -4.896967e+01 5.351967e+01 1.492500e+02
      vertex   -4.896967e+01 5.048033e+01 1.492500e+02
    endloop
  endfacet
  facet normal 0.000000e+00 0.000000e+00 -1.000000e+00
    outer loop
      vertex   -4.896967e+01 5.048033e+01 1.492500e+02
      vertex   -4.896967e+01 5.351967e+01 1.492500e+02
      vertex   -4.885048e+01 5.367500e+01 1.492500e+02
    endloop
  endfacet
  facet normal 0.000000e+00 0.000000e+00 -1.000000e+00
    outer loop
      vertex   -4.896967e+01 5.048033e+01 1.492500e+02
      vertex   -4.885048e+01 5.367500e+01 1.492500e+02
      vertex   -4.885048e+01 5.032500e+01 1.492500e+02
    endloop
  endfacet
  facet normal 0.000000e+00 0.000000e+00 -1.000000e+00
    outer loop
      vertex   -4.885048e+01 5.032500e+01 1.492500e+02
      vertex   -4.885048e+01 5.367500e+01 1.492500e+02
      vertex   -4.877556e+01 5.385589e+01 1.492500e+02
    endloop
  endfacet
  facet normal 0.000000e+00 0.000000e+00 -1.000000e+00
    outer loop
      vertex   -3.964411e+01 4.327556e+01 1.492500e+02
      vertex   -4.875000e+01 3.395000e+01 1.492500e+02
      vertex   -4.875000e+01 3.805000e+01 1.492500e+02
    endloop
  endfacet
  facet normal 0.000000e+00 -0.000000e+00 -1.000000e+00
    outer loop
      vertex   -4.875000e+01 3.805000e+01 1.492500e+02
      vertex   -4.875000e+01 3.395000e+01 1.492500e+02
      vertex   -4.877556e+01 3.414411e+01 1.492500e+02
    endloop
  endfacet
  facet normal 0.000000e+00 0.000000e+00 -1.000000e+00
    outer loop
      vertex   -4.875000e+01 3.805000e+01 1.492500e+02
      vertex   -4.877556e+01 3.414411e+01 1.492500e+02
      vertex   -4.877556e+01 3.785589e+01 1.492500e+02
    endloop
  endfacet
  facet normal 0.000000e+00 -0.000000e+00 -1.000000e+00
    outer loop
      vertex   -4.877556e+01 3.785589e+01 1.492500e+02
      vertex   -4.877556e+01 3.414411e+01 1.492500e+02
      vertex   -4.885048e+01 3.432500e+01 1.492500e+02
    endloop
  endfacet
  facet normal 0.000000e+00 0.000000e+00 -1.000000e+00
    outer loop
      vertex   -4.877556e+01 3.785589e+01 1.492500e+02
      vertex   -4.885048e+01 3.432500e+01 1.492500e+02
      vertex   -4.885048e+01 3.767500e+01 1.492500e+02
    endloop
  endfacet
  facet normal 0.000000e+00 -0.000000e+00 -1.000000e+00
    outer loop
      vertex   -4.885048e+01 3.767500e+01 1.492500e+02
      vertex   -4.885048e+01 3.432500e+01 1.492500e+02
      vertex   -4.896967e+01 3.751967e+01 1.492500e+02
    endloop
  endfacet
  facet normal 0.000000e+00 0.000000e+00 -1.000000e+00
    outer loop
      vertex   -4.896967e+01 3.751967e+01 1.492500e+02
      vertex   -4.885048e+01 3.432500e+01 1.492500e+02
      vertex   -4.896967e+01 3.448033e+01 1.492500e+02
    endloop
  endfacet
  facet normal 0.000000e+00 -0.000000e+00 -1.000000e+00
    outer loop
      vertex   -4.896967e+01 3.751967e+01 1.492500e+02
      vertex   -4.896967e+01 3.448033e+01 1.492500e+02
      vertex   -4.912500e+01 3.740048e+01 1.492500e+02
    endloop
  endfacet
  facet normal 0.000000e+00 0.000000e+00 -1.000000e+00
    outer loop
      vertex   -4.912500e+01 3.740048e+01 1.492500e+02
      vertex   -4.896967e+01 3.448033e+01 1.492500e+02
      vertex   -4.912500e+01 3.459952e+01 1.492500e+02
    endloop
  endfacet
  facet normal 0.000000e+00 -0.000000e+00 -1.000000e+00
    outer loop
      vertex   -4.912500e+01 3.740048e+01 1.492500e+02
      vertex   -4.912500e+01 3.459952e+01 1.492500e+02
      vertex   -4.930589e+01 3.732556e+01 1.492500e+02
    endloop
  endfacet
  facet normal 0.000000e+00 0.000000e+00 -1.000000e+00
    outer loop
      vertex   -4.930589e+01 3.732556e+01 1.492500e+02
      vertex   -4.912500e+01 3.459952e+01 1.492500e+02
      vertex   -4.930589e+01 3.467444e+01 1.492500e+02
    endloop
  endfacet
  facet normal 0.000000e+00 -0.000000e+00 -1.000000e+00
    outer loop
      vertex   -4.930589e+01 3.732556e+01 1.492500e+02
      vertex   -4.930589e+01 3.467444e+01 1.492500e+02
      vertex   -4.950000e+01 3.730000e+01 1.492500e+02
    endloop
  endfacet
  facet normal 0.000000e+00 0.000000e+00 -1.000000e+00
    outer loop
      vertex   -4.950000e+01 3.730000e+01 1.492500e+02
      vertex   -4.930589e+01 3.467444e+01 1.492500e+02
      vertex   -4.950000e+01 3.470000e+01 1.492500e+02
    endloop
  endfacet
  facet normal 0.000000e+00 -0.000000e+00 -1.000000e+00
    outer loop
      vertex   -4.950000e+01 3.730000e+01 1.492500e+02
      vertex   -4.950000e+01 3.470000e+01 1.492500e+02
      vertex   -4.969411e+01 3.467444e+01 1.492500e+02
    endloop
  endfacet
  facet normal -0.000000e+00 0.000000e+00 -1.000000e+00
    outer loop
      vertex   -4.950000e+01 3.730000e+01 1.492500e+02
      vertex   -4.969411e+01 3.467444e+01 1.492500e+02
      vertex   -4.969411e+01 3.732556e+01 1.492500e+02
    endloop
  endfacet
  facet normal 0.000000e+00 -0.000000e+00 -1.000000e+00
    outer loop
      vertex   -4.969411e+01 3.732556e+01 1.492500e+02
      vertex   -4.969411e+01 3.467444e+01 1.492500e+02
      vertex   -4.987500e+01 3.459952e+01 1.492500e+02
    endloop
  endfacet
  facet normal -0.000000e+00 0.000000e+00 -1.000000e+00
    outer loop
      vertex   -4.969411e+01 3.732556e+01 1.492500e+02
      vertex   -4.987500e+01 3.459952e+01 1.492500e+02
      vertex   -4.987500e+01 3.740048e+01 1.492500e+02
    endloop
  endfacet
  facet normal 0.000000e+00 -0.000000e+00 -1.000000e+00
    outer loop
      vertex   -4.987500e+01 3.740048e+01 1.492500e+02
      vertex   -4.987500e+01 3.459952e+01 1.492500e+02
      vertex   -5.003033e+01 3.448033e+01 1.492500e+02
    endloop
  endfacet
  facet normal -0.000000e+00 0.000000e+00 -1.000000e+00
    outer loop
      vertex   -4.987500e+01 3.740048e+01 1.492500e+02
      vertex   -5.003033e+01 3.448033e+01 1.492500e+02
      vertex   -5.003033e+01 3.751967e+01 1.492500e+02
    endloop
  endfacet
  facet normal 0.000000e+00 -0.000000e+00 -1.000000e+00
    outer loop
      vertex   -5.003033e+01 3.751967e+01 1.492500e+02
      vertex   -5.003033e+01 3.448033e+01 1.492500e+02
      vertex   -5.014952e+01 3.432500e+01 1.492500e+02
    endloop
  endfacet
  facet normal -0.000000e+00 0.000000e+00 -1.000000e+00
    outer loop
      vertex   -5.003033e+01 3.751967e+01 1.492500e+02
      vertex   -5.014952e+01 3.432500e+01 1.492500e+02
      vertex   -5.014952e+01 3.767500e+01 1.492500e+02
    endloop
  endfacet
  facet normal -0.000000e+00 -0.000000e+00 -1.000000e+00
    outer loop
      vertex   -5.014952e+01 3.767500e+01 1.492500e+02
      vertex   -5.014952e+01 3.432500e+01 1.492500e+02
      vertex   -5.022444e+01 3.785589e+01 1.492500e+02
    endloop
  endfacet
  facet normal 0.000000e+00 0.000000e+00 -1.000000e+00
    outer loop
      vertex   -5.022444e+01 3.785589e+01 1.492500e+02
      vertex   -5.014952e+01 3.432500e+01 1.492500e+02
      vertex   -5.022444e+01 3.414411e+01 1.492500e+02
    endloop
  endfacet
  facet normal -0.000000e+00 -0.000000e+00 -1.000000e+00
    outer loop
      vertex   -5.022444e+01 3.785589e+01 1.492500e+02
      vertex   -5.022444e+01 3.414411e+01 1.492500e+02
      vertex   -5.025000e+01 3.805000e+01 1.492500e+02
    endloop
  endfacet
  facet normal 0.000000e+00 0.000000e+00 -1.000000e+00
    outer loop
      vertex   -5.025000e+01 3.805000e+01 1.492500e+02
      vertex   -5.022444e+01 3.414411e+01 1.492500e+02
      vertex   -5.025000e+01 3.395000e+01 1.492500e+02
    endloop
  endfacet
  facet normal -0.000000e+00 -0.000000e+00 -1.000000e+00
    outer loop
      vertex   -5.025000e+01 3.805000e+01 1.492500e+02
      vertex   -5.025000e+01 3.395000e+01 1.492500e+02
      vertex   -5.491967e+01 4.346967e+01 1.492500e+02
    endloop
  endfacet
  facet normal 0.000000e+00 -0.000000e+00 -1.000000e+00
    outer loop
      vertex   -5.491967e+01 4.346967e+01 1.492500e+02
      vertex   -5.025000e+01 3.395000e+01 1.492500e+02
      vertex   -5.507500e+01 4.335048e+01 1.492500e+02
    endloop
  endfacet
  facet normal 0.000000e+00 -0.000000e+00 -1.000000e+00
    outer loop
      vertex   -5.507500e+01 4.335048e+01 1.492500e+02
      vertex   -5.025000e+01 3.395000e+01 1.492500e+02
      vertex   -5.525589e+01 4.327556e+01 1.492500e+02
    endloop
  endfacet
  facet normal 0.000000e+00 -0.000000e+00 -1.000000e+00
    outer loop
      vertex   -5.525589e+01 4.327556e+01 1.492500e+02
      vertex   -5.025000e+01 3.395000e+01 1.492500e+02
      vertex   -5.545000e+01 4.325000e+01 1.492500e+02
    endloop
  endfacet
  facet normal 0.000000e+00 0.000000e+00 -1.000000e+00
    outer loop
      vertex   -5.545000e+01 4.325000e+01 1.492500e+02
      vertex   -5.025000e+01 3.395000e+01 1.492500e+02
      vertex   -5.022444e+01 3.375589e+01 1.492500e+02
    endloop
  endfacet
  facet normal 1.372971e-16 -1.042875e-15 -1.000000e+00
    outer loop
      vertex   -4.950000e+01 3.320000e+01 1.492500e+02
      vertex   -4.930589e+01 3.322556e+01 1.492500e+02
      vertex   -4.150000e+01 7.000000e+00 1.492500e+02
    endloop
  endfacet
  facet normal 3.996305e-16 -9.647933e-16 -1.000000e+00
    outer loop
      vertex   -4.150000e+01 7.000000e+00 1.492500e+02
      vertex   -4.930589e+01 3.322556e+01 1.492500e+02
      vertex   -4.912500e+01 3.330048e+01 1.492500e+02
    endloop
  endfacet
  facet normal 6.783151e-16 -8.839974e-16 -1.000000e+00
    outer loop
      vertex   -4.150000e+01 7.000000e+00 1.492500e+02
      vertex   -4.912500e+01 3.330048e+01 1.492500e+02
      vertex   -4.896967e+01 3.341967e+01 1.492500e+02
    endloop
  endfacet
  facet normal 1.024494e-15 -7.861218e-16 -1.000000e+00
    outer loop
      vertex   -4.896967e+01 3.341967e+01 1.492500e+02
      vertex   -4.885048e+01 3.357500e+01 1.492500e+02
      vertex   -4.150000e+01 7.000000e+00 1.492500e+02
    endloop
  endfacet
  facet normal 1.548175e-15 -6.412749e-16 -1.000000e+00
    outer loop
      vertex   -4.150000e+01 7.000000e+00 1.492500e+02
      vertex   -4.885048e+01 3.357500e+01 1.492500e+02
      vertex   -4.877556e+01 3.375589e+01 1.492500e+02
    endloop
  endfacet
  facet normal 0.000000e+00 0.000000e+00 -1.000000e+00
    outer loop
      vertex   -4.282555e+01 4.419411e+01 1.492500e+02
      vertex   -4.017444e+01 4.419411e+01 1.492500e+02
      vertex   -4.280000e+01 4.400000e+01 1.492500e+02
    endloop
  endfacet
  facet normal 0.000000e+00 0.000000e+00 -1.000000e+00
    outer loop
      vertex   -4.280000e+01 4.400000e+01 1.492500e+02
      vertex   -4.017444e+01 4.419411e+01 1.492500e+02
      vertex   -4.020000e+01 4.400000e+01 1.492500e+02
    endloop
  endfacet
  facet normal 0.000000e+00 -0.000000e+00 -1.000000e+00
    outer loop
      vertex   -4.280000e+01 4.400000e+01 1.492500e+02
      vertex   -4.020000e+01 4.400000e+01 1.492500e+02
      vertex   -4.282555e+01 4.380589e+01 1.492500e+02
    endloop
  endfacet
  facet normal 0.000000e+00 0.000000e+00 -1.000000e+00
    outer loop
      vertex   -4.282555e+01 4.380589e+01 1.492500e+02
      vertex   -4.020000e+01 4.400000e+01 1.492500e+02
      vertex   -4.017444e+01 4.380589e+01 1.492500e+02
    endloop
  endfacet
  facet normal 0.000000e+00 -0.000000e+00 -1.000000e+00
    outer loop
      vertex   -4.282555e+01 4.380589e+01 1.492500e+02
      vertex   -4.017444e+01 4.380589e+01 1.492500e+02
      vertex   -4.290048e+01 4.362500e+01 1.492500e+02
    endloop
  endfacet
  facet normal 0.000000e+00 0.000000e+00 -1.000000e+00
    outer loop
      vertex   -4.290048e+01 4.362500e+01 1.492500e+02
      vertex   -4.017444e+01 4.380589e+01 1.492500e+02
      vertex   -4.009952e+01 4.362500e+01 1.492500e+02
    endloop
  endfacet
  facet normal 0.000000e+00 -0.000000e+00 -1.000000e+00
    outer loop
      vertex   -4.290048e+01 4.362500e+01 1.492500e+02
      vertex   -4.009952e+01 4.362500e+01 1.492500e+02
      vertex   -4.301967e+01 4.346967e+01 1.492500e+02
    endloop
  endfacet
  facet normal 0.000000e+00 0.000000e+00 -1.000000e+00
    outer loop
      vertex   -4.301967e+01 4.346967e+01 1.492500e+02
      vertex   -4.009952e+01 4.362500e+01 1.492500e+02
      vertex   -3.998033e+01 4.346967e+01 1.492500e+02
    endloop
  endfacet
  facet normal 0.000000e+00 -0.000000e+00 -1.000000e+00
    outer loop
      vertex   -4.301967e+01 4.346967e+01 1.492500e+02
      vertex   -3.998033e+01 4.346967e+01 1.492500e+02
      vertex   -4.317500e+01 4.335048e+01 1.492500e+02
    endloop
  endfacet
  facet normal 0.000000e+00 0.000000e+00 -1.000000e+00
    outer loop
      vertex   -4.317500e+01 4.335048e+01 1.492500e+02
      vertex   -3.998033e+01 4.346967e+01 1.492500e+02
      vertex   -3.982500e+01 4.335048e+01 1.492500e+02
    endloop
  endfacet
  facet normal 0.000000e+00 -0.000000e+00 -1.000000e+00
    outer loop
      vertex   -4.317500e+01 4.335048e+01 1.492500e+02
      vertex   -3.982500e+01 4.335048e+01 1.492500e+02
      vertex   -4.335589e+01 4.327556e+01 1.492500e+02
    endloop
  endfacet
  facet normal 0.000000e+00 0.000000e+00 -1.000000e+00
    outer loop
      vertex   -4.335589e+01 4.327556e+01 1.492500e+02
      vertex   -3.982500e+01 4.335048e+01 1.492500e+02
      vertex   -3.964411e+01 4.327556e+01 1.492500e+02
    endloop
  endfacet
  facet normal 0.000000e+00 -0.000000e+00 -1.000000e+00
    outer loop
      vertex   -4.335589e+01 4.327556e+01 1.492500e+02
      vertex   -3.964411e+01 4.327556e+01 1.492500e+02
      vertex   -4.950000e+01 3.880000e+01 1.492500e+02
    endloop
  endfacet
  facet normal 0.000000e+00 0.000000e+00 -1.000000e+00
    outer loop
      vertex   -4.950000e+01 3.880000e+01 1.492500e+02
      vertex   -3.964411e+01 4.327556e+01 1.492500e+02
      vertex   -4.930589e+01 3.877444e+01 1.492500e+02
    endloop
  endfacet
  facet normal 0.000000e+00 0.000000e+00 -1.000000e+00
    outer loop
      vertex   -4.930589e+01 3.877444e+01 1.492500e+02
      vertex   -3.964411e+01 4.327556e+01 1.492500e+02
      vertex   -4.912500e+01 3.869952e+01 1.492500e+02
    endloop
  endfacet
  facet normal 0.000000e+00 0.000000e+00 -1.000000e+00
    outer loop
      vertex   -4.912500e+01 3.869952e+01 1.492500e+02
      vertex   -3.964411e+01 4.327556e+01 1.492500e+02
      vertex   -4.896967e+01 3.858033e+01 1.492500e+02
    endloop
  endfacet
  facet normal 0.000000e+00 0.000000e+00 -1.000000e+00
    outer loop
      vertex   -4.896967e+01 3.858033e+01 1.492500e+02
      vertex   -3.964411e+01 4.327556e+01 1.492500e+02
      vertex   -4.885048e+01 3.842500e+01 1.492500e+02
    endloop
  endfacet
  facet normal 0.000000e+00 0.000000e+00 -1.000000e+00
    outer loop
      vertex   -4.885048e+01 3.842500e+01 1.492500e+02
      vertex   -3.964411e+01 4.327556e+01 1.492500e+02
      vertex   -4.877556e+01 3.824411e+01 1.492500e+02
    endloop
  endfacet
  facet normal 0.000000e+00 0.000000e+00 -1.000000e+00
    outer loop
      vertex   -4.877556e+01 3.824411e+01 1.492500e+02
      vertex   -3.964411e+01 4.327556e+01 1.492500e+02
      vertex   -4.875000e+01 3.805000e+01 1.492500e+02
    endloop
  endfacet
  facet normal 0.000000e+00 0.000000e+00 -1.000000e+00
    outer loop
      vertex   -4.017444e+01 4.419411e+01 1.492500e+02
      vertex   -4.282555e+01 4.419411e+01 1.492500e+02
      vertex   -4.009952e+01 4.437500e+01 1.492500e+02
    endloop
  endfacet
  facet normal 0.000000e+00 0.000000e+00 -1.000000e+00
    outer loop
      vertex   -4.009952e+01 4.437500e+01 1.492500e+02
      vertex   -4.282555e+01 4.419411e+01 1.492500e+02
      vertex   -4.290048e+01 4.437500e+01 1.492500e+02
    endloop
  endfacet
  facet normal 0.000000e+00 -0.000000e+00 -1.000000e+00
    outer loop
      vertex   -4.875000e+01 4.995000e+01 1.492500e+02
      vertex   -4.427444e+01 4.419411e+01 1.492500e+02
      vertex   -4.877556e+01 4.975589e+01 1.492500e+02
    endloop
  endfacet
  facet normal 0.000000e+00 0.000000e+00 -1.000000e+00
    outer loop
      vertex   -4.877556e+01 4.975589e+01 1.492500e+02
      vertex   -4.427444e+01 4.419411e+01 1.492500e+02
      vertex   -4.430000e+01 4.400000e+01 1.492500e+02
    endloop
  endfacet
  facet normal 0.000000e+00 -0.000000e+00 -1.000000e+00
    outer loop
      vertex   -4.877556e+01 4.975589e+01 1.492500e+02
      vertex   -4.430000e+01 4.400000e+01 1.492500e+02
      vertex   -4.885048e+01 4.957500e+01 1.492500e+02
    endloop
  endfacet
  facet normal 0.000000e+00 -0.000000e+00 -1.000000e+00
    outer loop
      vertex   -4.885048e+01 4.957500e+01 1.492500e+02
      vertex   -4.430000e+01 4.400000e+01 1.492500e+02
      vertex   -4.950000e+01 3.880000e+01 1.492500e+02
    endloop
  endfacet
  facet normal 0.000000e+00 0.000000e+00 -1.000000e+00
    outer loop
      vertex   -4.885048e+01 4.957500e+01 1.492500e+02
      vertex   -4.950000e+01 3.880000e+01 1.492500e+02
      vertex   -4.896967e+01 4.941967e+01 1.492500e+02
    endloop
  endfacet
  facet normal 0.000000e+00 0.000000e+00 -1.000000e+00
    outer loop
      vertex   -4.896967e+01 4.941967e+01 1.492500e+02
      vertex   -4.950000e+01 3.880000e+01 1.492500e+02
      vertex   -4.912500e+01 4.930048e+01 1.492500e+02
    endloop
  endfacet
  facet normal 0.000000e+00 0.000000e+00 -1.000000e+00
    outer loop
      vertex   -4.912500e+01 4.930048e+01 1.492500e+02
      vertex   -4.950000e+01 3.880000e+01 1.492500e+02
      vertex   -4.930589e+01 4.922556e+01 1.492500e+02
    endloop
  endfacet
  facet normal 0.000000e+00 0.000000e+00 -1.000000e+00
    outer loop
      vertex   -4.930589e+01 4.922556e+01 1.492500e+02
      vertex   -4.950000e+01 3.880000e+01 1.492500e+02
      vertex   -4.950000e+01 4.920000e+01 1.492500e+02
    endloop
  endfacet
  facet normal -0.000000e+00 -0.000000e+00 -1.000000e+00
    outer loop
      vertex   -4.950000e+01 4.920000e+01 1.492500e+02
      vertex   -4.950000e+01 3.880000e+01 1.492500e+02
      vertex   -4.969411e+01 4.922556e+01 1.492500e+02
    endloop
  endfacet
  facet normal 0.000000e+00 0.000000e+00 -1.000000e+00
    outer loop
      vertex   -4.969411e+01 4.922556e+01 1.492500e+02
      vertex   -4.950000e+01 3.880000e+01 1.492500e+02
      vertex   -4.969411e+01 3.877444e+01 1.492500e+02
    endloop
  endfacet
  facet normal -0.000000e+00 -0.000000e+00 -1.000000e+00
    outer loop
      vertex   -4.969411e+01 4.922556e+01 1.492500e+02
      vertex   -4.969411e+01 3.877444e+01 1.492500e+02
      vertex   -4.987500e+01 4.930048e+01 1.492500e+02
    endloop
  endfacet
  facet normal 0.000000e+00 0.000000e+00 -1.000000e+00
    outer loop
      vertex   -4.987500e+01 4.930048e+01 1.492500e+02
      vertex   -4.969411e+01 3.877444e+01 1.492500e+02
      vertex   -4.987500e+01 3.869952e+01 1.492500e+02
    endloop
  endfacet
  facet normal -0.000000e+00 -0.000000e+00 -1.000000e+00
    outer loop
      vertex   -4.987500e+01 4.930048e+01 1.492500e+02
      vertex   -4.987500e+01 3.869952e+01 1.492500e+02
      vertex   -5.003033e+01 4.941967e+01 1.492500e+02
    endloop
  endfacet
  facet normal 0.000000e+00 0.000000e+00 -1.000000e+00
    outer loop
      vertex   -5.003033e+01 4.941967e+01 1.492500e+02
      vertex   -4.987500e+01 3.869952e+01 1.492500e+02
      vertex   -5.003033e+01 3.858033e+01 1.492500e+02
    endloop
  endfacet
  facet normal -0.000000e+00 -0.000000e+00 -1.000000e+00
    outer loop
      vertex   -5.003033e+01 4.941967e+01 1.492500e+02
      vertex   -5.003033e+01 3.858033e+01 1.492500e+02
      vertex   -5.014952e+01 4.957500e+01 1.492500e+02
    endloop
  endfacet
  facet normal 0.000000e+00 0.000000e+00 -1.000000e+00
    outer loop
      vertex   -5.014952e+01 4.957500e+01 1.492500e+02
      vertex   -5.003033e+01 3.858033e+01 1.492500e+02
      vertex   -5.014952e+01 3.842500e+01 1.492500e+02
    endloop
  endfacet
  facet normal 0.000000e+00 -0.000000e+00 -1.000000e+00
    outer loop
      vertex   -5.014952e+01 4.957500e+01 1.492500e+02
      vertex   -5.014952e+01 3.842500e+01 1.492500e+02
      vertex   -5.470000e+01 4.400000e+01 1.492500e+02
    endloop
  endfacet
  facet normal 0.000000e+00 0.000000e+00 -1.000000e+00
    outer loop
      vertex   -5.470000e+01 4.400000e+01 1.492500e+02
      vertex   -5.014952e+01 3.842500e+01 1.492500e+02
      vertex   -5.022444e+01 3.824411e+01 1.492500e+02
    endloop
  endfacet
  facet normal 0.000000e+00 -0.000000e+00 -1.000000e+00
    outer loop
      vertex   -5.470000e+01 4.400000e+01 1.492500e+02
      vertex   -5.022444e+01 3.824411e+01 1.492500e+02
      vertex   -5.472556e+01 4.380589e+01 1.492500e+02
    endloop
  endfacet
  facet normal 0.000000e+00 0.000000e+00 -1.000000e+00
    outer loop
      vertex   -5.472556e+01 4.380589e+01 1.492500e+02
      vertex   -5.022444e+01 3.824411e+01 1.492500e+02
      vertex   -5.025000e+01 3.805000e+01 1.492500e+02
    endloop
  endfacet
  facet normal 0.000000e+00 -0.000000e+00 -1.000000e+00
    outer loop
      vertex   -5.472556e+01 4.380589e+01 1.492500e+02
      vertex   -5.025000e+01 3.805000e+01 1.492500e+02
      vertex   -5.480048e+01 4.362500e+01 1.492500e+02
    endloop
  endfacet
  facet normal 0.000000e+00 -0.000000e+00 -1.000000e+00
    outer loop
      vertex   -5.480048e+01 4.362500e+01 1.492500e+02
      vertex   -5.025000e+01 3.805000e+01 1.492500e+02
      vertex   -5.491967e+01 4.346967e+01 1.492500e+02
    endloop
  endfacet
  facet normal 0.000000e+00 -0.000000e+00 -1.000000e+00
    outer loop
      vertex   -4.430000e+01 4.400000e+01 1.492500e+02
      vertex   -4.427444e+01 4.380589e+01 1.492500e+02
      vertex   -4.950000e+01 3.880000e+01 1.492500e+02
    endloop
  endfacet
  facet normal 0.000000e+00 0.000000e+00 -1.000000e+00
    outer loop
      vertex   -4.950000e+01 3.880000e+01 1.492500e+02
      vertex   -4.427444e+01 4.380589e+01 1.492500e+02
      vertex   -4.419952e+01 4.362500e+01 1.492500e+02
    endloop
  endfacet
  facet normal 0.000000e+00 0.000000e+00 -1.000000e+00
    outer loop
      vertex   -4.950000e+01 3.880000e+01 1.492500e+02
      vertex   -4.419952e+01 4.362500e+01 1.492500e+02
      vertex   -4.408033e+01 4.346967e+01 1.492500e+02
    endloop
  endfacet
  facet normal 0.000000e+00 -0.000000e+00 -1.000000e+00
    outer loop
      vertex   -4.408033e+01 4.346967e+01 1.492500e+02
      vertex   -4.392500e+01 4.335048e+01 1.492500e+02
      vertex   -4.950000e+01 3.880000e+01 1.492500e+02
    endloop
  endfacet
  facet normal 0.000000e+00 0.000000e+00 -1.000000e+00
    outer loop
      vertex   -4.950000e+01 3.880000e+01 1.492500e+02
      vertex   -4.392500e+01 4.335048e+01 1.492500e+02
      vertex   -4.374411e+01 4.327556e+01 1.492500e+02
    endloop
  endfacet
  facet normal 0.000000e+00 0.000000e+00 -1.000000e+00
    outer loop
      vertex   -4.950000e+01 3.880000e+01 1.492500e+02
      vertex   -4.374411e+01 4.327556e+01 1.492500e+02
      vertex   -4.355000e+01 4.325000e+01 1.492500e+02
    endloop
  endfacet
  facet normal 0.000000e+00 -0.000000e+00 -1.000000e+00
    outer loop
      vertex   -4.355000e+01 4.325000e+01 1.492500e+02
      vertex   -4.335589e+01 4.327556e+01 1.492500e+02
      vertex   -4.950000e+01 3.880000e+01 1.492500e+02
    endloop
  endfacet
  facet normal -0.000000e+00 0.000000e+00 -1.000000e+00
    outer loop
      vertex   -5.014952e+01 4.957500e+01 1.492500e+02
      vertex   -5.470000e+01 4.400000e+01 1.492500e+02
      vertex   -5.022444e+01 4.975589e+01 1.492500e+02
    endloop
  endfacet
  facet normal 0.000000e+00 0.000000e+00 -1.000000e+00
    outer loop
      vertex   -5.022444e+01 4.975589e+01 1.492500e+02
      vertex   -5.470000e+01 4.400000e+01 1.492500e+02
      vertex   -5.472556e+01 4.419411e+01 1.492500e+02
    endloop
  endfacet
  facet normal -0.000000e+00 0.000000e+00 -1.000000e+00
    outer loop
      vertex   -5.022444e+01 4.975589e+01 1.492500e+02
      vertex   -5.472556e+01 4.419411e+01 1.492500e+02
      vertex   -5.025000e+01 4.995000e+01 1.492500e+02
    endloop
  endfacet
  facet normal 0.000000e+00 0.000000e+00 -1.000000e+00
    outer loop
      vertex   -5.025000e+01 4.995000e+01 1.492500e+02
      vertex   -5.472556e+01 4.419411e+01 1.492500e+02
      vertex   -5.480048e+01 4.437500e+01 1.492500e+02
    endloop
  endfacet
  facet normal 0.000000e+00 0.000000e+00 -1.000000e+00
    outer loop
      vertex   -5.890048e+01 4.437500e+01 1.492500e+02
      vertex   -5.609952e+01 4.437500e+01 1.492500e+02
      vertex   -5.882556e+01 4.419411e+01 1.492500e+02
    endloop
  endfacet
  facet normal 0.000000e+00 0.000000e+00 -1.000000e+00
    outer loop
      vertex   -5.882556e+01 4.419411e+01 1.492500e+02
      vertex   -5.609952e+01 4.437500e+01 1.492500e+02
      vertex   -5.617445e+01 4.419411e+01 1.492500e+02
    endloop
  endfacet
  facet normal 0.000000e+00 0.000000e+00 -1.000000e+00
    outer loop
      vertex   -5.882556e+01 4.419411e+01 1.492500e+02
      vertex   -5.617445e+01 4.419411e+01 1.492500e+02
      vertex   -5.880000e+01 4.400000e+01 1.492500e+02
    endloop
  endfacet
  facet normal 0.000000e+00 0.000000e+00 -1.000000e+00
    outer loop
      vertex   -5.880000e+01 4.400000e+01 1.492500e+02
      vertex   -5.617445e+01 4.419411e+01 1.492500e+02
      vertex   -5.620000e+01 4.400000e+01 1.492500e+02
    endloop
  endfacet
  facet normal 0.000000e+00 -0.000000e+00 -1.000000e+00
    outer loop
      vertex   -5.880000e+01 4.400000e+01 1.492500e+02
      vertex   -5.620000e+01 4.400000e+01 1.492500e+02
      vertex   -5.882556e+01 4.380589e+01 1.492500e+02
    endloop
  endfacet
  facet normal 0.000000e+00 0.000000e+00 -1.000000e+00
    outer loop
      vertex   -5.882556e+01 4.380589e+01 1.492500e+02
      vertex   -5.620000e+01 4.400000e+01 1.492500e+02
      vertex   -5.617445e+01 4.380589e+01 1.492500e+02
    endloop
  endfacet
  facet normal 0.000000e+00 -0.000000e+00 -1.000000e+00
    outer loop
      vertex   -5.882556e+01 4.380589e+01 1.492500e+02
      vertex   -5.617445e+01 4.380589e+01 1.492500e+02
      vertex   -5.890048e+01 4.362500e+01 1.492500e+02
    endloop
  endfacet
  facet normal 0.000000e+00 0.000000e+00 -1.000000e+00
    outer loop
      vertex   -5.890048e+01 4.362500e+01 1.492500e+02
      vertex   -5.617445e+01 4.380589e+01 1.492500e+02
      vertex   -5.609952e+01 4.362500e+01 1.492500e+02
    endloop
  endfacet
  facet normal 0.000000e+00 -0.000000e+00 -1.000000e+00
    outer loop
      vertex   -5.890048e+01 4.362500e+01 1.492500e+02
      vertex   -5.609952e+01 4.362500e+01 1.492500e+02
      vertex   -5.901967e+01 4.346967e+01 1.492500e+02
    endloop
  endfacet
  facet normal 0.000000e+00 0.000000e+00 -1.000000e+00
    outer loop
      vertex   -5.901967e+01 4.346967e+01 1.492500e+02
      vertex   -5.609952e+01 4.362500e+01 1.492500e+02
      vertex   -5.598033e+01 4.346967e+01 1.492500e+02
    endloop
  endfacet
  facet normal 0.000000e+00 -0.000000e+00 -1.000000e+00
    outer loop
      vertex   -5.901967e+01 4.346967e+01 1.492500e+02
      vertex   -5.598033e+01 4.346967e+01 1.492500e+02
      vertex   -5.917500e+01 4.335048e+01 1.492500e+02
    endloop
  endfacet
  facet normal 0.000000e+00 0.000000e+00 -1.000000e+00
    outer loop
      vertex   -5.917500e+01 4.335048e+01 1.492500e+02
      vertex   -5.598033e+01 4.346967e+01 1.492500e+02
      vertex   -5.582500e+01 4.335048e+01 1.492500e+02
    endloop
  endfacet
  facet normal 0.000000e+00 -7.818799e-16 -1.000000e+00
    outer loop
      vertex   -5.917500e+01 4.335048e+01 1.492500e+02
      vertex   -5.582500e+01 4.335048e+01 1.492500e+02
      vertex   -5.750000e+01 7.000000e+00 1.492500e+02
    endloop
  endfacet
  facet normal -3.177995e-16 -7.672359e-16 -1.000000e+00
    outer loop
      vertex   -5.750000e+01 7.000000e+00 1.492500e+02
      vertex   -5.582500e+01 4.335048e+01 1.492500e+02
      vertex   -5.564411e+01 4.327556e+01 1.492500e+02
    endloop
  endfacet
  facet normal -0.000000e+00 -0.000000e+00 -1.000000e+00
    outer loop
      vertex   -6.019952e+01 4.362500e+01 1.492500e+02
      vertex   -6.008033e+01 4.346967e+01 1.492500e+02
      vertex   -6.250000e+01 4.400000e+01 1.492500e+02
    endloop
  endfacet
  facet normal 0.000000e+00 0.000000e+00 -1.000000e+00
    outer loop
      vertex   -6.250000e+01 4.400000e+01 1.492500e+02
      vertex   -6.008033e+01 4.346967e+01 1.492500e+02
      vertex   -5.992500e+01 4.335048e+01 1.492500e+02
    endloop
  endfacet
  facet normal 0.000000e+00 0.000000e+00 1.000000e+00
    outer loop
      vertex   -3.650000e+01 4.400000e+01 1.537500e+02
      vertex   -3.655546e+01 4.280051e+01 1.537500e+02
      vertex   -3.650000e+01 7.000000e+00 1.537500e+02
    endloop
  endfacet
  facet normal 0.000000e+00 0.000000e+00 1.000000e+00
    outer loop
      vertex   -3.650000e+01 7.000000e+00 1.537500e+02
      vertex   -3.655546e+01 4.280051e+01 1.537500e+02
      vertex   -3.672135e+01 4.161126e+01 1.537500e+02
    endloop
  endfacet
  facet normal 0.000000e+00 0.000000e+00 1.000000e+00
    outer loop
      vertex   -3.650000e+01 7.000000e+00 1.537500e+02
      vertex   -3.672135e+01 4.161126e+01 1.537500e+02
      vertex   -3.699627e+01 4.044238e+01 1.537500e+02
    endloop
  endfacet
  facet normal 0.000000e+00 0.000000e+00 1.000000e+00
    outer loop
      vertex   -3.699627e+01 4.044238e+01 1.537500e+02
      vertex   -3.737786e+01 3.930386e+01 1.537500e+02
      vertex   -3.650000e+01 7.000000e+00 1.537500e+02
    endloop
  endfacet
  facet normal 0.000000e+00 0.000000e+00 1.000000e+00
    outer loop
      vertex   -3.650000e+01 7.000000e+00 1.537500e+02
      vertex   -3.737786e+01 3.930386e+01 1.537500e+02
      vertex   -3.786288e+01 3.820540e+01 1.537500e+02
    endloop
  endfacet
  facet normal 0.000000e+00 0.000000e+00 1.000000e+00
    outer loop
      vertex   -3.650000e+01 7.000000e+00 1.537500e+02
      vertex   -3.786288e+01 3.820540e+01 1.537500e+02
      vertex   -3.844718e+01 3.715638e+01 1.537500e+02
    endloop
  endfacet
  facet normal 0.000000e+00 0.000000e+00 1.000000e+00
    outer loop
      vertex   -3.844718e+01 3.715638e+01 1.537500e+02
      vertex   -3.912578e+01 3.616575e+01 1.537500e+02
      vertex   -3.650000e+01 7.000000e+00 1.537500e+02
    endloop
  endfacet
  facet normal 0.000000e+00 0.000000e+00 1.000000e+00
    outer loop
      vertex   -3.650000e+01 7.000000e+00 1.537500e+02
      vertex   -3.912578e+01 3.616575e+01 1.537500e+02
      vertex   -3.989288e+01 3.524196e+01 1.537500e+02
    endloop
  endfacet
  facet normal 0.000000e+00 0.000000e+00 1.000000e+00
    outer loop
      vertex   -3.650000e+01 7.000000e+00 1.537500e+02
      vertex   -3.989288e+01 3.524196e+01 1.537500e+02
      vertex   -4.074196e+01 3.439288e+01 1.537500e+02
    endloop
  endfacet
  facet normal 0.000000e+00 0.000000e+00 1.000000e+00
    outer loop
      vertex   -4.074196e+01 3.439288e+01 1.537500e+02
      vertex   -4.166575e+01 3.362578e+01 1.537500e+02
      vertex   -3.650000e+01 7.000000e+00 1.537500e+02
    endloop
  endfacet
  facet normal 5.684342e-15 1.102837e-15 1.000000e+00
    outer loop
      vertex   -3.650000e+01 7.000000e+00 1.537500e+02
      vertex   -4.166575e+01 3.362578e+01 1.537500e+02
      vertex   -4.150000e+01 7.000000e+00 1.537500e+02
    endloop
  endfacet
  facet normal -7.281160e-16 1.062918e-15 1.000000e+00
    outer loop
      vertex   -4.150000e+01 7.000000e+00 1.537500e+02
      vertex   -4.166575e+01 3.362578e+01 1.537500e+02
      vertex   -4.265638e+01 3.294718e+01 1.537500e+02
    endloop
  endfacet
  facet normal -5.953376e-16 1.068836e-15 1.000000e+00
    outer loop
      vertex   -4.150000e+01 7.000000e+00 1.537500e+02
      vertex   -4.265638e+01 3.294718e+01 1.537500e+02
      vertex   -4.370540e+01 3.236288e+01 1.537500e+02
    endloop
  endfacet
  facet normal -4.764998e-16 1.079169e-15 1.000000e+00
    outer loop
      vertex   -4.370540e+01 3.236288e+01 1.537500e+02
      vertex   -4.480386e+01 3.187786e+01 1.537500e+02
      vertex   -4.150000e+01 7.000000e+00 1.537500e+02
    endloop
  endfacet
  facet normal -3.665931e-16 1.093765e-15 1.000000e+00
    outer loop
      vertex   -4.150000e+01 7.000000e+00 1.537500e+02
      vertex   -4.480386e+01 3.187786e+01 1.537500e+02
      vertex   -4.594238e+01 3.149627e+01 1.537500e+02
    endloop
  endfacet
  facet normal -2.617242e-16 1.112783e-15 1.000000e+00
    outer loop
      vertex   -4.150000e+01 7.000000e+00 1.537500e+02
      vertex   -4.594238e+01 3.149627e+01 1.537500e+02
      vertex   -4.711126e+01 3.122135e+01 1.537500e+02
    endloop
  endfacet
  facet normal -1.585604e-16 1.136683e-15 1.000000e+00
    outer loop
      vertex   -4.711126e+01 3.122135e+01 1.537500e+02
      vertex   -4.830051e+01 3.105546e+01 1.537500e+02
      vertex   -4.150000e+01 7.000000e+00 1.537500e+02
    endloop
  endfacet
  facet normal -5.391967e-17 1.166265e-15 1.000000e+00
    outer loop
      vertex   -4.150000e+01 7.000000e+00 1.537500e+02
      vertex   -4.830051e+01 3.105546e+01 1.537500e+02
      vertex   -4.950000e+01 3.100000e+01 1.537500e+02
    endloop
  endfacet
  facet normal 0.000000e+00 1.184238e-15 1.000000e+00
    outer loop
      vertex   -4.150000e+01 7.000000e+00 1.537500e+02
      vertex   -4.950000e+01 3.100000e+01 1.537500e+02
      vertex   -5.750000e+01 7.000000e+00 1.537500e+02
    endloop
  endfacet
  facet normal 5.391967e-17 1.166265e-15 1.000000e+00
    outer loop
      vertex   -5.750000e+01 7.000000e+00 1.537500e+02
      vertex   -4.950000e+01 3.100000e+01 1.537500e+02
      vertex   -5.069949e+01 3.105546e+01 1.537500e+02
    endloop
  endfacet
  facet normal 1.585604e-16 1.136683e-15 1.000000e+00
    outer loop
      vertex   -5.750000e+01 7.000000e+00 1.537500e+02
      vertex   -5.069949e+01 3.105546e+01 1.537500e+02
      vertex   -5.188874e+01 3.122135e+01 1.537500e+02
    endloop
  endfacet
  facet normal 2.617242e-16 1.112783e-15 1.000000e+00
    outer loop
      vertex   -5.188874e+01 3.122135e+01 1.537500e+02
      vertex   -5.305762e+01 3.149627e+01 1.537500e+02
      vertex   -5.750000e+01 7.000000e+00 1.537500e+02
    endloop
  endfacet
  facet normal 3.665931e-16 1.093765e-15 1.000000e+00
    outer loop
      vertex   -5.750000e+01 7.000000e+00 1.537500e+02
      vertex   -5.305762e+01 3.149627e+01 1.537500e+02
      vertex   -5.419614e+01 3.187786e+01 1.537500e+02
    endloop
  endfacet
  facet normal 4.764998e-16 1.079169e-15 1.000000e+00
    outer loop
      vertex   -5.750000e+01 7.000000e+00 1.537500e+02
      vertex   -5.419614e+01 3.187786e+01 1.537500e+02
      vertex   -5.529460e+01 3.236288e+01 1.537500e+02
    endloop
  endfacet
  facet normal 5.953376e-16 1.068836e-15 1.000000e+00
    outer loop
      vertex   -5.529460e+01 3.236288e+01 1.537500e+02
      vertex   -5.634362e+01 3.294718e+01 1.537500e+02
      vertex   -5.750000e+01 7.000000e+00 1.537500e+02
    endloop
  endfacet
  facet normal 7.281160e-16 1.062918e-15 1.000000e+00
    outer loop
      vertex   -5.750000e+01 7.000000e+00 1.537500e+02
      vertex   -5.634362e+01 3.294718e+01 1.537500e+02
      vertex   -5.733425e+01 3.362578e+01 1.537500e+02
    endloop
  endfacet
  facet normal -5.684342e-15 1.102837e-15 1.000000e+00
    outer loop
      vertex   -5.750000e+01 7.000000e+00 1.537500e+02
      vertex   -5.733425e+01 3.362578e+01 1.537500e+02
      vertex   -6.250000e+01 7.000000e+00 1.537500e+02
    endloop
  endfacet
  facet normal 0.000000e+00 0.000000e+00 1.000000e+00
    outer loop
      vertex   -6.250000e+01 7.000000e+00 1.537500e+02
      vertex   -5.733425e+01 3.362578e+01 1.537500e+02
      vertex   -5.825804e+01 3.439288e+01 1.537500e+02
    endloop
  endfacet
  facet normal 0.000000e+00 0.000000e+00 1.000000e+00
    outer loop
      vertex   -6.250000e+01 7.000000e+00 1.537500e+02
      vertex   -5.825804e+01 3.439288e+01 1.537500e+02
      vertex   -5.910712e+01 3.524196e+01 1.537500e+02
    endloop
  endfacet
  facet normal 0.000000e+00 0.000000e+00 1.000000e+00
    outer loop
      vertex   -5.910712e+01 3.524196e+01 1.537500e+02
      vertex   -5.987422e+01 3.616575e+01 1.537500e+02
      vertex   -6.250000e+01 7.000000e+00 1.537500e+02
    endloop
  endfacet
  facet normal 0.000000e+00 0.000000e+00 1.000000e+00
    outer loop
      vertex   -6.250000e+01 7.000000e+00 1.537500e+02
      vertex   -5.987422e+01 3.616575e+01 1.537500e+02
      vertex   -6.055282e+01 3.715638e+01 1.537500e+02
    endloop
  endfacet
  facet normal 0.000000e+00 0.000000e+00 1.000000e+00
    outer loop
      vertex   -6.250000e+01 7.000000e+00 1.537500e+02
      vertex   -6.055282e+01 3.715638e+01 1.537500e+02
      vertex   -6.113712e+01 3.820540e+01 1.537500e+02
    endloop
  endfacet
  facet normal 0.000000e+00 0.000000e+00 1.000000e+00
    outer loop
      vertex   -6.113712e+01 3.820540e+01 1.537500e+02
      vertex   -6.162214e+01 3.930386e+01 1.537500e+02
      vertex   -6.250000e+01 7.000000e+00 1.537500e+02
    endloop
  endfacet
  facet normal 0.000000e+00 0.000000e+00 1.000000e+00
    outer loop
      vertex   -6.250000e+01 7.000000e+00 1.537500e+02
      vertex   -6.162214e+01 3.930386e+01 1.537500e+02
      vertex   -6.200373e+01 4.044238e+01 1.537500e+02
    endloop
  endfacet
  facet normal 0.000000e+00 0.000000e+00 1.000000e+00
    outer loop
      vertex   -6.250000e+01 7.000000e+00 1.537500e+02
      vertex   -6.200373e+01 4.044238e+01 1.537500e+02
      vertex   -6.227865e+01 4.161126e+01 1.537500e+02
    endloop
  endfacet
  facet normal 0.000000e+00 0.000000e+00 1.000000e+00
    outer loop
      vertex   -6.227865e+01 4.161126e+01 1.537500e+02
      vertex   -6.244454e+01 4.280051e+01 1.537500e+02
      vertex   -6.250000e+01 7.000000e+00 1.537500e+02
    endloop
  endfacet
  facet normal 0.000000e+00 0.000000e+00 1.000000e+00
    outer loop
      vertex   -6.250000e+01 7.000000e+00 1.537500e+02
      vertex   -6.244454e+01 4.280051e+01 1.537500e+02
      vertex   -6.250000e+01 4.400000e+01 1.537500e+02
    endloop
  endfacet
  facet normal 0.000000e+00 0.000000e+00 1.000000e+00
    outer loop
      vertex   -5.750000e+01 -5.700000e+00 1.537500e+02
      vertex   -4.150000e+01 -5.700000e+00 1.537500e+02
      vertex   -5.750000e+01 7.000000e+00 1.537500e+02
    endloop
  endfacet
  facet normal -0.000000e+00 0.000000e+00 1.000000e+00
    outer loop
      vertex   -5.750000e+01 7.000000e+00 1.537500e+02
      vertex   -4.150000e+01 -5.700000e+00 1.537500e+02
      vertex   -4.150000e+01 7.000000e+00 1.537500e+02
    endloop
  endfacet
endsolid
